2pnw , A , 2 , 49.30   , 44.44   54.24   , 53.53   50.85   36.23   , 53.79   39.29   53.09   45.45  
3ku3 , A , 2 , 55.18   , 53.47   55.95   , 55.29   54.90   55.14   , 59.00   54.17   53.00   53.75  
1exn , A , 2 , 49.44   , 50.00   49.10   , 31.25   52.27   57.39   , 30.00   53.42   58.14   48.28  
1chk , A , 2 , 49.16   , 49.32   48.91   , 48.05   49.46   50.00   , 46.94   50.00   50.55   48.08  
1bdf , A , 2 , 46.02   , 41.13   51.96   , 50.67   37.80   50.72   , 35.00   47.83   56.14   46.03  
3ca8 , A , 2 , 51.50   , 53.12   49.06   , 50.62   46.81   57.14   , 49.21   57.38   48.61   51.43  
1rkq , A , 2 , 57.20   , 58.47   56.21   , 53.54   57.28   62.32   , 53.85   53.12   65.15   57.89  
1cyy , A , 2 , 47.01   , 48.95   44.44   , 45.63   48.65   47.30   , 45.61   50.00   47.95   43.14  
1zym , A , 2 , 46.15   , 51.67   40.94   , 42.11   52.53   41.67   , 41.79   55.26   41.54   43.59  
3cwc , A , 2 , 53.87   , 55.88   51.27   , 58.95   52.67   51.47   , 58.95   43.86   51.47   59.46  
2i7d , A , 2 , 49.22   , 44.59   52.10   , 43.64   44.30   61.02   , 42.86   60.00   48.89   43.14  
1vk1 , A , 2 , 48.43   , 46.22   50.96   , 43.08   51.04   50.00   , 44.44   51.61   43.75   53.85  
1hxp , A , 2 , 57.65   , 59.54   55.69   , 51.72   60.55   60.87   , 58.54   56.92   65.12   51.40  
1gvk , B , 2 , 54.30   , 52.38   56.15   , 55.88   51.16   55.88   , 57.81   50.00   56.25   53.85  
2rdz , A , 2 , 53.05   , 49.08   59.30   , 47.59   61.39   49.58   , 42.59   51.35   56.90   61.11  
2cx0 , A , 2 , 47.51   , 48.24   46.88   , 46.15   47.37   48.72   , 44.83   52.38   48.89   44.44  
3s46 , A , 2 , 62.57   , 65.19   60.58   , 62.02   59.46   65.87   , 57.33   65.09   70.21   56.04  
1wte , B , 2 , 51.47   , 51.72   51.02   , 55.56   51.76   48.11   , 54.55   51.76   46.43   51.85  
1a3g , A , 2 , 56.61   , 61.69   51.06   , 64.18   44.59   55.17   , 54.05   66.67   46.15   55.00  
1fn9 , A , 2 , 56.44   , 52.87   59.13   , 59.32   53.33   56.69   , 56.10   65.82   54.10   51.22  
1x3l , A , 2 , 53.90   , 55.06   52.38   , 51.60   51.96   58.22   , 57.53   51.96   53.19   51.06  
2bmo , A , 2 , 61.19   , 64.97   53.55   , 63.89   65.14   50.88   , 51.30   64.90   59.63   69.15  
1bx4 , A , 2 , 54.97   , 58.85   48.87   , 61.83   53.91   45.78   , 52.17   47.54   51.76   64.42  
3don , A , 2 , 50.57   , 47.06   54.26   , 48.53   52.94   48.72   , 56.92   50.00   46.88   48.39  
1d2h , A , 2 , 48.02   , 43.70   51.88   , 50.53   54.05   28.26   , 51.61   52.70   54.22   15.15  
2wnp , F , 2 , 50.85   , 50.96   50.77   , 50.00   51.19   51.22   , 51.11   50.00   50.79   51.67  
3e2o , A , 2 , 56.46   , 52.71   59.39   , 53.98   56.18   59.78   , 58.21   57.47   52.31   57.33  
2phn , A , 2 , 60.07   , 59.49   60.87   , 44.00   61.90   65.25   , 65.45   53.33   69.64   44.68  
1tfe , A , 2 , 36.62   , 20.45   43.88   , 44.07   40.91   20.51   , 45.45   18.18   41.67   40.00  
1qlm , A , 2 , 56.96   , 59.87   54.27   , 60.77   52.44   55.77   , 52.00   60.00   54.65   61.43  
1xvi , A , 2 , 47.06   , 47.12   47.01   , 50.56   39.47   50.68   , 47.06   47.62   50.67   40.82  
3h9v , A , 2 , 40.12   , 36.55   42.93   , 46.36   38.14   30.86   , 24.56   38.46   44.19   46.30  
1j7x , A , 2 , 48.66   , 50.79   44.95   , 55.43   45.95   45.26   , 40.32   43.53   53.42   56.41  
1eyq , A , 2 , 54.72   , 55.06   54.47   , 53.66   65.57   46.38   , 48.28   44.23   62.75   64.71  
1wer , A , 2 , 43.52   , 48.00   38.26   , 52.63   32.69   44.34   , 52.48   32.69   43.75   47.27  
1dc1 , A , 2 , 52.58   , 52.56   52.63   , 50.00   52.63   55.34   , 51.28   53.41   47.95   57.75  
2aua , A , 2 , 43.07   , 41.18   46.97   , 41.38   38.71   47.56   , 38.10   34.09   59.65   37.29  
2dkj , A , 2 , 65.92   , 58.86   71.37   , 60.81   75.74   61.02   , 60.71   59.82   67.82   78.02  
1duw , A , 2 , 26.99   , 29.75   23.66   , 18.18   31.16   27.06   , 35.14   18.18   25.76   27.71  
2oez , A , 2 , 44.53   , 50.00   40.14   , 51.52   37.78   43.42   , 44.05   55.71   47.06   23.26  
1cip , A , 2 , 51.58   , 54.82   46.22   , 58.47   48.81   46.49   , 50.00   47.69   49.37   58.54  
1rku , A , 2 , 53.40   , 58.82   45.98   , 59.42   45.00   57.89   , 48.94   36.07   73.47   59.18  
1fs0 , G , 2 , 54.34   , 51.89   56.64   , 46.91   50.00   64.29   , 71.43   47.06   36.17   54.90  
1cjc , A , 2 , 54.07   , 55.86   52.36   , 56.80   50.27   56.44   , 58.95   56.55   56.38   42.86  
3hbu , P , 2 , 53.35   , 54.55   51.60   , 49.38   47.79   61.68   , 60.68   57.63   45.45   49.15  
3prc , C , 2 , 57.36   , 43.45   68.09   , 67.86   44.44   63.41   , 68.75   45.87   56.47   62.79  
3feg , A , 2 , 45.56   , 36.59   50.21   , 54.35   35.59   45.19   , 48.42   38.75   45.63   48.78  
2p62 , A , 2 , 56.43   , 51.54   62.16   , 48.98   57.75   65.28   , 48.28   66.15   61.67   48.28  
2e6f , A , 2 , 62.18   , 61.54   62.64   , 65.00   63.89   58.87   , 58.43   62.12   64.38   64.29  
1xqs , C , 2 , 49.09   , 60.26   39.08   , 37.93   49.18   63.04   , 57.14   33.33   62.79   44.44  
2xn6 , A , 2 , 56.16   , 59.38   52.23   , 54.37   48.76   64.80   , 55.42   61.96   57.28   47.89  
1ewf , A , 2 , 47.26   , 49.81   44.19   , 50.97   45.99   42.75   , 44.86   52.41   44.26   46.00  
1br9 , A , 2 , 37.91   , 37.11   38.82   , 38.75   42.86   28.21   , 30.00   41.79   24.24   46.15  
3gyx , A , 2 , 72.51   , 70.85   74.29   , 70.11   70.45   76.35   , 71.07   74.44   68.15   75.00  
1ryi , A , 2 , 55.62   , 56.04   55.06   , 53.28   55.26   58.14   , 55.29   53.15   53.09   61.36  
1wqg , A , 2 , 41.30   , 37.50   43.75   , 43.06   36.21   44.44   , 41.82   33.33   42.86   45.83  
1k3e , A , 2 , 28.37   , 35.00   12.20   , 12.20   40.98   25.64   , 19.35   12.20   47.37   35.48  
1b37 , A , 2 , 61.22   , 62.60   59.62   , 60.00   66.10   58.97   , 69.00   60.87   59.57   56.69  
1xub , A , 2 , 50.34   , 48.34   52.52   , 50.76   52.11   48.28   , 49.21   46.48   48.81   56.94  
2pqc , A , 2 , 57.75   , 58.64   56.89   , 63.21   57.58   53.90   , 63.30   54.39   55.22   59.09  
2ewj , A , 2 , 38.03   , 43.98   23.60   , 46.27   25.30   37.50   , 42.47   29.58   29.58   47.78  
1poi , A , 2 , 65.62   , 68.85   63.59   , 68.27   68.97   61.11   , 64.04   71.11   55.93   68.35  
3bqw , A , 2 , 46.40   , 39.44   51.22   , 48.82   38.14   50.41   , 44.29   40.45   48.91   51.04  
3bu2 , A , 2 , 48.15   , 52.89   39.71   , 40.91   50.00   53.73   , 48.08   42.86   55.88   39.58  
3n81 , G , 2 , 67.99   , 63.32   71.90   , 65.91   59.15   79.14   , 69.63   55.96   78.72   68.48  
1uun , A , 2 , 40.76   , 16.28   48.23   , 53.75   19.44   36.76   , 18.75   46.15   30.95   55.17  
2vsg , A , 2 , 58.38   , 54.27   61.86   , 61.39   53.42   62.16   , 62.16   57.95   47.46   61.00  
1ii7 , A , 2 , 52.85   , 58.87   39.22   , 51.56   64.10   39.77   , 51.22   40.48   62.63   55.88  
1eqf , A , 2 , 0.00   , 0.00   0.00   , 0.00   0.00   0.00   , 0.00   0.00   0.00   0.00  
1n4w , A , 2 , 57.54   , 57.41   57.65   , 59.46   57.78   54.48   , 55.65   58.78   53.50   62.88  
3agf , A , 2 , 61.87   , 59.71   63.75   , 64.49   58.97   62.67   , 60.00   61.80   62.12   63.77  
1ocy , A , 2 , 15.66   , 3.16   27.18   , 7.55   1.54   32.50   , 0.00   32.50   7.69   3.57  
3b8m , C , 2 , 41.18   , 42.59   38.71   , 43.48   37.68   41.88   , 38.10   38.71   42.62   44.93  
1x7d , B , 2 , 64.35   , 66.94   62.86   , 60.61   69.05   65.22   , 63.64   70.64   60.00   57.58  
1vin , A , 2 , 54.37   , 54.03   54.69   , 50.79   55.08   56.34   , 54.29   52.38   53.97   57.14  
3im9 , A , 2 , 54.31   , 46.73   58.25   , 60.71   52.94   48.48   , 63.64   57.14   52.11   44.44  
2bf6 , A , 2 , 57.91   , 53.30   61.05   , 58.22   60.61   54.35   , 50.00   58.33   59.68   63.72  
2z37 , A , 2 , 53.20   , 55.70   49.50   , 50.68   43.66   61.32   , 58.33   45.59   62.07   48.44  
1z0s , A , 2 , 62.25   , 71.77   52.80   , 51.61   65.85   71.62   , 51.81   61.67   71.74   70.00  
1ytb , A , 2 , 40.56   , 41.57   39.56   , 39.47   43.64   38.78   , 41.30   36.73   41.86   42.86  
1q7e , A , 2 , 41.16   , 47.46   32.77   , 47.60   35.40   33.70   , 48.00   37.96   42.39   34.09  
1m1h , A , 2 , 38.46   , 39.22   37.50   , 39.68   38.57   36.73   , 38.71   40.54   34.15   40.48  
1l5o , A , 2 , 56.36   , 63.43   44.62   , 34.33   61.31   61.97   , 64.22   33.33   56.96   62.11  
1kgd , A , 2 , 44.75   , 42.05   47.31   , 52.00   35.19   44.23   , 48.08   37.21   50.00   44.23  
2vqe , D , 2 , 44.71   , 47.37   42.48   , 31.25   47.19   50.70   , 33.33   49.32   45.45   47.83  
1ra0 , A , 2 , 55.56   , 62.45   44.44   , 42.67   61.54   63.85   , 58.70   42.22   58.76   67.68  
3c8c , B , 2 , 47.17   , 48.09   46.27   , 48.35   47.06   45.45   , 41.67   46.99   53.62   45.28  
1xqo , A , 2 , 52.36   , 52.07   52.63   , 58.33   49.44   50.54   , 50.85   54.84   50.00   54.72  
3f6y , A , 2 , 47.66   , 47.46   47.86   , 50.00   44.44   48.15   , 44.44   40.38   50.88   53.97  
2wr1 , C , 2 , 56.70   , 54.20   60.30   , 58.16   54.01   58.60   , 68.09   55.49   54.63   51.26  
2pif , A , 2 , 52.46   , 56.08   46.88   , 47.19   64.84   42.19   , 57.89   47.56   43.10   65.96  
2dpm , A , 2 , 45.35   , 40.87   48.95   , 44.12   50.56   41.58   , 37.74   56.90   38.16   49.30  
1i2a , A , 2 , 43.87   , 45.05   42.98   , 45.95   45.56   37.50   , 50.94   47.14   37.50   36.59  
1s2o , A , 2 , 49.59   , 41.76   54.25   , 56.96   40.26   51.14   , 58.62   38.46   46.55   55.56  
1r1h , A , 2 , 57.18   , 61.21   53.16   , 55.65   62.42   49.33   , 61.62   49.64   57.78   57.82  
1v33 , A , 2 , 53.76   , 55.02   51.82   , 52.25   54.78   54.17   , 65.85   52.56   47.25   50.53  
2aj2 , A , 2 , 41.34   , 46.15   36.36   , 26.47   46.25   43.08   , 57.14   42.22   19.35   32.50  
1r0m , A , 2 , 61.11   , 60.00   62.00   , 58.27   63.21   62.20   , 59.14   67.47   57.50   60.58  
1n7u , A , 2 , 47.65   , 39.37   53.15   , 46.41   32.26   53.57   , 54.59   44.20   51.45   30.49  
2c7p , A , 2 , 53.50   , 50.75   55.38   , 52.68   52.34   56.18   , 59.09   49.38   50.00   57.32  
3jr3 , A , 2 , 53.78   , 58.33   46.81   , 62.67   47.78   52.05   , 54.55   45.95   59.57   58.06  
2p1g , A , 2 , 53.71   , 56.80   50.00   , 59.76   47.22   53.33   , 61.33   49.02   53.49   48.33  
1w5r , A , 2 , 54.95   , 54.38   55.75   , 56.04   60.61   46.99   , 55.00   46.48   58.33   60.81  
2aaf , B , 2 , 62.99   , 59.04   65.70   , 59.03   64.34   66.12   , 63.64   56.44   63.81   68.48  
1rlh , A , 2 , 37.75   , 27.42   44.94   , 25.81   50.65   23.26   , 50.00   24.00   39.53   25.81  
2i71 , A , 2 , 56.28   , 56.47   56.12   , 51.55   54.73   61.98   , 52.70   63.55   55.56   51.58  
2jhf , A , 2 , 58.42   , 62.57   55.20   , 48.76   66.44   58.40   , 48.35   63.33   66.67   50.00  
1al6 , A , 2 , 49.66   , 42.44   54.37   , 35.42   50.41   61.31   , 51.30   55.07   3.85   60.77  
1eqj , A , 2 , 63.39   , 61.97   64.60   , 62.74   63.64   64.17   , 61.34   62.26   68.60   61.47  
2o2k , A , 2 , 10.32   , 8.13   13.85   , 9.89   15.04   6.67   , 6.80   10.53   14.47   10.71  
1x1o , B , 2 , 61.96   , 61.19   62.68   , 66.29   58.95   60.87   , 69.35   62.82   57.14   59.09  
1vaj , A , 2 , 48.76   , 41.77   53.28   , 45.31   58.06   44.00   , 55.77   48.72   44.44   47.37  
2glf , A , 2 , 60.64   , 61.69   58.45   , 59.57   64.71   57.34   , 49.38   62.24   59.56   71.43  
3pfg , A , 2 , 48.76   , 54.49   38.37   , 46.05   39.73   58.06   , 36.67   47.37   58.33   52.31  
1emu , A , 2 , 44.12   , 43.86   44.30   , 38.24   40.38   52.00   , 39.47   57.14   42.86   40.00  
2psp , A , 2 , 41.90   , 44.44   39.22   , 45.45   41.03   39.39   , 39.39   35.29   45.45   45.45  
3iac , A , 2 , 64.74   , 67.06   62.04   , 59.64   77.21   59.64   , 78.99   53.75   63.78   59.86  
3ktl , A , 2 , 48.42   , 50.83   45.54   , 47.50   58.33   35.09   , 44.68   56.90   30.19   58.73  
1msk , A , 2 , 11.31   , 20.86   4.26   , 6.09   21.77   3.41   , 4.55   8.82   3.66   26.97  
1q33 , A , 2 , 45.70   , 47.06   44.52   , 47.66   52.88   28.81   , 45.83   28.81   46.27   55.91  
2hun , A , 2 , 59.27   , 66.35   47.11   , 63.21   48.94   63.57   , 62.34   46.32   67.06   63.89  
1hbn , B , 2 , 74.66   , 80.21   64.78   , 87.18   65.71   69.86   , 66.67   73.86   89.72   70.87  
1qhd , A , 2 , 51.13   , 48.90   53.02   , 53.28   48.91   51.22   , 53.68   46.43   47.12   56.14  
1qr0 , A , 2 , 40.79   , 45.83   35.19   , 46.02   42.86   26.92   , 44.87   38.18   3.57   53.73  
1r8j , A , 2 , 53.31   , 53.16   53.51   , 42.11   53.21   64.41   , 65.52   48.72   56.96   42.11  
1vq8 , W , 2 , 43.51   , 41.67   44.68   , 45.83   41.38   43.75   , 42.86   40.00   54.55   38.24  
1inp , A , 3 , 50.25   , 52.50   48.00   , 50.76   44.59   56.67   , 40.62   55.56   49.52   54.88  
1l1l , A , 3 , 58.72   , 58.66   58.75   , 54.37   58.33   63.71   , 62.44   58.18   45.45   65.48  
1fa0 , A , 3 , 51.08   , 52.47   48.65   , 55.67   45.68   50.98   , 55.09   40.96   51.30   52.38  
1fcd , A , 3 , 60.10   , 57.51   62.50   , 56.21   66.98   59.52   , 62.65   60.40   66.02   52.63  
1ddg , A , 3 , 52.38   , 54.87   48.68   , 49.57   52.82   54.62   , 53.33   53.85   50.43   52.63  
1pmi , A , 3 , 55.23   , 57.26   52.91   , 54.22   50.74   60.87   , 54.04   55.66   63.64   50.00  
1w27 , A , 3 , 60.23   , 62.50   57.75   , 40.15   61.41   69.69   , 42.71   72.13   59.26   58.68  
1yqy , A , 3 , 50.00   , 50.87   49.30   , 55.15   53.70   32.69   , 34.58   50.00   53.76   58.47  
2ptr , B , 3 , 56.14   , 63.24   47.29   , 59.78   43.24   60.87   , 55.48   42.86   46.02   75.00  
3bl9 , B , 3 , 52.25   , 55.00   50.79   , 56.12   48.31   51.96   , 49.43   57.14   53.45   51.96  
1jet , A , 3 , 59.57   , 60.14   58.90   , 60.43   60.12   57.96   , 58.78   62.50   58.33   58.65  
3kfl , A , 3 , 55.51   , 55.61   55.45   , 58.85   54.30   53.12   , 48.33   55.07   57.26   60.13  
2op9 , A , 3 , 53.97   , 54.29   53.54   , 51.38   46.24   64.00   , 46.05   50.46   60.34   64.41  
2ala , A , 3 , 41.15   , 41.12   41.18   , 40.66   36.25   45.08   , 45.10   43.22   34.29   39.36  
2q0u , A , 3 , 53.39   , 52.51   54.29   , 53.95   58.88   46.32   , 54.55   59.63   46.81   51.76  
1kl7 , A , 3 , 60.04   , 52.58   64.72   , 51.92   66.47   61.02   , 64.41   49.60   67.11   57.41  
1fzc , B , 3 , 57.79   , 60.47   44.00   , 64.75   55.78   43.59   , 56.76   44.44   66.04   53.47  
1k97 , A , 3 , 46.76   , 52.53   40.93   , 52.86   50.57   6.25   , 50.00   51.20   53.74   6.25  
1aip , C , 3 , 49.74   , 50.54   49.02   , 43.40   31.71   60.40   , 47.62   30.77   58.33   55.56  
1a1v , A , 3 , 47.79   , 48.59   47.39   , 41.04   48.55   52.87   , 63.41   43.69   41.67   47.32  
1tke , A , 3 , 50.45   , 51.49   48.89   , 54.55   48.48   47.14   , 58.46   46.67   45.28   50.00  
1u09 , A , 3 , 50.21   , 45.69   53.41   , 57.56   48.90   41.80   , 52.63   45.79   40.35   59.57  
1io1 , A , 3 , 37.72   , 39.74   34.94   , 37.14   34.26   40.11   , 34.18   38.94   33.33   42.99  
2g50 , A , 3 , 63.00   , 67.21   57.68   , 69.43   64.39   47.32   , 66.67   74.59   60.98   47.46  
3bh1 , A , 3 , 54.77   , 55.52   53.69   , 60.13   51.32   53.19   , 54.37   52.74   58.27   53.85  
2dsj , A , 3 , 57.21   , 56.25   57.79   , 62.75   51.39   57.14   , 58.16   60.36   57.73   52.99  
1nuh , A , 3 , 52.43   , 55.12   49.63   , 64.25   46.54   45.81   , 46.79   56.55   64.84   10.20  
3moh , A , 3 , 59.61   , 58.25   60.98   , 62.07   52.99   61.01   , 58.72   62.15   63.01   52.94  
3g4n , A , 3 , 49.44   , 55.12   37.67   , 55.50   37.58   54.88   , 44.23   54.32   57.49   37.11  
1p9b , A , 3 , 56.37   , 58.45   54.15   , 63.78   46.15   57.78   , 48.51   56.19   53.00   66.10  
3eb7 , C , 3 , 59.08   , 60.50   56.83   , 61.46   58.05   57.54   , 57.80   51.79   57.06   70.08  
1c4z , A , 3 , 52.00   , 51.67   52.48   , 46.67   58.11   48.45   , 48.61   47.17   58.51   53.85  
1vpr , A , 3 , 17.15   , 9.68   23.28   , 27.36   15.18   10.32   , 23.75   9.26   13.41   25.68  
1oip , A , 3 , 52.19   , 52.32   52.00   , 57.47   50.00   48.68   , 56.92   49.25   57.14   46.03  
1fc9 , A , 3 , 49.74   , 54.92   44.56   , 45.63   56.50   42.45   , 46.15   56.44   55.43   41.18  
1wet , A , 3 , 50.59   , 56.91   42.67   , 57.53   23.64   54.01   , 63.41   50.93   24.07   54.26  
1y8a , A , 3 , 56.48   , 58.89   53.47   , 59.81   52.07   58.33   , 53.68   58.82   58.11   55.71  
1knr , A , 3 , 59.36   , 58.80   59.86   , 57.98   59.39   60.80   , 58.18   59.31   57.72   62.40  
2bxr , A , 3 , 59.55   , 55.80   63.35   , 61.90   54.00   62.72   , 63.87   63.22   60.16   51.35  
3ckc , A , 3 , 61.60   , 60.46   62.87   , 66.67   62.78   56.07   , 68.22   64.86   57.60   55.83  
1lfw , A , 3 , 56.20   , 51.55   59.49   , 60.92   55.26   47.41   , 58.78   48.11   57.14   59.40  
1bob , A , 3 , 47.06   , 45.03   49.03   , 55.37   41.00   42.35   , 35.71   52.75   41.18   52.75  
1vq8 , B , 3 , 43.03   , 48.50   22.54   , 50.70   46.34   22.22   , 55.00   22.06   44.12   44.55  
2o36 , A , 3 , 52.14   , 53.19   51.08   , 49.78   51.20   55.41   , 55.66   55.71   48.78   46.51  
1p49 , A , 3 , 57.66   , 64.74   43.78   , 36.36   60.69   67.08   , 60.48   60.71   63.80   18.00  
2jkb , A , 3 , 57.62   , 52.67   60.31   , 54.63   62.87   53.77   , 50.83   60.77   54.59   61.73  
1sx3 , A , 3 , 54.29   , 50.00   58.43   , 44.96   62.44   51.37   , 53.49   51.11   63.71   48.91  
2g8y , B , 3 , 56.78   , 52.22   62.91   , 58.62   60.18   52.00   , 51.52   54.84   48.00   71.58  
1m1g , D , 3 , 37.24   , 38.12   34.48   , 37.18   39.22   33.90   , 30.43   37.50   35.71   43.08  
2d5b , A , 3 , 54.40   , 54.83   53.81   , 54.17   49.26   58.72   , 60.87   51.85   47.71   55.93  
1ile , A , 3 , 56.88   , 57.93   55.70   , 59.33   53.65   56.29   , 61.36   53.37   48.82   61.34  
3ci0 , K , 3 , 57.50   , 56.90   58.49   , 50.60   60.87   60.00   , 60.19   58.00   61.40   49.23  
1vio , A , 3 , 50.43   , 50.49   50.39   , 48.44   49.33   52.75   , 50.70   47.46   54.00   50.00  
1el6 , A , 3 , 54.81   , 44.90   63.64   , 55.56   47.06   69.23   , 54.00   54.24   69.23   40.43  
1cii , A , 3 , 37.04   , 27.22   41.23   , 44.92   29.93   20.72   , 30.08   44.60   37.14   21.84  
1d5t , A , 3 , 55.20   , 56.47   53.73   , 49.62   54.43   61.27   , 62.00   47.75   54.61   58.57  
3fdj , A , 3 , 50.91   , 50.45   51.22   , 45.68   50.52   55.67   , 50.53   55.88   51.67   44.23  
1w7c , A , 3 , 52.60   , 47.43   57.11   , 62.85   44.91   50.70   , 63.26   37.97   54.22   51.42  
1b8x , A , 3 , 41.15   , 21.74   51.79   , 47.31   55.67   12.86   , 49.30   0.00   49.40   46.27  
1nlt , A , 3 , 36.40   , 39.50   33.03   , 38.16   45.59   27.38   , 43.66   39.68   33.96   21.95  
1ltl , A , 3 , 42.68   , 38.06   48.57   , 34.00   48.51   40.91   , 35.56   48.94   34.00   46.00  
2im9 , A , 3 , 52.77   , 50.59   55.47   , 55.56   44.05   56.52   , 48.39   56.84   42.59   57.29  
1goi , A , 3 , 59.15   , 62.01   51.80   , 60.22   63.18   50.00   , 62.30   51.43   58.33   63.04  
1zja , A , 3 , 59.33   , 56.42   61.74   , 65.52   57.89   55.14   , 54.29   62.07   55.03   66.42  
1t11 , A , 3 , 41.76   , 40.93   43.17   , 39.45   42.52   42.86   , 40.80   39.66   47.06   39.81  
2axq , A , 3 , 51.91   , 53.05   50.00   , 52.24   49.66   53.61   , 46.81   56.44   55.26   46.94  
2i00 , A , 3 , 61.46   , 60.87   62.28   , 65.00   59.23   59.84   , 54.26   54.26   62.07   75.27  
1wp9 , B , 3 , 55.77   , 51.49   61.24   , 48.51   60.61   55.86   , 55.10   64.89   48.00   57.66  
2qee , A , 3 , 65.88   , 68.46   62.43   , 67.16   60.13   71.54   , 78.89   65.87   64.65   56.07  
3ml1 , A , 4 , 68.56   , 70.00   67.09   , 68.47   71.29   66.54   , 65.35   72.16   67.30   70.29  
2eat , A , 4 , 50.80   , 54.50   45.43   , 55.71   46.15   50.55   , 55.20   52.48   51.74   45.76  
3osn , A , 4 , 44.94   , 47.09   42.46   , 47.16   40.18   46.39   , 40.18   51.61   44.58   40.91  
1k4t , A , 4 , 41.13   , 37.33   43.66   , 48.95   37.73   30.84   , 33.04   39.06   50.00   37.78  
2r6g , F , 4 , 50.41   , 41.67   54.97   , 62.56   38.85   44.59   , 62.63   38.89   52.46   31.43  
1zjk , A , 4 , 45.13   , 50.00   34.17   , 35.06   30.88   52.24   , 36.36   30.30   54.74   47.11  
1svb , A , 4 , 45.82   , 39.18   50.89   , 44.80   51.38   35.96   , 36.84   53.57   41.51   48.51  
1qtm , A , 4 , 53.99   , 47.67   59.79   , 40.50   56.99   58.67   , 54.43   60.87   57.24   37.36  
1g8l , A , 4 , 51.36   , 43.10   54.70   , 56.52   44.54   50.00   , 59.56   47.37   42.86   51.00  
1sh0 , A , 4 , 51.39   , 44.68   55.41   , 49.71   44.97   58.33   , 43.20   53.15   58.75   48.11  
3ju4 , A , 4 , 43.85   , 53.12   5.71   , 55.65   47.27   6.02   , 45.12   5.67   40.52   62.71  
2qts , A , 4 , 58.03   , 63.47   36.14   , 60.77   35.82   63.91   , 71.88   36.51   58.87   52.94  
1pfo , A , 4 , 45.65   , 39.67   49.48   , 40.57   47.72   46.43   , 42.16   48.62   46.79   45.03  
2x8g , A , 4 , 49.83   , 47.77   52.59   , 48.50   52.65   46.85   , 56.44   48.86   47.06   45.13  
1xfx , A , 4 , 47.89   , 42.54   50.30   , 48.04   51.68   42.36   , 47.33   46.67   43.11   54.87  
3i33 , A , 4 , 54.55   , 58.74   49.72   , 43.33   58.49   57.35   , 56.00   57.76   61.18   41.67  
1dq3 , A , 4 , 53.52   , 56.64   48.21   , 57.53   53.19   50.30   , 61.48   49.57   39.74   57.66  
1yq3 , A , 4 , 67.59   , 66.15   69.20   , 68.22   69.79   63.64   , 76.39   65.56   61.81   67.12  
1jmu , B , 4 , 69.57   , 65.45   72.97   , 63.25   72.86   74.29   , 66.67   72.59   57.78   74.85  
2hau , A , 4 , 53.07   , 54.11   51.91   , 52.87   52.13   54.55   , 54.55   54.72   54.07   49.12  
1nyr , A , 4 , 52.96   , 44.21   57.95   , 60.80   53.12   44.40   , 63.09   47.89   53.75   36.45  
2p3y , A , 4 , 60.63   , 63.30   58.08   , 58.02   61.99   62.28   , 73.11   56.46   58.74   44.74  
1ygy , B , 4 , 52.37   , 46.67   56.15   , 59.24   47.55   50.36   , 53.38   59.34   50.38   38.27  
1q2l , A , 4 , 54.96   , 56.48   53.27   , 53.81   58.96   52.96   , 58.87   51.93   54.63   54.15  
3gvj , A , 4 , 44.13   , 53.65   5.11   , 54.86   5.34   50.23   , 45.13   5.07   42.77   63.19  
2e28 , A , 4 , 53.83   , 56.44   49.55   , 60.06   46.34   46.58   , 62.16   46.96   55.40   42.34  
1eg3 , A , 4 , 50.38   , 50.76   50.00   , 49.53   56.34   46.34   , 57.53   50.82   45.90   46.15  
1ijj , B , 4 , 52.02   , 54.89   49.20   , 54.55   60.19   38.78   , 59.05   40.00   46.38   59.80  
1g5a , A , 4 , 61.46   , 58.33   64.56   , 55.81   65.02   61.66   , 65.25   58.16   57.43   64.14  
2wvy , A , 4 , 63.43   , 63.78   63.17   , 64.81   63.86   61.67   , 61.76   60.73   68.18   63.79  
