1m70, b ,2,190,4.731,0.051,17.398,1m70 b ,1m70,1m70 b 
2hcz, x ,2,241,5.927,0.045,19.068,2hcz x ,2hcz,2hcz x 
3ku5, a ,2,333,1.543,0.02,29.173,3ku5 a ,3ku5,3ku5 a 
2q8m, a ,2,304,7.304,0.05,22.645,2q8m a ,2q8m,2q8m a 
1s9r, a ,2,409,6.337,0.054,21.752,1s9r a ,1s9r,1s9r a 
3bp1, b ,2,272,4.905,0.045,21.562,3bp1 b ,3bp1,3bp1 b 
1px5, b ,2,339,4.868,0.044,21.398,1px5 b ,1px5,1px5 b 
1wte, a ,2,272,2.918,0.028,23.135,1wte a ,1wte,1wte a 
3bq9, a ,2,479,5.661,0.055,22.67,3bq9 a ,3bq9,3bq9 a 
2nz8, b ,2,279,1.547,0.029,23.308,2nz8 b ,2nz8,2nz8 b 
1zq7, b ,2,200,4.087,0.042,19.762,1zq7 b ,1zq7,1zq7 b 
2a6h, a ,2,229,2.486,0.025,27.125,2a6h a ,2a6h,2a6h a 
2ahr, a ,2,250,3.059,0.031,23.835,2ahr a ,2ahr,2ahr a 
1rhs, a ,2,292,4.372,0.053,19.792,1rhs a ,1rhs,1rhs a 
3ca8, b ,2,263,5.227,0.051,21.075,3ca8 b ,3ca8,3ca8 b 
3rjz, a ,2,206,5.962,0.047,18.806,3rjz a ,3rjz,3rjz a 
3h4e, e ,2,207,3.303,0.024,22.658,3h4e e ,3h4e,3h4e e 
2ijr, a ,2,276,2.664,0.033,26.031,2ijr a ,2ijr,2ijr a 
1rkq, b ,2,271,4.824,0.055,19.547,1rkq b ,1rkq,1rkq b 
3nt1, b ,2,552,4.849,0.047,25.243,3nt1 b ,3nt1,3nt1 b 
1lc0, a ,2,290,4.705,0.043,21.037,1lc0 a ,1lc0,1lc0 a 
1cy9, a ,2,245,1.489,0.021,23.982,1cy9 a ,1cy9,1cy9 a 
1ois, a ,2,220,2.528,0.029,32.919,1ois a ,1ois,1ois a 
1qgi, a ,2,259,3.346,0.049,19.017,1qgi a ,1qgi,1qgi a 
1bxo, a ,2,326,5.762,0.05,32.775,1bxo a ,1bxo,1bxo a 
3bl4, b ,2,111,2.71,0.022,18.006,3bl4 b ,3bl4,3bl4 b 
1zym, b ,2,248,4.508,0.035,24.996,1zym b ,1zym,1zym b 
1vzy, b ,2,286,1.01,0.042,21.783,1vzy b ,1vzy,1vzy b 
1q5v, b ,2,116,1.675,0.023,18.272,1q5v b ,1q5v,1q5v b 
3kjd, a ,2,350,4.003,0.046,21.669,3kjd a ,3kjd,3kjd a 
1u94, a ,2,306,9.807,0.043,22.625,1u94 a ,1u94,1u94 a 
2a5w, a ,2,114,5.176,0.06,15.718,2a5w a ,2a5w,2a5w a 
2evr, a ,2,240,3.063,0.05,18.59,2evr a ,2evr,2evr a 
2cfi, a ,2,315,3.115,0.037,21.994,2cfi a ,2cfi,2cfi a 
2i7d, b ,2,192,6.86,0.046,18.485,2i7d b ,2i7d,2i7d b 
2aua, b ,2,210,6.122,0.028,22.651,2aua b ,2aua,2aua b 
1yc9, a ,2,416,3.157,0.011,38.345,1yc9 a ,1yc9,1yc9 a 
3iac, b ,2,458,4.897,0.044,23.849,3iac b ,3iac,3iac b 
1gup, a ,2,347,6.795,0.046,22.041,1gup a ,1gup,1gup a 
3knh, m ,2,120,2.475,0.016,26.22,3knh m ,3knh,3knh m 
3hhw, k ,2,421,1.636,0.026,27.784,3hhw k ,3hhw,3hhw k 
1a0r, p ,2,188,0.73,0.021,23.509,1a0r p ,1a0r,1a0r p 
1n7z, a ,2,316,2.176,0.027,23.946,1n7z a ,1n7z,1n7z a 
1h3i, a ,2,293,4.724,0.035,21.899,1h3i a ,1h3i,1h3i a 
1a79, b ,2,171,2.009,0.042,18.151,1a79 b ,1a79,1a79 b 
2d1z, a ,2,427,3.613,0.036,25.602,2d1z a ,2d1z,2d1z a 
3c2u, b ,2,554,4.043,0.05,25.806,3c2u b ,3c2u,3c2u b 
3edp, b ,2,214,8,0.033,20.836,3edp b ,3edp,3edp b 
1m3y, a ,2,413,5.296,0.041,23.954,1m3y a ,1m3y,1m3y a 
3mty, a ,2,262,9.467,0.069,16.742,3mty a ,3mty,3mty a 
3bnj, a ,2,477,4.35,0.047,23.704,3bnj a ,3bnj,3bnj a 
3rf3, a ,2,258,2.475,0.018,87.35,3rf3 a ,3rf3,3rf3 a 
2hsi, a ,2,231,5.623,0.051,19.1,2hsi a ,2hsi,2hsi a 
2cx1, a ,2,181,4.348,0.048,17.511,2cx1 a ,2cx1,2cx1 a 
1umk, a ,2,271,2.188,0.048,19.995,1umk a ,1umk,1umk a 
1c0m, c ,2,222,4.869,0.04,20.37,1c0m c ,1c0m,1c0m c 
1du3, a ,2,90,3.604,0.023,17.68,1du3 a ,1du3,1du3 a 
1juh, a ,2,334,5.841,0.056,20.948,1juh a ,1juh,1juh a 
2qj2, b ,2,180,0.901,0.039,18.741,2qj2 b ,2qj2,2qj2 b 
1qvj, a ,2,293,2.052,0.037,22.149,1qvj a ,1qvj,1qvj a 
1n1b, b ,2,520,3.506,0.043,25.081,1n1b b ,1n1b,1n1b b 
2vd8, b ,2,374,3.714,0.036,23.554,2vd8 b ,2vd8,2vd8 b 
1wtd, a ,2,264,3.131,0.024,23.941,1wtd a ,1wtd,1wtd a 
1mty, g ,2,162,6.379,0.032,40.335,1mty g ,1mty,1mty g 
1s9r, b ,2,409,6.392,0.054,21.612,1s9r b ,1s9r,1s9r b 
1h03, p ,2,125,2.765,0.015,22.469,1h03 p ,1h03,1h03 p 
3mg1, a ,2,313,2.351,0.043,21.443,3mg1 a ,3mg1,3mg1 a 
1vfg, b ,2,358,3.659,0.025,27.018,1vfg b ,1vfg,1vfg b 
2eiy, b ,2,304,3.37,0.046,21.944,2eiy b ,2eiy,2eiy b 
1jj2, o ,2,143,1.383,0.005,39.952,1jj2 o ,1jj2,1jj2 o 
2r6i, b ,2,263,5.181,0.036,22.492,2r6i b ,2r6i,2r6i b 
1iuq, a ,2,350,3.972,0.046,20.982,1iuq a ,1iuq,1iuq a 
3mzf, a ,2,365,2.569,0.035,24.201,3mzf a ,3mzf,3mzf a 
2o2k, b ,2,342,5.259,0.039,23.068,2o2k b ,2o2k,2o2k b 
2jzx, a ,2,160,10.211,0.046,17.582,2jzx a ,2jzx,2jzx a 
2dpl, b ,2,278,2.941,0.039,21.171,2dpl b ,2dpl,2dpl b 
3gos, a ,2,270,7.692,0.042,20.445,3gos a ,3gos,3gos a 
2bmr, a ,2,458,4.809,0.051,23.443,2bmr a ,2bmr,2bmr a 
1v0w, a ,2,497,5.607,0.057,21.789,1v0w a ,1v0w,1v0w a 
2wy6, b ,2,365,3.245,0.048,21.321,2wy6 b ,2wy6,2wy6 b 
2abs, a ,2,374,6.691,0.058,100.651,2abs a ,2abs,2abs a 
1c1d, a ,2,349,4.167,0.055,20.236,1c1d a ,1c1d,1c1d a 
2idj, d ,2,287,5.539,0.044,20.266,2idj d ,2idj,2idj d 
2g3p, a ,2,201,2.789,0.038,19.213,2g3p a ,2g3p,2g3p a 
3f9m, a ,2,458,4.423,0.048,23.096,3f9m a ,3f9m,3f9m a 
3ney, f ,2,177,2.874,0.045,19.538,3ney f ,3ney,3ney f 
1z53, a ,2,299,6.163,0.056,18.914,1z53 a ,1z53,1z53 a 
3qxz, b ,2,263,5.477,0.046,20.542,3qxz b ,3qxz,3qxz b 
1e5r, b ,2,262,5.134,0.041,20.341,1e5r b ,1e5r,1e5r b 
1kor, c ,2,386,4.865,0.035,26.112,1kor c ,1kor,1kor c 
3bge, a ,2,166,3.56,0.025,20.722,3bge a ,3bge,3bge a 
3dbk, a ,2,298,6.656,0.054,18.89,3dbk a ,3dbk,3dbk a 
2wb0, x ,2,315,8.145,0.037,23.425,2wb0 x ,2wb0,2wb0 x 
1bht, a ,2,176,0.774,0.039,20.587,1bht a ,1bht,1bht a 
1xvi, b ,2,242,5.207,0.049,19.451,1xvi b ,1xvi,1xvi b 
3i5d, a ,2,324,4.946,0.017,33.817,3i5d a ,3i5d,3i5d a 
3k6m, a ,2,476,4.96,0.048,24.891,3k6m a ,3k6m,3k6m a 
1gkm, a ,2,507,2.683,0.034,26.626,1gkm a ,1gkm,1gkm a 
1feu, d ,2,189,3.546,0.025,21.005,1feu d ,1feu,1feu d 
2fyt, a ,2,315,3.484,0.039,21.818,2fyt a ,2fyt,2fyt a 
1hf2, a ,2,196,2.949,0.046,17.627,1hf2 a ,1hf2,1hf2 a 
2p1g, b ,2,231,7.491,0.052,18.815,2p1g b ,2p1g,2p1g b 
1eyq, b ,2,212,8.586,0.057,17.315,1eyq b ,1eyq,1eyq b 
1lf6, a ,2,674,2.98,0.044,27.201,1lf6 a ,1lf6,1lf6 a 
3fxk, a ,2,364,3.912,0.043,22.762,3fxk a ,3fxk,3fxk a 
2i15, b ,2,122,5.213,0.019,20.288,2i15 b ,2i15,2i15 b 
3cwc, b ,2,367,2.663,0.041,23.339,3cwc b ,3cwc,3cwc b 
1jqr, a ,2,174,5.53,0.044,19.007,1jqr a ,1jqr,1jqr a 
1wq1, g ,2,320,3.633,0.033,23.205,1wq1 g ,1wq1,1wq1 g 
1cjs, a ,2,212,1.714,0.034,20.086,1cjs a ,1cjs,1cjs a 
1jhn, a ,2,380,0.369,0.012,33.905,1jhn a ,1jhn,1jhn a 
3l00, a ,2,162,2.56,0.054,15.252,3l00 a ,3l00,3l00 a 
1jqp, a ,2,348,5.022,0.052,21.72,1jqp a ,1jqp,1jqp a 
1cja, b ,2,327,5.097,0.048,31.028,1cja b ,1cja,1cja b 
1o70, a ,2,296,0.921,0.043,22.591,1o70 a ,1o70,1o70 a 
1ctt, a ,2,294,6.912,0.054,19.726,1ctt a ,1ctt,1ctt a 
2qoc, a ,2,319,6.667,0.051,20.536,2qoc a ,2qoc,2qoc a 
1qcs, a ,2,190,3.846,0.046,17.642,1qcs a ,1qcs,1qcs a 
2o3i, a ,2,366,5.895,0.055,20.418,2o3i a ,2o3i,2o3i a 
1e9y, a ,2,238,0.345,0.012,33.174,1e9y a ,1e9y,1e9y a 
2o3i, b ,2,365,5.996,0.055,21.495,2o3i b ,2o3i,2o3i b 
1qzr, a ,2,382,5.338,0.04,23.882,1qzr a ,1qzr,1qzr a 
1jak, a ,2,499,4.352,0.048,23.499,1jak a ,1jak,1jak a 
2wy6, c ,2,358,2.379,0.047,20.956,2wy6 c ,2wy6,2wy6 c 
2oez, b ,2,263,4.667,0.032,23.281,2oez b ,2oez,2oez b 
1uaj, a ,2,241,0,0.025,23.595,1uaj a ,1uaj,1uaj a 
1as0, a ,2,313,1.152,0.042,21.187,1as0 a ,1as0,1as0 a 
1rku, b ,2,206,4.371,0.047,18.264,1rku b ,1rku,1rku b 
2arz, b ,2,235,4.427,0.047,18.964,2arz b ,2arz,2arz b 
1kv9, a ,2,664,6.689,0.057,23.992,1kv9 a ,1kv9,1kv9 a 
1kmo, a ,2,661,6.903,0.053,24.711,1kmo a ,1kmo,1kmo a 
2ibd, b ,2,195,7.182,0.037,18.712,2ibd b ,2ibd,2ibd b 
1fjr, b ,2,188,4.62,0.045,18.555,1fjr b ,1fjr,1fjr b 
1xfe, a ,2,83,5.109,0.026,111.095,1xfe a ,1xfe,1xfe a 
1r6x, a ,2,386,5.971,0.045,23.845,1r6x a ,1r6x,1r6x a 
1poi, c ,2,317,6.766,0.049,20.754,1poi c ,1poi,1poi c 
1lqt, a ,2,473,4.294,0.042,27.589,1lqt a ,1lqt,1lqt a 
2bgh, b ,2,412,3.34,0.048,22.538,2bgh b ,2bgh,2bgh b 
1jhf, a ,2,197,2.195,0.032,20.839,1jhf a ,1jhf,1jhf a 
2clt, a ,2,367,0.428,0.029,25.274,2clt a ,2clt,2clt a 
3m00, a ,2,530,4.74,0.044,27.326,3m00 a ,3m00,3m00 a 
2f69, a ,2,244,4.72,0.043,19.787,2f69 a ,2f69,2f69 a 
1khd, a ,2,324,4.056,0.053,21.96,1khd a ,1khd,1khd a 
2wjn, c ,2,332,6.31,0.038,23.513,2wjn c ,2wjn,2wjn c 
1hyo, a ,2,416,6.834,0.049,24.118,1hyo a ,1hyo,1hyo a 
1ezm, a ,2,298,5.78,0.051,20.009,1ezm a ,1ezm,1ezm a 
1h8p, a ,2,88,1.935,0.042,14.432,1h8p a ,1h8p,1h8p a 
2fef, b ,2,287,7.204,0.049,20.178,2fef b ,2fef,2fef b 
3kcz, a ,2,357,3.553,0.046,21.171,3kcz a ,3kcz,3kcz a 
2p62, b ,2,241,6.271,0.043,21.298,2p62 b ,2p62,2p62 b 
1fyh, a ,2,242,6.265,0.041,20.141,1fyh a ,1fyh,1fyh a 
2q14, f ,2,397,3.211,0.039,26.558,2q14 f ,2q14,2q14 f 
2z6r, b ,2,265,2.365,0.039,24.077,2z6r b ,2z6r,2z6r b 
2e6f, b ,2,312,7.06,0.06,20.358,2e6f b ,2e6f,2e6f b 
1xta, a ,2,220,8.54,0.045,20.338,1xta a ,1xta,1xta a 
1ccw, d ,2,483,6.906,0.057,23.429,1ccw d ,1ccw,1ccw d 
2qsd, d ,2,145,6.11,0.045,17.767,2qsd d ,2qsd,2qsd d 
1wku, a ,2,225,4.207,0.044,19.452,1wku a ,1wku,1wku a 
3b5m, a ,2,209,1.716,0.048,17.862,3b5m a ,3b5m,3b5m a 
1x27, a ,2,163,2.447,0.034,22.188,1x27 a ,1x27,1x27 a 
2j01, i ,2,145,1.476,0.011,33.873,2j01 i ,2j01,2j01 i 
1hp1, a ,2,516,1.647,0.043,24.861,1hp1 a ,1hp1,1hp1 a 
2ih2, a ,2,393,1.262,0.033,24.25,2ih2 a ,2ih2,2ih2 a 
1ev7, b ,2,293,1.63,0.027,24.682,1ev7 b ,1ev7,1ev7 b 
2xn7, a ,2,353,5.158,0.044,21.556,2xn7 a ,2xn7,2xn7 a 
1hk0, x ,2,173,1.286,0.048,16.836,1hk0 x ,1hk0,1hk0 x 
2phn, b ,2,266,5.45,0.047,20.179,2phn b ,2phn,2phn b 
3c9u, b ,2,312,7.268,0.049,24.868,3c9u b ,3c9u,3c9u b 
2j8c, m ,2,302,4.692,0.026,25.351,2j8c m ,2j8c,2j8c m 
2ka9, a ,2,189,0.791,0.015,24.435,2ka9 a ,2ka9,2ka9 a 
2ck3, g ,2,181,3.138,0.019,25.738,2ck3 g ,2ck3,2ck3 g 
1n7z, b ,2,316,2.291,0.027,23.922,1n7z b ,1n7z,1n7z b 
1c2a, a ,2,120,1.19,0.036,17.563,1c2a a ,1c2a,1c2a a 
1bp1, a ,2,456,3.633,0.015,37.321,1bp1 a ,1bp1,1bp1 a 
1e3o, c ,2,132,1.232,0.023,18.645,1e3o c ,1e3o,1e3o c 
1dvp, a ,2,217,1.096,0.034,20.742,1dvp a ,1dvp,1dvp a 
2fb5, b ,2,204,3.067,0.036,23.83,2fb5 b ,2fb5,2fb5 b 
2e2d, c ,2,180,2.815,0.039,19.805,2e2d c ,2e2d,2e2d c 
3arc, o ,2,247,5.614,0.034,30.404,3arc o ,3arc,3arc o 
1bc5, a ,2,269,4.522,0.039,21.343,1bc5 a ,1bc5,1bc5 a 
1mix, a ,2,206,1.995,0.032,20.415,1mix a ,1mix,1mix a 
1tfr, a ,2,283,3.507,0.039,20.516,1tfr a ,1tfr,1tfr a 
1iom, a ,2,379,5.579,0.044,22.727,1iom a ,1iom,1iom a 
1c0p, a ,2,363,4.932,0.045,25.325,1c0p a ,1c0p,1c0p a 
1f3i, a ,2,455,3.93,0.037,25.722,1f3i a ,1f3i,1f3i a 
1on2, b ,2,135,2.713,0.031,21.408,1on2 b ,1on2,1on2 b 
1qs1, a ,2,402,3.127,0.042,23.918,1qs1 a ,1qs1,1qs1 a 
1c89, a ,2,134,2.505,0.041,16.116,1c89 a ,1c89,1c89 a 
1wqf, a ,2,183,4.486,0.022,22.928,1wqf a ,1wqf,1wqf a 
1vky, a ,2,280,3.181,0.034,21.996,1vky a ,1vky,1vky a 
1u1w, a ,2,295,4.826,0.061,18.477,1u1w a ,1u1w,1u1w a 
1a0h, a ,2,159,1.027,0.016,24.45,1a0h a ,1a0h,1a0h a 
1lqs, m ,2,142,0.599,0.017,22.297,1lqs m ,1lqs,1lqs m 
3nvs, a ,2,473,2.537,0.054,21.618,3nvs a ,3nvs,3nvs a 
2o3s, a ,2,252,2.74,0.039,19.952,2o3s a ,2o3s,2o3s a 
1sei, b ,2,130,4.008,0.049,16.364,1sei b ,1sei,1sei b 
2ii0, a ,2,463,2.876,0.023,30.157,2ii0 a ,2ii0,2ii0 a 
3bjd, a ,2,335,3.425,0.047,21.079,3bjd a ,3bjd,3bjd a 
2dkj, b ,2,402,3.881,0.049,21.5,2dkj b ,2dkj,2dkj b 
1ofw, a ,2,297,3.161,0.029,23.294,1ofw a ,1ofw,1ofw a 
1u5e, a ,2,170,0.945,0.028,20.733,1u5e a ,1u5e,1u5e a 
2j03, i ,2,145,1.481,0.011,27.723,2j03 i ,2j03,2j03 i 
2i06, a ,2,305,2.949,0.029,23.965,2i06 a ,2i06,2i06 a 
2jhm, f ,2,234,10.062,0.062,16.474,2jhm f ,2jhm,2jhm f 
2vhe, a ,2,196,4.841,0.053,16.823,2vhe a ,2vhe,2vhe a 
1dlp, d ,2,223,3.6,0.044,20.013,1dlp d ,1dlp,1dlp d 
1f5n, a ,2,570,1.927,0.013,39.693,1f5n a ,1f5n,1f5n a 
1mow, j ,2,234,5.569,0.035,20.752,1mow j ,1mow,1mow j 
1k3e, b ,2,144,1.156,0.023,23.316,1k3e b ,1k3e,1k3e b 
1whf, a ,2,73,5.66,0.026,15.505,1whf a ,1whf,1whf a 
3d3l, a ,2,451,5.34,0.045,22.75,3d3l a ,3d3l,3d3l a 
1ixh, a ,2,321,3.808,0.05,40.362,1ixh a ,1ixh,1ixh a 
2h21, a ,2,424,1.922,0.025,31.734,2h21 a ,2h21,2h21 a 
1t77, a ,2,414,5.552,0.047,22.616,1t77 a ,1t77,1t77 a 
1r31, a ,2,376,3.213,0.037,30.572,1r31 a ,1r31,1r31 a 
1ihg, a ,2,364,1.018,0.027,26.122,1ihg a ,1ihg,1ihg a 
1or7, a ,2,181,2.87,0.024,21.901,1or7 a ,1or7,1or7 a 
1uun, b ,2,184,1.304,0.011,30.473,1uun b ,1uun,1uun b 
2ohh, a ,2,408,3.314,0.038,24.866,2ohh a ,2ohh,2ohh a 
3dzu, a ,2,289,0,0.02,26.992,3dzu a ,3dzu,3dzu a 
1dk8, a ,2,147,3.154,0.03,18.948,1dk8 a ,1dk8,1dk8 a 
3dgv, c ,2,379,8.267,0.053,24.385,3dgv c ,3dgv,3dgv c 
2qsd, a ,2,145,7.039,0.045,16.223,2qsd a ,2qsd,2qsd a 
1txg, b ,2,335,2.847,0.049,21.009,1txg b ,1txg,1txg b 
1nf1, a ,2,260,3.648,0.033,21.604,1nf1 a ,1nf1,1nf1 a 
1eza, a ,2,259,3.83,0.029,22.759,1eza a ,1eza,1eza a 
1pin, a ,2,153,10.131,0.048,16.554,1pin a ,1pin,1pin a 
1js8, b ,2,382,6.25,0.051,21.677,1js8 b ,1js8,1js8 b 
1ee8, a ,2,266,5.238,0.044,19.569,1ee8 a ,1ee8,1ee8 a 
1m4u, a ,2,199,2.853,0.021,24.619,1m4u a ,1m4u,1m4u a 
2vsg, b ,2,358,1.926,0.015,31.582,2vsg b ,2vsg,2vsg b 
2pv7, b ,2,279,2.365,0.03,23.902,2pv7 b ,2pv7,2pv7 b 
3dsd, a ,2,333,3.274,0.039,22.431,3dsd a ,3dsd,3dsd a 
1lkp, a ,2,191,6.593,0.032,20.693,1lkp a ,1lkp,1lkp a 
2glf, b ,2,437,2.134,0.042,23.852,2glf b ,2glf,2glf b 
1toc, r ,2,120,0.698,0.01,24.932,1toc r ,1toc,1toc r 
1gk3, a ,2,509,2.38,0.034,26.695,1gk3 a ,1gk3,1gk3 a 
2h88, o ,2,239,4.632,0.033,22.093,2h88 o ,2h88,2h88 o 
1g1s, a ,2,158,1.97,0.035,22.465,1g1s a ,1g1s,1g1s a 
3gyj, a ,2,618,5.451,0.067,22.38,3gyj a ,3gyj,3gyj a 
2pby, b ,2,290,7.21,0.061,19.212,2pby b ,2pby,2pby b 
1hdh, b ,2,524,7.685,0.059,22.023,1hdh b ,1hdh,1hdh b 
1qf8, b ,2,155,7.529,0.046,18.887,1qf8 b ,1qf8,1qf8 b 
3b8m, a ,2,255,2.83,0.01,33.287,3b8m a ,3b8m,3b8m a 
2r9q, d ,2,330,4.186,0.046,21.474,2r9q d ,2r9q,2r9q d 
1uzb, a ,2,516,5.902,0.049,25.494,1uzb a ,1uzb,1uzb a 
1x7d, a ,2,332,6.101,0.047,21.695,1x7d a ,1x7d,1x7d a 
1ogo, x ,2,573,4.031,0.054,23.098,1ogo x ,1ogo,1ogo x 
2cjl, a ,2,204,7.54,0.056,17.688,2cjl a ,2cjl,2cjl a 
1k2f, b ,2,190,6.656,0.038,19.896,1k2f b ,1k2f,1k2f b 
3h52, a ,2,247,4.392,0.031,23.03,3h52 a ,3h52,3h52 a 
2cch, d ,2,259,4.958,0.052,18.498,2cch d ,2cch,2cch d 
3i07, b ,2,157,5.008,0.037,17.542,3i07 b ,3i07,3i07 b 
3h8g, a ,2,497,2.319,0.04,25.409,3h8g a ,3h8g,3h8g a 
3c9s, a ,2,304,5.56,0.047,23.564,3c9s a ,3c9s,3c9s a 
2ei1, a ,2,293,6.454,0.056,18.491,2ei1 a ,2ei1,2ei1 a 
1o0w, a ,2,238,4.818,0.036,20.164,1o0w a ,1o0w,1o0w a 
3cx5, b ,2,352,2.584,0.039,23.298,3cx5 b ,3cx5,3cx5 b 
2bt2, c ,2,143,3.804,0.034,17.685,2bt2 c ,2bt2,2bt2 c 
1ho8, a ,2,447,3.197,0.021,30.655,1ho8 a ,1ho8,1ho8 a 
2vk5, a ,2,448,7.155,0.052,23.31,2vk5 a ,2vk5,2vk5 a 
2haw, b ,2,324,2.554,0.054,23.628,2haw b ,2haw,2haw b 
2v2g, a ,2,220,1.703,0.034,20.419,2v2g a ,2v2g,2v2g a 
2d1c, b ,2,495,2.259,0.034,27.858,2d1c b ,2d1c,2d1c b 
1bcp, b ,2,197,3.034,0.038,18.926,1bcp b ,1bcp,1bcp b 
1jep, a ,2,212,8.249,0.056,16.917,1jep a ,1jep,1jep a 
1vkw, a ,2,213,6.077,0.049,17.847,1vkw a ,1vkw,1vkw a 
2dfy, c ,2,159,2.203,0.017,25.26,2dfy c ,2dfy,2dfy c 
2v3y, a ,2,466,2.166,0.035,27.155,2v3y a ,2v3y,2v3y a 
1fn9, b ,2,365,2.553,0.039,24.766,1fn9 b ,1fn9,1fn9 b 
1p42, b ,2,270,9.913,0.059,20.058,1p42 b ,1p42,1p42 b 
1c0m, b ,2,216,0.236,0.021,24.508,1c0m b ,1c0m,1c0m b 
1w3a, a ,2,312,3.819,0.017,29.534,1w3a a ,1w3a,1w3a a 
1qd1, b ,2,339,2.358,0.055,21.247,1qd1 b ,1qd1,1qd1 b 
1gk9, a ,2,218,1.685,0.018,24.595,1gk9 a ,1gk9,1gk9 a 
2z37, b ,2,249,5.29,0.057,17.394,2z37 b ,2z37,2z37 b 
1jnr, b ,2,149,1.706,0.016,27.275,1jnr b ,1jnr,1jnr b 
1i0u, a ,2,82,1.394,0.015,19.78,1i0u a ,1i0u,1i0u a 
1qna, a ,2,182,2.368,0.028,21.591,1qna a ,1qna,1qna a 
1pt7, a ,2,415,2.733,0.029,26.334,1pt7 a ,1pt7,1pt7 a 
3k6m, c ,2,482,5.828,0.052,23.839,3k6m c ,3k6m,3k6m c 
1wpk, a ,2,145,0.775,0.014,29.883,1wpk a ,1wpk,1wpk a 
2kn6, a ,2,195,0.437,0.014,25.119,2kn6 a ,2kn6,2kn6 a 
1wui, s ,2,267,3.958,0.044,22.376,1wui s ,1wui,1wui s 
1jh8, a ,2,348,8.382,0.052,21.186,1jh8 a ,1jh8,1jh8 a 
1dc1, b ,2,311,1.734,0.027,25.753,1dc1 b ,1dc1,1dc1 b 
1po0, a ,2,661,6.822,0.054,24.517,1po0 a ,1po0,1po0 a 
2j00, d ,2,208,4.94,0.043,20.134,2j00 d ,2j00,2j00 d 
1dto, a ,2,200,4.06,0.025,21.979,1dto a ,1dto,1dto a 
1se1, a ,2,239,3.563,0.031,23.229,1se1 a ,1se1,1se1 a 
1r9z, a ,2,423,5.532,0.048,24.642,1r9z a ,1r9z,1r9z a 
1ssq, d ,2,257,5.169,0.05,21.54,1ssq d ,1ssq,1ssq d 
1y7m, b ,2,161,4.854,0.046,16.7,1y7m b ,1y7m,1y7m b 
2g2u, b ,2,165,5.063,0.044,17.14,2g2u b ,2g2u,2g2u b 
1sxj, h ,2,260,4.876,0.037,22.666,1sxj h ,1sxj,1sxj h 
1tue, g ,2,196,2.842,0.026,26.77,1tue g ,1tue,1tue g 
1b12, a ,2,239,6.499,0.043,20.284,1b12 a ,1b12,1b12 a 
2ghj, e ,2,90,0.938,0.013,22.149,2ghj e ,2ghj,2ghj e 
1v54, c ,2,259,7.988,0.032,41.794,1v54 c ,1v54,1v54 c 
3bu2, b ,2,189,0.896,0.026,22.265,3bu2 b ,3bu2,3bu2 b 
1uln, a ,2,82,1.524,0.04,14.069,1uln a ,1uln,1uln a 
1xqp, a ,2,252,2.591,0.052,18.377,1xqp a ,1xqp,1xqp a 
1z0s, b ,2,249,2.454,0.045,19.511,1z0s b ,1z0s,1z0s b 
2wr1, a ,2,490,1.84,0.012,37.884,2wr1 a ,2wr1,2wr1 a 
1vns, a ,2,574,6.491,0.056,23.147,1vns a ,1vns,1vns a 
1h99, a ,2,220,0.613,0.024,22.918,1h99 a ,1h99,1h99 a 
2pif, b ,2,245,4.464,0.05,19.363,2pif b ,2pif,2pif b 
1ufa, a ,2,501,4.372,0.049,23.722,1ufa a ,1ufa,1ufa a 
2eiy, a ,2,297,3.621,0.045,21.44,2eiy a ,2eiy,2eiy a 
1b6a, a ,2,355,5.595,0.053,20.505,1b6a a ,1b6a,1b6a a 
1cf5, a ,2,249,4.723,0.053,17.718,1cf5 a ,1cf5,1cf5 a 
3bge, b ,2,168,5.116,0.027,20.42,3bge b ,3bge,3bge b 
2j02, d ,2,208,4.933,0.043,94.016,2j02 d ,2j02,2j02 d 
1pp1, x ,2,326,2.358,0.023,26.486,1pp1 x ,1pp1,1pp1 x 
1yf3, a ,2,260,6.08,0.042,19.672,1yf3 a ,1yf3,1yf3 a 
1cy9, b ,2,243,1.485,0.021,23.733,1cy9 b ,1cy9,1cy9 b 
2h88, p ,2,139,6.653,0.015,23.745,2h88 p ,2h88,2h88 p 
2fh7, a ,2,576,0.605,0.036,27.805,2fh7 a ,2fh7,2fh7 a 
1y88, a ,2,186,2.729,0.041,19.259,1y88 a ,1y88,1y88 a 
1rzh, h ,2,239,2.582,0.025,23.832,1rzh h ,1rzh,1rzh h 
1puj, a ,2,261,4.307,0.036,22.095,1puj a ,1puj,1puj a 
2hyd, a ,2,578,2.311,0.015,40.099,2hyd a ,2hyd,2hyd a 
2aq9, a ,2,273,5.52,0.044,22.216,2aq9 a ,2aq9,2aq9 a 
1n3l, a ,2,332,6.404,0.042,22.098,1n3l a ,1n3l,1n3l a 
1b37, b ,2,462,4.868,0.046,27.432,1b37 b ,1b37,1b37 b 
1ems, a ,2,412,0.483,0.033,25.226,1ems a ,1ems,1ems a 
1ppj, d ,2,241,1.135,0.02,29.676,1ppj d ,1ppj,1ppj d 
1xo0, a ,2,322,0.246,0.027,28.329,1xo0 a ,1xo0,1xo0 a 
2e5y, b ,2,133,5.385,0.042,17.131,2e5y b ,2e5y,2e5y b 
1cjy, b ,2,614,2.75,0.034,35.045,1cjy b ,1cjy,1cjy b 
1uak, a ,2,243,0.111,0.024,92.871,1uak a ,1uak,1uak a 
1pg0, a ,2,492,4.371,0.035,26.166,1pg0 a ,1pg0,1pg0 a 
3d9a, l ,2,215,1.561,0.021,24.144,3d9a l ,3d9a,3d9a l 
1g87, a ,2,615,1.468,0.032,29.911,1g87 a ,1g87,1g87 a 
1tj5, a ,2,244,6.826,0.054,20.611,1tj5 a ,1tj5,1tj5 a 
2a94, a ,2,315,6.311,0.052,19.876,2a94 a ,2a94,2a94 a 
1o04, a ,2,497,4.642,0.046,26.379,1o04 a ,1o04,1o04 a 
1bo1, a ,2,326,3.772,0.042,22.946,1bo1 a ,1bo1,1bo1 a 
2qzu, a ,2,450,8.911,0.052,22.557,2qzu a ,2qzu,2qzu a 
7odc, a ,2,387,3.736,0.038,23.623,7odc a ,7odc,7odc a 
2fef, c ,2,284,6.215,0.049,19.918,2fef c ,2fef,2fef c 
1x0c, a ,2,549,5.181,0.052,23.13,1x0c a ,1x0c,1x0c a 
1w23, a ,2,360,5.543,0.046,21.833,1w23 a ,1w23,1w23 a 
1nvv, s ,2,469,2.924,0.022,30.577,1nvv s ,1nvv,1nvv s 
1vpv, b ,2,272,7.225,0.054,19.377,1vpv b ,1vpv,1vpv b 
2bo9, b ,2,217,7.463,0.047,20.94,2bo9 b ,2bo9,2bo9 b 
1idq, a ,2,574,6.961,0.055,23.093,1idq a ,1idq,1idq a 
3frh, a ,2,241,6.47,0.046,18.475,3frh a ,3frh,3frh a 
2arr, a ,2,372,5.789,0.047,21.546,2arr a ,2arr,2arr a 
1vj7, b ,2,310,3.667,0.034,28.707,1vj7 b ,1vj7,1vj7 b 
1r8s, e ,2,187,4.137,0.04,18.5,1r8s e ,1r8s,1r8s e 
2qpj, a ,2,696,3.726,0.043,27.293,2qpj a ,2qpj,2qpj a 
1na6, b ,2,395,3.815,0.038,24.688,1na6 b ,1na6,1na6 b 
1v34, a ,2,346,5.405,0.04,22.518,1v34 a ,1v34,1v34 a 
2oux, b ,2,245,2.494,0.035,21.947,2oux b ,2oux,2oux b 
1jmu, g ,2,365,2.716,0.039,34.978,1jmu g ,1jmu,1jmu g 
2z16, a ,2,153,4.895,0.061,14.611,2z16 a ,2z16,2z16 a 
1e7l, a ,2,166,0.472,0.011,26.176,1e7l a ,1e7l,1e7l a 
2oqa, a ,2,241,5.914,0.052,17.383,2oqa a ,2oqa,2oqa a 
2h21, c ,2,438,2.427,0.026,34.153,2h21 c ,2h21,2h21 c 
1c7d, a ,2,284,0.821,0.033,21.887,1c7d a ,1c7d,1c7d a 
3db9, a ,2,235,3.973,0.048,18.585,3db9 a ,3db9,3db9 a 
3lq3, a ,2,358,1.546,0.042,22.257,3lq3 a ,3lq3,3lq3 a 
2j8c, h ,2,240,2.473,0.024,23.886,2j8c h ,2j8c,2j8c h 
1lm8, v ,2,150,3.61,0.036,21.936,1lm8 v ,1lm8,1lm8 v 
2hwj, b ,2,187,7.413,0.042,18.01,2hwj b ,2hwj,2hwj b 
1mml, a ,2,251,2.657,0.035,21.285,1mml a ,1mml,1mml a 
2o62, b ,2,268,4.563,0.051,19.374,2o62 b ,2o62,2o62 b 
1z6f, a ,2,359,2.542,0.034,24.268,1z6f a ,1z6f,1z6f a 
3d4s, a ,2,439,2.417,0.023,28.824,3d4s a ,3d4s,3d4s a 
1gmu, b ,2,138,1.584,0.031,18.496,1gmu b ,1gmu,1gmu b 
3mud, b ,2,173,1.524,0.019,24.749,3mud b ,3mud,3mud b 
1dkx, a ,2,221,3.44,0.028,24.125,1dkx a ,1dkx,1dkx a 
1sg4, a ,2,258,8.59,0.056,18.144,1sg4 a ,1sg4,1sg4 a 
2d05, a ,2,259,3.755,0.049,19.047,2d05 a ,2d05,2d05 a 
2c7q, a ,2,329,4.409,0.05,21.73,2c7q a ,2c7q,2c7q a 
1yc5, a ,2,234,4.236,0.044,18.983,1yc5 a ,1yc5,1yc5 a 
3a7r, a ,2,337,3.159,0.034,23.664,3a7r a ,3a7r,3a7r a 
1vz6, a ,2,376,3.677,0.045,23.946,1vz6 a ,1vz6,1vz6 a 
2c0g, b ,2,221,1.679,0.029,22.644,2c0g b ,2c0g,2c0g b 
1mla, a ,2,305,5.583,0.055,19.021,1mla a ,1mla,1mla a 
2pzx, a ,2,188,4.418,0.045,19.188,2pzx a ,2pzx,2pzx a 
1m15, a ,2,356,5.495,0.05,20.559,1m15 a ,1m15,1m15 a 
2qgq, e ,2,264,4.901,0.042,20.347,2qgq e ,2qgq,2qgq e 
2i71, b ,2,371,3.373,0.032,24.73,2i71 b ,2i71,2i71 b 
1o9i, b ,2,266,5.274,0.022,25.192,1o9i b ,1o9i,1o9i b 
1dl5, b ,2,316,6.312,0.043,21.763,1dl5 b ,1dl5,1dl5 b 
1lnl, a ,2,408,5.843,0.05,32.275,1lnl a ,1lnl,1lnl a 
3c8c, a ,2,261,2.307,0.036,21.27,3c8c a ,3c8c,3c8c a 
1vqo, l ,2,145,0.617,0.007,30.425,1vqo l ,1vqo,1vqo l 
2a9d, b ,2,359,6.125,0.047,21.323,2a9d b ,2a9d,2a9d b 
1dkg, b ,2,151,1.709,0.007,32.559,1dkg b ,1dkg,1dkg b 
2r7j, a ,2,307,4.442,0.038,21.797,2r7j a ,2r7j,2r7j a 
3gos, b ,2,276,7.495,0.043,20.854,3gos b ,3gos,3gos b 
2waz, x ,2,316,8.183,0.037,23.471,2waz x ,2waz,2waz x 
1iip, a ,2,297,0.85,0.028,26.585,1iip a ,1iip,1iip a 
1ltd, a ,2,481,6.134,0.041,26.066,1ltd a ,1ltd,1ltd a 
1dkz, a ,2,215,3.785,0.028,23.799,1dkz a ,1dkz,1dkz a 
2r31, a ,2,285,3.479,0.04,20.964,2r31 a ,2r31,2r31 a 
1nr0, a ,2,610,1.183,0.037,28.656,1nr0 a ,1nr0,1nr0 a 
3hhw, l ,2,421,1.996,0.025,27.856,3hhw l ,3hhw,3hhw l 
2ph7, b ,2,213,3.193,0.043,22.266,2ph7 b ,2ph7,2ph7 b 
3ku6, a ,2,323,1.57,0.019,29.283,3ku6 a ,3ku6,3ku6 a 
2jhf, b ,2,388,5.05,0.053,21.007,2jhf b ,2jhf,2jhf b 
1a8r, a ,2,221,5.459,0.036,28.227,1a8r a ,1a8r,1a8r a 
1twf, e ,2,215,4.156,0.039,23.483,1twf e ,1twf,1twf e 
1ixe, a ,2,371,4.982,0.047,21.784,1ixe a ,1ixe,1ixe a 
1d1d, a ,2,220,1.687,0.031,26.629,1d1d a ,1d1d,1d1d a 
1o98, a ,2,548,0.995,0.05,24.681,1o98 a ,1o98,1o98 a 
1h6t, a ,2,291,4.51,0.026,24.753,1h6t a ,1h6t,1h6t a 
2auw, b ,2,162,3.566,0.032,19.622,2auw b ,2auw,2auw b 
1tol, a ,2,156,7.241,0.053,16.227,1tol a ,1tol,1tol a 
2ehl, a ,2,265,2.224,0.039,23.252,2ehl a ,2ehl,2ehl a 
1t8s, b ,2,440,2.578,0.039,34.192,1t8s b ,1t8s,1t8s b 
1rqu, b ,2,120,0.69,0.006,34.699,1rqu b ,1rqu,1rqu b 
1ko7, a ,2,286,0.616,0.021,31.834,1ko7 a ,1ko7,1ko7 a 
3c24, b ,2,273,4.669,0.032,22.454,3c24 b ,3c24,3c24 b 
1w5r, b ,2,273,7.15,0.056,21.929,1w5r b ,1w5r,1w5r b 
2i5z, o ,2,258,3.345,0.023,24.011,2i5z o ,2i5z,2i5z o 
1vq0, a ,2,290,1.278,0.04,21.817,1vq0 a ,1vq0,1vq0 a 
2qok, a ,2,308,6.447,0.05,20.44,2qok a ,2qok,2qok a 
1x9t, a ,2,440,1.294,0.021,95.026,1x9t a ,1x9t,1x9t a 
1lnz, b ,2,310,4.11,0.017,30.131,1lnz b ,1lnz,1lnz b 
3czf, a ,2,308,0.512,0.028,23.977,3czf a ,3czf,3czf a 
1pu6, a ,2,216,3.524,0.046,20.962,1pu6 a ,1pu6,1pu6 a 
1lkm, a ,2,191,6.796,0.032,20.72,1lkm a ,1lkm,1lkm a 
1ppr, n ,2,312,5.937,0.038,24.271,1ppr n ,1ppr,1ppr n 
3cov, b ,2,281,3.735,0.043,19.659,3cov b ,3cov,3cov b 
1qiu, b ,2,264,1.218,0.018,28.122,1qiu b ,1qiu,1qiu b 
3gzu, c ,2,397,2.754,0.021,41.668,3gzu c ,3gzu,3gzu c 
3b7n, a ,2,307,7.902,0.048,19.594,3b7n a ,3b7n,3b7n a 
2bwv, a ,2,448,2.144,0.034,27.162,2bwv a ,2bwv,2bwv a 
1fgj, a ,2,499,5.005,0.035,26.882,1fgj a ,1fgj,1fgj a 
1jgt, b ,2,500,3.571,0.051,24.668,1jgt b ,1jgt,1jgt b 
1vqo, w ,2,154,5.651,0.055,20.355,1vqo w ,1vqo,1vqo w 
2cwe, a ,2,191,4.167,0.031,21.237,2cwe a ,2cwe,2cwe a 
1wpb, g ,2,168,0.482,0.018,23.731,1wpb g ,1wpb,1wpb g 
1x1o, a ,2,277,4.125,0.029,23.73,1x1o a ,1x1o,1x1o a 
1zme, c ,2,70,0.87,0.009,21.777,1zme c ,1zme,1zme c 
1d3y, b ,2,290,4.215,0.036,21.619,1d3y b ,1d3y,1d3y b 
2ov9, a ,2,201,6.961,0.038,19.18,2ov9 a ,2ov9,2ov9 a 
3cjq, b ,2,121,2.027,0.027,18.841,3cjq b ,3cjq,3cjq b 
1yz9, b ,2,218,3.302,0.024,22.732,1yz9 b ,1yz9,1yz9 b 
1jq5, a ,2,368,5.948,0.053,20.656,1jq5 a ,1jq5,1jq5 a 
2ich, a ,2,321,7.038,0.056,18.773,2ich a ,2ich,2ich a 
3px2, a ,2,241,5.247,0.05,18.04,3px2 a ,3px2,3px2 a 
1itx, a ,2,451,4.574,0.054,21.327,1itx a ,1itx,1itx a 
1xqs, d ,2,165,3.465,0.031,20.296,1xqs d ,1xqs,1xqs d 
2r0y, a ,2,281,7.023,0.041,20.358,2r0y a ,2r0y,2r0y a 
2elc, b ,2,329,4.765,0.057,21.057,2elc b ,2elc,2elc b 
1exr, a ,2,183,2.891,0.023,21.499,1exr a ,1exr,1exr a 
3d6w, b ,2,107,5.067,0.05,14.333,3d6w b ,3d6w,3d6w b 
3k9p, a ,2,199,5.938,0.04,18.495,3k9p a ,3k9p,3k9p a 
1fgj, b ,2,499,5.078,0.035,26.267,1fgj b ,1fgj,1fgj b 
1evl, b ,2,401,3.878,0.033,29.222,1evl b ,1evl,1evl b 
3eag, a ,2,316,4.805,0.046,21.951,3eag a ,3eag,3eag a 
2i05, a ,2,305,3.041,0.029,23.989,2i05 a ,2i05,2i05 a 
1e9z, a ,2,238,0.344,0.012,33.16,1e9z a ,1e9z,1e9z a 
2psp, b ,2,105,4.52,0.037,30.936,2psp b ,2psp,2psp b 
1k7i, a ,2,462,3.874,0.034,26.926,1k7i a ,1k7i,1k7i a 
1d9k, d ,2,188,1.136,0.015,27.462,1d9k d ,1d9k,1d9k d 
2eut, a ,2,291,6.487,0.055,19.981,2eut a ,2eut,2eut a 
1k3y, a ,2,221,7.152,0.046,19.755,1k3y a ,1k3y,1k3y a 
3d5k, a ,2,454,2.533,0.013,46.639,3d5k a ,3d5k,3d5k a 
1r8m, e ,2,195,3.729,0.032,19.972,1r8m e ,1r8m,1r8m e 
2gk9, d ,2,250,3.671,0.041,20.433,2gk9 d ,2gk9,2gk9 d 
1vsg, a ,2,362,1.694,0.015,33.413,1vsg a ,1vsg,1vsg a 
3bz1, o ,2,243,4.381,0.032,22.986,3bz1 o ,3bz1,3bz1 o 
1ddz, a ,2,481,4.191,0.048,24.07,1ddz a ,1ddz,1ddz a 
2g3p, b ,2,201,2.796,0.037,18.998,2g3p b ,2g3p,2g3p b 
2vqe, c ,2,206,1.639,0.038,29.168,2vqe c ,2vqe,2vqe c 
3bf5, a ,2,278,5.474,0.047,19.9,3bf5 a ,3bf5,3bf5 a 
2jhk, f ,2,229,9.368,0.06,16.622,2jhk f ,2jhk,2jhk f 
1nh2, d ,2,105,3.125,0.026,17.091,1nh2 d ,1nh2,1nh2 d 
1hnd, a ,2,317,9.807,0.06,19.305,1hnd a ,1hnd,1hnd a 
3gyx, c ,2,662,5.249,0.052,123.904,3gyx c ,3gyx,3gyx c 
2r6z, b ,2,239,6.598,0.043,21.748,2r6z b ,2r6z,2r6z b 
1inl, d ,2,282,4.554,0.049,20.649,1inl d ,1inl,1inl d 
3h90, b ,2,283,6.16,0.022,26.174,3h90 b ,3h90,3h90 b 
1dw9, b ,2,152,1.132,0.029,18.898,1dw9 b ,1dw9,1dw9 b 
1hm9, a ,2,463,1.736,0.02,31.771,1hm9 a ,1hm9,1hm9 a 
2oyo, a ,2,184,7.143,0.046,17.102,2oyo a ,2oyo,2oyo a 
3c6f, a ,2,138,0.594,0.01,25.493,3c6f a ,3c6f,3c6f a 
3bt3, b ,2,129,5.791,0.041,15.984,3bt3 b ,3bt3,3bt3 b 
2bmq, a ,2,452,4.455,0.051,23.369,2bmq a ,2bmq,2bmq a 
1twf, c ,2,266,3.42,0.025,27.031,1twf c ,1twf,1twf c 
1qhu, a ,2,398,1.386,0.037,23.447,1qhu a ,1qhu,1qhu a 
1xgk, a ,2,325,4.348,0.047,20.927,1xgk a ,1xgk,1xgk a 
1wao,4,2,466,3.472,0.047,31.824,1wao4,1wao,1wao4
1hbn, e ,2,442,3.532,0.042,24.748,1hbn e ,1hbn,1hbn e 
2an6, a ,2,191,7.915,0.037,19.38,2an6 a ,2an6,2an6 a 
3c2q, b ,2,323,3.592,0.036,22.836,3c2q b ,3c2q,3c2q b 
3cwv, b ,2,314,3.499,0.037,22.265,3cwv b ,3cwv,3cwv b 
1r0m, b ,2,360,5.204,0.05,21.104,1r0m b ,1r0m,1r0m b 
1bmt, a ,2,246,2.686,0.043,20.892,1bmt a ,1bmt,1bmt a 
1rl9, a ,2,356,5.481,0.05,21.474,1rl9 a ,1rl9,1rl9 a 
2b8n, a ,2,411,1.862,0.039,25.009,2b8n a ,2b8n,2b8n a 
2px6, b ,2,263,4.255,0.046,19.264,2px6 b ,2px6,2px6 b 
3jyu, a ,2,217,2.311,0.023,24.038,3jyu a ,3jyu,3jyu a 
3cj8, c ,3,214,1.726,0.024,23.497,3cj8 c ,3cj8,3cj8 c 
1ckm, a ,3,317,3.521,0.04,21.876,1ckm a ,1ckm,1ckm a 
2q66, a ,3,551,3.071,0.045,24.832,2q66 a ,2q66,2q66 a 
1l0w, a ,3,580,2.234,0.025,30.949,1l0w a ,1l0w,1l0w a 
1ja0, b ,3,432,2.16,0.032,25.915,1ja0 b ,1ja0,1ja0 b 
3bg2, b ,3,397,4.777,0.046,22.96,3bg2 b ,3bg2,3bg2 b 
1l1l, b ,3,717,3.571,0.047,27.174,1l1l b ,1l1l,1l1l b 
1wru, a ,3,325,6.683,0.036,22.829,1wru a ,1wru,1wru a 
1ff9, a ,3,447,3.29,0.04,24.923,1ff9 a ,1ff9,1ff9 a 
1w27, b ,3,689,3.089,0.025,34.158,1w27 b ,1w27,1w27 b 
1gqi, a ,3,708,5.979,0.047,26.154,1gqi a ,1gqi,1gqi a 
3git, b ,3,421,3.513,0.049,23.86,3git b ,3git,3git b 
3gzh, a ,3,474,3.145,0.021,31.535,3gzh a ,3gzh,3gzh a 
1qsa, a ,3,618,4.471,0.027,30.275,1qsa a ,1qsa,1qsa a 
2qee, b ,3,417,5.009,0.045,22.885,2qee b ,2qee,2qee b 
3bl7, b ,3,289,0.566,0.025,23.866,3bl7 b ,3bl7,3bl7 b 
1n62, c ,3,288,6.224,0.053,27.543,1n62 c ,1n62,1n62 c 
1jeu, a ,3,517,3.875,0.047,23.326,1jeu a ,1jeu,1jeu a 
1r0v, b ,3,244,3.533,0.032,21.598,1r0v b ,1r0v,1r0v b 
3cdd, b ,3,325,7.451,0.032,23.878,3cdd b ,3cdd,3cdd b 
1vcl, b ,3,431,3.32,0.044,24.524,1vcl b ,1vcl,1vcl b 
1a8h, a ,3,500,3.61,0.034,27.204,1a8h a ,1a8h,1a8h a 
1z8g, a ,3,366,1.633,0.047,21.469,1z8g a ,1z8g,1z8g a 
3sf6, a ,3,401,5.254,0.052,21.969,3sf6 a ,3sf6,3sf6 a 
2as0, b ,3,382,2.666,0.038,24.518,2as0 b ,2as0,2as0 b 
1cqx, a ,3,403,3.864,0.042,23.756,1cqx a ,1cqx,1cqx a 
3mn5, a ,3,347,2.96,0.046,21.234,3mn5 a ,3mn5,3mn5 a 
1du3, b ,3,110,2.948,0.015,21.254,1du3 b ,1du3,1du3 b 
2wfp, a ,3,399,4.025,0.043,22.438,2wfp a ,2wfp,2wfp a 
2fml, b ,3,255,3.524,0.031,23.131,2fml b ,2fml,2fml b 
1mox, b ,3,501,0.896,0.031,28.575,1mox b ,1mox,1mox b 
1elv, a ,3,303,0.838,0.039,21.762,1elv a ,1elv,1elv a 
1m61, a ,3,259,2.111,0.036,21.029,1m61 a ,1m61,1m61 a 
1w1q, a ,3,479,3.076,0.049,23.347,1w1q a ,1w1q,1w1q a 
1vqo, p ,3,143,1.383,0.005,40.024,1vqo p ,1vqo,1vqo p 
1w79, a ,3,466,3.679,0.039,24.779,1w79 a ,1w79,1w79 a 
1d0c, a ,3,416,5.755,0.042,22.907,1d0c a ,1d0c,1d0c a 
3gku, b ,3,187,3.846,0.016,25.135,3gku b ,3gku,3gku b 
2p02, a ,3,401,5.487,0.047,21.911,2p02 a ,2p02,2p02 a 
2rij, a ,3,388,2.708,0.03,26.19,2rij a ,2rij,2rij a 
2o8r, a ,3,634,0.794,0.033,33.729,2o8r a ,2o8r,2o8r a 
1bgv, a ,3,449,2.27,0.052,22.12,1bgv a ,1bgv,1bgv a 
2pw9, a ,3,232,7.3,0.047,20.742,2pw9 a ,2pw9,2pw9 a 
1ig8, a ,3,469,3.292,0.04,25.992,1ig8 a ,1ig8,1ig8 a 
2re3, b ,3,182,5.061,0.039,18.568,2re3 b ,2re3,2re3 b 
1k87, a ,3,514,1.933,0.032,28.58,1k87 a ,1k87,1k87 a 
1kjw, a ,3,292,2.6,0.036,21.966,1kjw a ,1kjw,1kjw a 
1k92, a ,3,467,4.67,0.031,27.77,1k92 a ,1k92,1k92 a 
1b25, a ,3,611,6.292,0.062,27.645,1b25 a ,1b25,1b25 a 
1t11, b ,3,374,1.703,0.019,61.668,1t11 b ,1t11,1t11 b 
1hei, a ,3,443,2.915,0.038,24.132,1hei a ,1hei,1hei a 
1z40, a ,3,311,5.997,0.049,20.51,1z40 a ,1z40,1z40 a 
1tky, a ,3,224,7.297,0.043,19.337,1tky a ,1tky,1tky a 
2ck3, c ,3,490,5.003,0.037,28.761,2ck3 c ,2ck3,2ck3 c 
2oas, b ,3,420,4.056,0.046,23.998,2oas b ,2oas,2oas b 
1ra6, a ,3,457,4.348,0.043,32.399,1ra6 a ,1ra6,1ra6 a 
1vdk, a ,3,458,2.878,0.022,31.655,1vdk a ,1vdk,1vdk a 
1fc6, a ,3,382,4.8,0.041,24.112,1fc6 a ,1fc6,1fc6 a 
3dcl, b ,3,271,9.729,0.057,19.909,3dcl b ,3dcl,3dcl b 
1kyq, a ,3,256,2.461,0.02,25.696,1kyq a ,1kyq,1kyq a 
1rwa, a ,3,756,4.371,0.042,28.474,1rwa a ,1rwa,1rwa a 
3k75, d ,3,252,6.33,0.035,20.517,3k75 d ,3k75,3k75 d 
2fok, b ,3,560,3.138,0.036,28.554,2fok b ,2fok,2fok b 
2pw9, b ,3,231,8.178,0.047,21.032,2pw9 b ,2pw9,2pw9 b 
3k40, b ,3,447,3.198,0.038,24.703,3k40 b ,3k40,3k40 b 
1wmk, a ,3,303,7.011,0.043,21.062,1wmk a ,1wmk,1wmk a 
3bf0, a ,3,474,3.854,0.033,26.518,3bf0 a ,3bf0,3bf0 a 
1z5b, b ,3,460,2.836,0.039,28.65,1z5b b ,1z5b,1z5b b 
1gqi, b ,3,708,6.372,0.047,26.506,1gqi b ,1gqi,1gqi b 
1lox, a ,3,647,4.232,0.038,31.584,1lox a ,1lox,1lox a 
2qma, b ,3,450,4.245,0.036,26.342,2qma b ,2qma,2qma b 
1n7v, a ,3,533,1.766,0.014,78.944,1n7v a ,1n7v,1n7v a 
2mbr, a ,3,340,5.31,0.048,20.439,2mbr a ,2mbr,2mbr a 
2zy9, b ,3,429,1.423,0.02,30.071,2zy9 b ,2zy9,2zy9 b 
1j70, a ,3,512,1.346,0.034,29.487,1j70 a ,1j70,1j70 a 
2b5u, a ,3,470,1.133,0.013,39.592,2b5u a ,2b5u,2b5u a 
1ep3, b ,3,261,5.74,0.054,24.223,1ep3 b ,1ep3,1ep3 b 
3qvp, a ,3,581,7.011,0.055,23.227,3qvp a ,3qvp,3qvp a 
2a91, a ,3,506,2.391,0.036,26.946,2a91 a ,2a91,2a91 a 
1b25, b ,3,611,6.13,0.062,26.6,1b25 b ,1b25,1b25 b 
1s4b, p ,3,654,6.091,0.04,27.368,1s4b p ,1s4b,1s4b p 
3bh1, b ,3,493,3.117,0.031,32.007,3bh1 b ,3bh1,3bh1 b 
2dsj, b ,3,423,5,0.047,25.008,2dsj b ,2dsj,2dsj b 
3git, c ,3,421,3.442,0.049,25.83,3git c ,3git,3git c 
2fh1, b ,3,324,5.674,0.043,22.868,2fh1 b ,2fh1,2fh1 b 
2cxn, a ,3,557,3.527,0.039,26.067,2cxn a ,2cxn,2cxn a 
1e88, a ,3,160,3.13,0.034,18.167,1e88 a ,1e88,1e88 a 
3b55, a ,3,400,4.483,0.045,23.043,3b55 a ,3b55,3b55 a 
3moe, a ,3,651,3.792,0.051,24.75,3moe a ,3moe,3moe a 
2z48, a ,3,431,3.109,0.043,22.779,2z48 a ,2z48,2z48 a 
1nbf, a ,3,347,5.906,0.04,22.869,1nbf a ,1nbf,1nbf a 
2pgs, a ,3,382,4.691,0.045,21.718,2pgs a ,2pgs,2pgs a 
1rdr, a ,3,316,2.259,0.04,22.687,1rdr a ,1rdr,1rdr a 
1fcd, b ,3,401,2.916,0.048,22.355,1fcd b ,1fcd,1fcd b 
1ciy, a ,3,577,3.868,0.042,27.886,1ciy a ,1ciy,1ciy a 
1gri, a ,3,211,0.901,0.03,21.903,1gri a ,1gri,1gri a 
1h5w, b ,3,255,3.456,0.013,32.457,1h5w b ,1h5w,1h5w b 
3dcl, d ,3,273,10.08,0.058,18.779,3dcl d ,3dcl,3dcl d 
1zja, b ,3,565,5.767,0.05,24.378,1zja b ,1zja,1zja b 
1d0c, b ,3,414,5.844,0.042,23.56,1d0c b ,1d0c,1d0c b 
1hrd, a ,3,449,2.222,0.046,23.854,1hrd a ,1hrd,1hrd a 
1fc7, a ,3,386,4.54,0.041,24.14,1fc7 a ,1fc7,1fc7 a 
2g50, c ,3,538,6.337,0.046,24.627,2g50 c ,2g50,2g50 c 
3g5c, a ,3,486,2.778,0.039,25.152,3g5c a ,3g5c,3g5c a 
1qzx, a ,3,425,2.891,0.023,29.79,1qzx a ,1qzx,1qzx a 
1mbm, b ,3,192,5.89,0.048,18.687,1mbm b ,1mbm,1mbm b 
2qdz, a ,3,516,3.711,0.028,29.115,2qdz a ,2qdz,2qdz a 
3bin, a ,3,286,4.283,0.037,22.318,3bin a ,3bin,3bin a 
1hjp, a ,3,186,1.868,0.032,19.607,1hjp a ,1hjp,1hjp a 
1jeq, b ,3,520,2.837,0.024,31.852,1jeq b ,1jeq,1jeq b 
2h12, a ,3,418,6.585,0.041,23.83,2h12 a ,2h12,2h12 a 
1pn0, a ,3,652,4.178,0.042,28.074,1pn0 a ,1pn0,1pn0 a 
1mus, a ,3,458,3.667,0.038,26.917,1mus a ,1mus,1mus a 
1bi2, a ,3,214,0.593,0.026,44.261,1bi2 a ,1bi2,1bi2 a 
1kjq, a ,3,388,4.632,0.051,21.187,1kjq a ,1kjq,1kjq a 
2onl, c ,3,317,1.156,0.033,28.463,2onl c ,2onl,2onl c 
2hox, a ,3,426,4.803,0.043,22.706,2hox a ,2hox,2hox a 
1r6z, p ,3,498,0.148,0.025,29.604,1r6z p ,1r6z,1r6z p 
1hbn, a ,3,543,3.429,0.043,25.302,1hbn a ,1hbn,1hbn a 
1zsq, a ,3,513,4.458,0.042,37.018,1zsq a ,1zsq,1zsq a 
1fzc, c ,3,301,0.253,0.019,31.882,1fzc c ,1fzc,1fzc c 
1kjq, b ,3,385,4.701,0.05,21.314,1kjq b ,1kjq,1kjq b 
2hcb, a ,3,317,1.838,0.026,25.036,2hcb a ,2hcb,2hcb a 
1jva, b ,3,430,2.192,0.031,26.442,1jva b ,1jva,1jva b 
1eg7, a ,3,549,4.779,0.052,24.154,1eg7 a ,1eg7,1eg7 a 
1rw9, a ,3,754,4.502,0.042,28.36,1rw9 a ,1rw9,1rw9 a 
2p0m, a ,3,662,4.758,0.038,31.698,2p0m a ,2p0m,2p0m a 
1vr5, a ,3,527,3.365,0.044,28.897,1vr5 a ,1vr5,1vr5 a 
2r4f, a ,3,420,0.922,0.03,28.098,2r4f a ,2r4f,2r4f a 
1xi8, b ,3,265,2.411,0.036,20.722,1xi8 b ,1xi8,1xi8 b 
3ckc, b ,3,499,6.148,0.054,22.269,3ckc b ,3ckc,3ckc b 
2y1e, b ,3,380,4.53,0.051,21.179,2y1e b ,2y1e,2y1e b 
3i2k, a ,3,637,5.117,0.051,25.323,3i2k a ,3i2k,3i2k a 
1b25, c ,3,611,6.174,0.062,24.555,1b25 c ,1b25,1b25 c 
5req, d ,3,619,2.227,0.034,31.108,5req d ,5req,5req d 
3kas, a ,3,633,4.82,0.045,25.876,3kas a ,3kas,3kas a 
2pw9, d ,3,238,6.764,0.047,19.441,2pw9 d ,2pw9,2pw9 d 
2zyd, b ,3,466,3.215,0.038,25.614,2zyd b ,2zyd,2zyd b 
3bxj, b ,3,358,3.282,0.032,24.68,3bxj b ,3bxj,3bxj b 
1de4, c ,3,635,5.418,0.047,37.937,1de4 c ,1de4,1de4 c 
3hhs, b ,3,657,5.526,0.046,27.237,3hhs b ,3hhs,3hhs b 
2rad, b ,3,397,4.57,0.045,22.265,2rad b ,2rad,2rad b 
2v40, a ,3,433,3.518,0.047,23.089,2v40 a ,2v40,2v40 a 
1nj1, a ,3,463,3.643,0.035,35.033,1nj1 a ,1nj1,1nj1 a 
3bh1, d ,3,489,3.144,0.031,31.842,3bh1 d ,3bh1,3bh1 d 
2ptr, a ,3,454,3.248,0.021,30.784,2ptr a ,2ptr,2ptr a 
1h5w, c ,3,251,3.429,0.013,33.461,1h5w c ,1h5w,1h5w c 
3abq, c ,3,459,5.302,0.056,24.237,3abq c ,3abq,3abq c 
1f02, i ,3,282,2.208,0.013,31.745,1f02 i ,1f02,1f02 i 
2d29, a ,3,386,6.191,0.05,24.108,2d29 a ,2d29,2d29 a 
1vqo, b ,3,337,1.463,0.032,32.291,1vqo b ,1vqo,1vqo b 
2o3e, a ,3,665,5.677,0.041,26.501,2o3e a ,2o3e,2o3e a 
1muh, a ,3,455,3.783,0.037,25.705,1muh a ,1muh,1muh a 
1y0p, a ,3,568,5.226,0.048,25.737,1y0p a ,1y0p,1y0p a 
2j8g, a ,3,338,1.765,0.032,24.037,2j8g a ,2j8g,2j8g a 
1qte, a ,3,618,4.486,0.027,30.27,1qte a ,1qte,1qte a 
3a9s, b ,3,589,2.986,0.044,25.878,3a9s b ,3a9s,3a9s b 
1w99, a ,3,580,3.405,0.04,28.707,1w99 a ,1w99,1w99 a 
2gvi, a ,3,198,0.404,0.029,21.089,2gvi a ,2gvi,2gvi a 
3eck, a ,3,367,8.251,0.054,20.89,3eck a ,3eck,3eck a 
1gqe, a ,3,354,4.672,0.033,23.765,1gqe a ,1gqe,1gqe a 
1l1l, c ,3,717,3.593,0.046,28.523,1l1l c ,1l1l,1l1l c 
2jdi, f ,3,468,3.167,0.038,27.347,2jdi f ,2jdi,2jdi f 
3gb8, a ,3,958,2.921,0.023,37.794,3gb8 a ,3gb8,3gb8 a 
1q16, b ,3,509,6.109,0.04,30.241,1q16 b ,1q16,1q16 b 
2vw2, a ,3,658,3.849,0.04,28.174,2vw2 a ,2vw2,2vw2 a 
3g4n, b ,3,428,4.138,0.019,30.373,3g4n b ,3g4n,3g4n b 
1vq8, a ,3,237,1.365,0.025,29.3,1vq8 a ,1vq8,1vq8 a 
3g4o, a ,3,439,2.908,0.018,31.298,3g4o a ,3g4o,3g4o a 
1ade, a ,3,437,3.712,0.046,26.115,1ade a ,1ade,1ade a 
1u8v, b ,3,490,5.044,0.042,27.604,1u8v b ,1u8v,1u8v b 
1aop, a ,3,460,5.639,0.053,22.519,1aop a ,1aop,1aop a 
3bux, b ,3,305,4.783,0.043,20.35,3bux b ,3bux,3bux b 
1iph, c ,3,727,5.073,0.037,28.72,1iph c ,1iph,1iph c 
1tdj, a ,3,494,0.799,0.027,28.763,1tdj a ,1tdj,1tdj a 
2dkv, a ,3,286,0.174,0.036,21.561,2dkv a ,2dkv,2dkv a 
3c8y, a ,3,574,3.067,0.045,25.473,3c8y a ,3c8y,3c8y a 
1uzp, a ,3,152,6.643,0.036,19.008,1uzp a ,1uzp,1uzp a 
1sz0, a ,3,417,1.934,0.041,22.821,1sz0 a ,1sz0,1sz0 a 
1mpg, b ,3,282,9.073,0.05,20.08,1mpg b ,1mpg,1mpg b 
1c4z, b ,3,350,4.297,0.029,26.777,1c4z b ,1c4z,1c4z b 
2j8f, a ,3,338,1.698,0.032,23.902,2j8f a ,2j8f,2j8f a 
3dtb, a ,3,661,3.402,0.052,24.746,3dtb a ,3dtb,3dtb a 
2fok, a ,3,558,2.864,0.036,30.343,2fok a ,2fok,2fok a 
2w16, b ,3,754,5.884,0.042,28.763,2w16 b ,2w16,2w16 b 
1r6t, a ,3,428,4,0.043,23.897,1r6t a ,1r6t,1r6t a 
1bvp,2,3,349,0.612,0.018,32.93,1bvp2,1bvp,1bvp2
1iwe, a ,3,430,6.424,0.05,22.812,1iwe a ,1iwe,1iwe a 
1bg5, a ,3,254,10.488,0.039,21.737,1bg5 a ,1bg5,1bg5 a 
1rk6, a ,3,475,4.967,0.057,21.815,1rk6 a ,1rk6,1rk6 a 
3d1g, b ,3,366,2.296,0.027,30.045,3d1g b ,3d1g,3d1g b 
1gk9, b ,3,595,2.374,0.039,26.298,1gk9 b ,1gk9,1gk9 b 
1gnd, a ,3,430,4.69,0.043,23.883,1gnd a ,1gnd,1gnd a 
3cxl, a ,3,402,4.324,0.031,25.826,3cxl a ,3cxl,3cxl a 
1qzx, b ,3,425,2.891,0.023,29.374,1qzx b ,1qzx,1qzx b 
1ulk, b ,3,126,5.52,0.025,18.636,1ulk b ,1ulk,1ulk b 
3fsp, a ,3,356,2.284,0.029,24.265,3fsp a ,3fsp,3fsp a 
3i6w, b ,3,382,0.618,0.018,29.873,3i6w b ,3i6w,3i6w b 
1kj8, a ,3,386,4.607,0.051,21.465,1kj8 a ,1kj8,1kj8 a 
1zar, a ,3,267,2.933,0.034,22.464,1zar a ,1zar,1zar a 
3qvr, a ,3,586,6.853,0.055,23.31,3qvr a ,3qvr,3qvr a 
1a5t, a ,3,324,1.292,0.03,33.948,1a5t a ,1a5t,1a5t a 
1h3f, a ,3,403,3.283,0.026,28.172,1h3f a ,1h3f,1h3f a 
2h2z, a ,3,306,3.139,0.035,25.364,2h2z a ,2h2z,2h2z a 
2shp, b ,3,491,3.729,0.038,27.31,2shp b ,2shp,2shp b 
1r0v, c ,3,244,3.541,0.032,22.747,1r0v c ,1r0v,1r0v c 
3a9s, c ,3,589,2.977,0.044,26.053,3a9s c ,3a9s,3a9s c 
1ewr, b ,3,522,2.658,0.033,38.774,1ewr b ,1ewr,1ewr b 
1olz, b ,3,621,3.716,0.033,28.981,1olz b ,1olz,1olz b 
1dd9, a ,3,310,4.79,0.033,23.296,1dd9 a ,1dd9,1dd9 a 
2jan, b ,3,405,3.866,0.027,26.754,2jan b ,2jan,2jan b 
1el6, b ,3,208,2.314,0.017,25.888,1el6 b ,1el6,1el6 b 
1s3e, a ,3,499,5.689,0.048,28.328,1s3e a ,1s3e,1s3e a 
1l1l, d ,3,717,3.21,0.046,26.413,1l1l d ,1l1l,1l1l d 
1gdt, b ,3,183,1.471,0.013,27.481,1gdt b ,1gdt,1gdt b 
1z1b, a ,3,348,1.972,0.015,33.985,1z1b a ,1z1b,1z1b a 
3h99, a ,3,544,4.013,0.033,27.424,3h99 a ,3h99,3h99 a 
2qrt, a ,3,398,2.458,0.035,23.794,2qrt a ,2qrt,2qrt a 
1g9g, a ,3,640,5.674,0.057,26.151,1g9g a ,1g9g,1g9g a 
1lv0, a ,3,433,4.742,0.045,22.693,1lv0 a ,1lv0,1lv0 a 
2g50, b ,3,538,6.089,0.047,24.62,2g50 b ,2g50,2g50 b 
2hox, b ,3,427,5.741,0.043,23.012,2hox b ,2hox,2hox b 
1pzx, a ,3,277,7.17,0.053,19.786,1pzx a ,1pzx,1pzx a 
1w6g, a ,3,619,5.834,0.042,42.104,1w6g a ,1w6g,1w6g a 
2vw0, a ,3,657,3.373,0.038,28.549,2vw0 a ,2vw0,2vw0 a 
1c7y, a ,3,199,2.918,0.037,19.275,1c7y a ,1c7y,1c7y a 
1hfe, l ,3,412,4.625,0.057,21.022,1hfe l ,1hfe,1hfe l 
2wbm, a ,3,243,3.399,0.021,25.392,2wbm a ,2wbm,2wbm a 
2van, a ,3,240,5.995,0.034,21.077,2van a ,2van,2van a 
1xsz, b ,3,382,3.408,0.042,23,1xsz b ,1xsz,1xsz b 
1owl, a ,3,473,5.521,0.042,24.713,1owl a ,1owl,1owl a 
2g50, f ,3,542,6.39,0.046,25.44,2g50 f ,2g50,2g50 f 
1aip, d ,3,195,7.5,0.03,24.744,1aip d ,1aip,1aip d 
1gkf, b ,3,575,2.314,0.038,26.249,1gkf b ,1gkf,1gkf b 
1cqx, b ,3,403,4.5,0.042,24.246,1cqx b ,1cqx,1cqx b 
2w8h, a ,3,323,4.03,0.015,31.382,2w8h a ,2w8h,2w8h a 
3c0n, a ,3,450,1.997,0.018,31.348,3c0n a ,3c0n,3c0n a 
3b39, a ,3,317,4.319,0.034,23.216,3b39 a ,3b39,3b39 a 
1ei5, a ,3,518,4.148,0.048,23.301,1ei5 a ,1ei5,1ei5 a 
3git, d ,3,422,3.436,0.049,23.549,3git d ,3git,3git d 
1e5q, a ,3,449,4.265,0.045,24.006,1e5q a ,1e5q,1e5q a 
2w8h, b ,3,323,4.034,0.015,32.27,2w8h b ,2w8h,2w8h b 
2aop, a ,3,456,5.29,0.054,22.347,2aop a ,2aop,2aop a 
3do6, a ,3,547,4.794,0.052,24.385,3do6 a ,3do6,3do6 a 
3gf3, a ,3,563,2.386,0.041,25.831,3gf3 a ,3gf3,3gf3 a 
1qzf, b ,3,519,2.722,0.031,49.919,1qzf b ,1qzf,1qzf b 
1ltl, b ,3,239,4.937,0.038,21.682,1ltl b ,1ltl,1ltl b 
1nxu, a ,3,317,4.582,0.046,20.461,1nxu a ,1nxu,1nxu a 
2rad, a ,3,395,4.933,0.045,22.373,2rad a ,2rad,2rad a 
1n62, f ,3,286,6.213,0.053,34.775,1n62 f ,1n62,1n62 f 
2wzk, a ,3,372,2.277,0.013,37.161,2wzk a ,2wzk,2wzk a 
1g9j, a ,3,639,5.612,0.056,26.157,1g9j a ,1g9j,1g9j a 
1lfp, a ,3,241,4.494,0.047,18.75,1lfp a ,1lfp,1lfp a 
3lid, a ,3,280,2.876,0.036,21.547,3lid a ,3lid,3lid a 
1sox, b ,3,458,5.995,0.045,23.906,1sox b ,1sox,1sox b 
2idb, b ,3,444,3.666,0.037,26.548,2idb b ,2idb,2idb b 
3ck7, a ,3,496,6.208,0.053,22.481,3ck7 a ,3ck7,3ck7 a 
2r4f, d ,3,394,6.121,0.034,25.8,2r4f d ,2r4f,2r4f d 
1su8, a ,3,633,6.449,0.056,25.067,1su8 a ,1su8,1su8 a 
1dt9, a ,3,398,1.075,0.021,32.355,1dt9 a ,1dt9,1dt9 a 
3ol2, a ,3,614,4.515,0.033,29.843,3ol2 a ,3ol2,3ol2 a 
1fae, a ,3,629,5.78,0.055,26.16,1fae a ,1fae,1fae a 
1wp9, a ,3,479,1.327,0.024,29.655,1wp9 a ,1wp9,1wp9 a 
3cdd, a ,3,329,6.402,0.034,24.215,3cdd a ,3cdd,3cdd a 
1cf3, a ,3,581,6.984,0.053,24.138,1cf3 a ,1cf3,1cf3 a 
1nol, a ,3,607,4.161,0.05,24.415,1nol a ,1nol,1nol a 
1aip, g ,3,195,6.421,0.03,22.056,1aip g ,1aip,1aip g 
2h12, b ,3,426,6.432,0.042,24.212,2h12 b ,2h12,2h12 b 
1vqp, p ,3,143,1.386,0.005,39.944,1vqp p ,1vqp,1vqp p 
1dce, a ,3,566,1.676,0.02,32.821,1dce a ,1dce,1dce a 
2d29, b ,3,386,5.849,0.05,23.873,2d29 b ,2d29,2d29 b 
1qmf, a ,3,559,5.708,0.048,27.949,1qmf a ,1qmf,1qmf a 
1e8c, b ,3,484,3.801,0.041,25.896,1e8c b ,1e8c,1e8c b 
1kp8, a ,3,525,2.626,0.035,29.082,1kp8 a ,1kp8,1kp8 a 
1el6, c ,3,208,2.323,0.017,25.272,1el6 c ,1el6,1el6 c 
1rer, a ,3,391,2.649,0.016,33.447,1rer a ,1rer,1rer a 
1jev, a ,3,517,3.967,0.049,23.046,1jev a ,1jev,1jev a 
1sx3, b ,3,525,2.505,0.035,29.366,1sx3 b ,1sx3,1sx3 b 
3cbl, a ,3,356,2.87,0.032,24.24,3cbl a ,3cbl,3cbl a 
1udx, a ,3,412,2.662,0.015,32.73,1udx a ,1udx,1udx a 
2ozg, a ,3,389,3.599,0.041,22.558,2ozg a ,2ozg,2ozg a 
2qri, a ,3,398,2.48,0.035,24.259,2qri a ,2qri,2qri a 
2xhi, a ,3,316,7.343,0.047,20.256,2xhi a ,2xhi,2xhi a 
1vqp, b ,3,337,1.463,0.032,32.235,1vqp b ,1vqp,1vqp b 
1ltl, c ,3,239,4.181,0.037,22.685,1ltl c ,1ltl,1ltl c 
2r9r, b ,3,386,0.547,0.014,36.66,2r9r b ,2r9r,2r9r b 
2bpl, a ,3,608,2.077,0.041,27.35,2bpl a ,2bpl,2bpl a 
2i1o, a ,3,389,4.695,0.033,27.461,2i1o a ,2i1o,2i1o a 
1ed5, a ,3,416,5.75,0.041,23.002,1ed5 a ,1ed5,1ed5 a 
3b39, b ,3,310,4.966,0.035,22.704,3b39 b ,3b39,3b39 b 
1jzs, a ,3,821,2.622,0.025,34.605,1jzs a ,1jzs,1jzs a 
1goi, b ,3,498,5.222,0.043,25.709,1goi b ,1goi,1goi b 
1dfa, a ,3,405,2.593,0.035,27.658,1dfa a ,1dfa,1dfa a 
2v52, b ,3,395,2.886,0.052,21.305,2v52 b ,2v52,2v52 b 
3h5q, a ,3,425,2.765,0.045,23.184,3h5q a ,3h5q,3h5q a 
3bux, d ,3,305,4.39,0.043,20.551,3bux d ,3bux,3bux d 
1b9m, b ,3,244,1.778,0.014,27.598,1b9m b ,1b9m,1b9m b 
3dtb, b ,3,638,3.406,0.05,25.082,3dtb b ,3dtb,3dtb b 
3ial, a ,3,497,4.114,0.035,28.041,3ial a ,3ial,3ial a 
2x5o, a ,3,460,4.668,0.046,23.055,2x5o a ,2x5o,2x5o a 
1tje, a ,3,224,7.279,0.043,19.285,1tje a ,1tje,1tje a 
1kl7, b ,3,503,5.059,0.052,22.456,1kl7 b ,1kl7,1kl7 b 
1bvp,3,3,349,0.611,0.018,32.545,1bvp3,1bvp,1bvp3
1i1i, p ,3,665,5.467,0.042,26.404,1i1i p ,1i1i,1i1i p 
1vqo, a ,3,237,1.365,0.025,29.352,1vqo a ,1vqo,1vqo a 
1m1g, a ,3,240,0.428,0.021,26.446,1m1g a ,1m1g,1m1g a 
1sez, a ,3,456,3.416,0.041,23.861,1sez a ,1sez,1sez a 
1fzc, f ,3,301,0.256,0.019,33.719,1fzc f ,1fzc,1fzc f 
1ikp, a ,3,606,2.454,0.041,26.591,1ikp a ,1ikp,1ikp a 
1y8q, b ,3,510,2.462,0.034,27.329,1y8q b ,1y8q,1y8q b 
1jnr, a ,3,642,5.485,0.056,27.464,1jnr a ,1jnr,1jnr a 
3c6k, a ,3,335,2.231,0.023,27.633,3c6k a ,3c6k,3c6k a 
1kp8, b ,3,525,2.49,0.035,29.334,1kp8 b ,1kp8,1kp8 b 
1hbn, d ,3,543,3.383,0.043,26.05,1hbn d ,1hbn,1hbn d 
1h54, a ,3,752,3.655,0.044,27.369,1h54 a ,1h54,1h54 a 
2o1w, b ,3,469,2.417,0.027,29.915,2o1w b ,2o1w,2o1w b 
1qzf, c ,3,519,2.725,0.031,75.685,1qzf c ,1qzf,1qzf c 
3dk9, a ,3,480,1.83,0.04,24.712,3dk9 a ,3dk9,3dk9 a 
1sly, a ,3,618,2.458,0.026,30.477,1sly a ,1sly,1sly a 
1ikq, a ,3,606,2.573,0.042,26.429,1ikq a ,1ikq,1ikq a 
3d6z, a ,3,277,0.993,0.012,31.916,3d6z a ,3d6z,3d6z a 
1exj, a ,3,275,0.992,0.012,34.869,1exj a ,1exj,1exj a 
1u4q, a ,3,323,2.212,0.005,44.861,1u4q a ,1u4q,1u4q a 
1zja, a ,3,568,5.77,0.051,23.259,1zja a ,1zja,1zja a 
1xi8, a ,3,269,2.354,0.037,20.829,1xi8 a ,1xi8,1xi8 a 
3gku, a ,3,199,5.219,0.014,27.745,3gku a ,3gku,3gku a 
2o36, a ,3,654,6.034,0.04,27.347,2o36 a ,2o36,2o36 a 
2r9r, h ,3,363,0.432,0.013,42.98,2r9r h ,2r9r,2r9r h 
1gm7, b ,3,580,2.278,0.038,26.263,1gm7 b ,1gm7,1gm7 b 
1kl7, a ,3,503,5.389,0.052,22.841,1kl7 a ,1kl7,1kl7 a 
1e8c, a ,3,482,3.48,0.041,26.636,1e8c a ,1e8c,1e8c a 
2ptr, b ,3,456,3.284,0.021,31.025,2ptr b ,2ptr,2ptr b 
1sr8, a ,3,282,3.339,0.041,21.132,1sr8 a ,1sr8,1sr8 a 
3ckc, a ,3,500,5.938,0.053,22.062,3ckc a ,3ckc,3ckc a 
3dt4, a ,3,635,3.524,0.051,24.956,3dt4 a ,3dt4,3dt4 a 
1sx3, a ,3,525,2.644,0.035,29.101,1sx3 a ,1sx3,1sx3 a 
1h5w, a ,3,249,3.56,0.014,31.862,1h5w a ,1h5w,1h5w a 
3lnm, b ,3,389,0.202,0.013,36.805,3lnm b ,3lnm,3lnm b 
1vq8, b ,3,337,1.461,0.032,32.248,1vq8 b ,1vq8,1vq8 b 
1d4v, a ,3,117,2.885,0.014,24.786,1d4v a ,1d4v,1d4v a 
1c4z, a ,3,350,4.344,0.03,26.452,1c4z a ,1c4z,1c4z a 
1zvr, a ,3,514,4.44,0.042,25.999,1zvr a ,1zvr,1zvr a 
2re3, a ,3,186,4.971,0.039,18.843,2re3 a ,2re3,2re3 a 
3kfl, a ,3,535,2.664,0.037,26.469,3kfl a ,3kfl,3kfl a 
3git, a ,3,422,3.311,0.049,24.943,3git a ,3git,3git a 
1sox, a ,3,463,5.927,0.044,25.262,1sox a ,1sox,1sox a 
1h6w, a ,3,151,0.67,0.005,35.527,1h6w a ,1h6w,1h6w a 
1ewr, a ,3,440,4.645,0.035,37.105,1ewr a ,1ewr,1ewr a 
3ozu, a ,3,409,3.522,0.044,22.445,3ozu a ,3ozu,3ozu a 
1woy, a ,3,500,3.85,0.032,29.61,1woy a ,1woy,1woy a 
1re3, c ,3,288,0.261,0.026,28.787,1re3 c ,1re3,1re3 c 
1q9i, a ,3,568,5.224,0.048,25.7,1q9i a ,1q9i,1q9i a 
1re3, f ,3,291,0.259,0.023,37.939,1re3 f ,1re3,1re3 f 
1f0l, a ,3,531,4.575,0.041,25.511,1f0l a ,1f0l,1f0l a 
1dde, a ,3,310,4.677,0.035,23.005,1dde a ,1dde,1dde a 
3a9s, a ,3,589,2.978,0.043,25.738,3a9s a ,3a9s,3a9s a 
2w8h, c ,3,323,4.04,0.015,31.569,2w8h c ,2w8h,2w8h c 
1vpr, a ,3,344,5.469,0.053,21.137,1vpr a ,1vpr,1vpr a 
1s3e, b ,3,494,5.258,0.049,26.693,1s3e b ,1s3e,1s3e b 
1z5b, a ,3,466,3.007,0.038,28.714,1z5b a ,1z5b,1z5b a 
1r0v, a ,3,244,3.556,0.032,21.613,1r0v a ,1r0v,1r0v a 
3bf0, b ,3,474,3.417,0.034,26.282,3bf0 b ,3bf0,3bf0 b 
3git, e ,3,421,3.44,0.049,23.018,3git e ,3git,3git e 
3hn7, a ,3,488,4.066,0.05,22.921,3hn7 a ,3hn7,3hn7 a 
1e3a, b ,3,562,2.445,0.038,26.059,1e3a b ,1e3a,1e3a b 
1n60, c ,3,286,6.014,0.051,27.673,1n60 c ,1n60,1n60 c 
2hox, c ,3,428,5.49,0.044,23.485,2hox c ,2hox,2hox c 
1mur, a ,3,455,3.557,0.038,25.91,1mur a ,1mur,1mur a 
1okg, a ,3,347,2.778,0.037,22.647,1okg a ,1okg,1okg a 
3ecp, a ,3,460,3.474,0.038,24.886,3ecp a ,3ecp,3ecp a 
3ozw, a ,3,403,3.475,0.043,22.762,3ozw a ,3ozw,3ozw a 
2y1e, a ,3,374,4.032,0.053,20.495,2y1e a ,2y1e,2y1e a 
1fcd, a ,3,401,2.622,0.048,21.543,1fcd a ,1fcd,1fcd a 
1mu5, a ,3,460,4.489,0.038,25.795,1mu5 a ,1mu5,1mu5 a 
2x1l, a ,3,511,4.421,0.034,26.841,2x1l a ,2x1l,2x1l a 
2b7r, a ,3,568,5.146,0.046,26.08,2b7r a ,2b7r,2b7r a 
1r0v, d ,3,243,3.68,0.032,22.499,1r0v d ,1r0v,1r0v d 
3ozw, b ,3,405,3.369,0.043,22.372,3ozw b ,3ozw,3ozw b 
2gno, a ,3,300,1.751,0.032,23.185,2gno a ,2gno,2gno a 
1ldk, a ,3,358,2.63,0.013,34.316,1ldk a ,1ldk,1ldk a 
2ptq, a ,3,459,3.209,0.021,31.284,2ptq a ,2ptq,2ptq a 
1h41, a ,3,700,6.863,0.046,26.198,1h41 a ,1h41,1h41 a 
1xsz, a ,3,384,3.114,0.042,22.883,1xsz a ,1xsz,1xsz a 
1iwe, b ,3,431,5.664,0.049,22.486,1iwe b ,1iwe,1iwe b 
1ltl, a ,3,239,6.904,0.038,21.56,1ltl a ,1ltl,1ltl a 
3fsy, d ,3,312,4.17,0.036,23.531,3fsy d ,3fsy,3fsy d 
1z1b, b ,3,349,2.96,0.015,33.547,1z1b b ,1z1b,1z1b b 
3glm, a ,3,562,2.484,0.042,25.535,3glm a ,3glm,3glm a 
1fbw, a ,3,629,5.787,0.055,26.194,1fbw a ,1fbw,1fbw a 
2p0m, b ,3,662,4.457,0.038,37.938,2p0m b ,2p0m,2p0m b 
3cdd, f ,3,323,7.576,0.033,24.835,3cdd f ,3cdd,3cdd f 
6gep, a ,3,457,5.056,0.054,22.401,6gep a ,6gep,6gep a 
1l1a, a ,3,455,3.557,0.037,26.047,1l1a a ,1l1a,1l1a a 
1olz, a ,3,621,4.091,0.033,29.035,1olz a ,1olz,1olz a 
1f00, i ,3,282,2.189,0.013,31.567,1f00 i ,1f00,1f00 i 
1ulk, a ,3,126,5.428,0.026,18.388,1ulk a ,1ulk,1ulk a 
1vde, a ,3,429,2.538,0.034,25.797,1vde a ,1vde,1vde a 
1zbt, a ,3,311,1.944,0.03,25.361,1zbt a ,1zbt,1zbt a 
1r8e, a ,3,275,0.998,0.012,31.718,1r8e a ,1r8e,1r8e a 
1vdk, b ,3,457,2.812,0.022,31.514,1vdk b ,1vdk,1vdk b 
1p49, a ,3,548,5.268,0.047,25.583,1p49 a ,1p49,1p49 a 
1u8v, a ,3,490,5.103,0.042,26.219,1u8v a ,1u8v,1u8v a 
1su7, a ,3,633,6.651,0.057,24.911,1su7 a ,1su7,1su7 a 
2qri, b ,3,398,2.523,0.035,23.787,2qri b ,2qri,2qri b 
3doa, a ,3,266,4.606,0.041,21.788,3doa a ,3doa,3doa a 
1hrd, b ,3,449,2.222,0.047,23.486,1hrd b ,1hrd,1hrd b 
1rpl, a ,3,241,5.995,0.034,20.537,1rpl a ,1rpl,1rpl a 
1sx3, c ,3,525,2.456,0.035,28.408,1sx3 c ,1sx3,1sx3 c 
4aop, a ,3,453,5.257,0.054,22.337,4aop a ,4aop,4aop a 
1fc9, a ,3,386,5.236,0.04,24.26,1fc9 a ,1fc9,1fc9 a 
1sez, b ,3,456,3.403,0.041,25.011,1sez b ,1sez,1sez b 
2hkj, a ,3,461,4.431,0.038,25.079,2hkj a ,2hkj,2hkj a 
3ozv, a ,3,403,3.448,0.043,22.746,3ozv a ,3ozv,3ozv a 
1c4z, c ,3,350,4.372,0.03,27.705,1c4z c ,1c4z,1c4z c 
3ial, b ,3,506,4.443,0.035,29.226,3ial b ,3ial,3ial b 
1cuk, a ,3,190,2.266,0.033,18.931,1cuk a ,1cuk,1cuk a 
1nxu, b ,3,318,4.7,0.046,20.4,1nxu b ,1nxu,1nxu b 
1xa6, a ,3,399,4.477,0.031,26.047,1xa6 a ,1xa6,1xa6 a 
1gal, a ,3,581,7.016,0.056,23.827,1gal a ,1gal,1gal a 
1y8a, a ,3,324,4.935,0.054,19.731,1y8a a ,1y8a,1y8a a 
1vde, b ,3,428,2.32,0.034,25.534,1vde b ,1vde,1vde b 
1b9m, a ,3,255,1.354,0.018,26.183,1b9m a ,1b9m,1b9m a 
1rwh, a ,3,755,4.586,0.042,28.391,1rwh a ,1rwh,1rwh a 
1pn0, b ,3,652,3.524,0.042,30.721,1pn0 b ,1pn0,1pn0 b 
2zyd, a ,3,464,3.019,0.037,25.494,2zyd a ,2zyd,2zyd a 
1mpg, a ,3,282,8.293,0.05,18.851,1mpg a ,1mpg,1mpg a 
1kj9, b ,3,387,4.663,0.05,20.99,1kj9 b ,1kj9,1kj9 b 
3g0q, a ,3,344,1.62,0.029,24.303,3g0q a ,3g0q,3g0q a 
1fcf, a ,3,387,4.896,0.039,24.714,1fcf a ,1fcf,1fcf a 
5req, b ,3,619,2.225,0.034,28.78,5req b ,5req,5req b 
1wp9, b ,3,477,1.322,0.024,29.63,1wp9 b ,1wp9,1wp9 b 
1qnf, a ,3,475,5.882,0.041,27.985,1qnf a ,1qnf,1qnf a 
1d5f, a ,3,350,3.808,0.03,28.325,1d5f a ,1d5f,1d5f a 
1kp8, c ,3,525,2.484,0.035,28.385,1kp8 c ,1kp8,1kp8 c 
3cj8, b ,3,213,1.73,0.024,23.514,3cj8 b ,3cj8,3cj8 b 
1gm9, b ,3,559,2.4,0.037,26.143,1gm9 b ,1gm9,1gm9 b 
2pw9, c ,3,221,7.879,0.045,19.195,2pw9 c ,2pw9,2pw9 c 
2axq, a ,3,445,3.442,0.038,24.477,2axq a ,2axq,2axq a 
1opl, b ,3,365,3.157,0.028,27.152,1opl b ,1opl,1opl b 
2im9, a ,3,307,8.466,0.05,19.604,2im9 a ,2im9,2im9 a 
1jxm, a ,3,264,2.106,0.037,21.758,1jxm a ,1jxm,1jxm a 
1ijg, a ,3,257,3.422,0.013,33.511,1ijg a ,1ijg,1ijg a 
2h12, c ,3,426,6.605,0.042,24.383,2h12 c ,2h12,2h12 c 
3dt4, c ,3,636,4.031,0.051,26.068,3dt4 c ,3dt4,3dt4 c 
1gdt, a ,3,183,1.466,0.012,27.204,1gdt a ,1gdt,1gdt a 
1zjb, a ,3,563,5.893,0.05,24.519,1zjb a ,1zjb,1zjb a 
1vq8, p ,3,143,1.386,0.005,39.966,1vq8 p ,1vq8,1vq8 p 
1h3f, b ,3,406,0.509,0.021,30.703,1h3f b ,1h3f,1h3f b 
1yqy, a ,3,514,4.357,0.039,25.349,1yqy a ,1yqy,1yqy a 
1b25, d ,3,611,6.162,0.062,25.17,1b25 d ,1b25,1b25 d 
1b4n, a ,3,611,6.218,0.062,27.636,1b4n a ,1b4n,1b4n a 
1pnk, b ,3,557,2.515,0.036,26.918,1pnk b ,1pnk,1pnk b 
1z5a, b ,3,460,2.848,0.039,25.937,1z5a b ,1z5a,1z5a b 
3d6y, a ,3,277,0.991,0.012,32.059,3d6y a ,3d6y,3d6y a 
3k75, e ,3,246,6.498,0.035,21.225,3k75 e ,3k75,3k75 e 
2hhp, a ,3,535,2.484,0.043,24.358,2hhp a ,2hhp,2hhp a 
1ytk, a ,3,389,4.673,0.033,27.456,1ytk a ,1ytk,1ytk a 
2fh1, c ,3,322,4.86,0.043,22.531,2fh1 c ,2fh1,2fh1 c 
3buw, b ,3,305,4.405,0.043,20.367,3buw b ,3buw,3buw b 
2jkb, a ,3,689,4.053,0.042,27.443,2jkb a ,2jkb,2jkb a 
1krh, a ,3,337,3.137,0.049,28.197,1krh a ,1krh,1krh a 
3git, f ,3,421,3.548,0.049,25.484,3git f ,3git,3git f 
1io1, a ,3,395,2.689,0.013,34.973,1io1 a ,1io1,1io1 a 
1tez, a ,3,474,5.028,0.042,24.447,1tez a ,1tez,1tez a 
3cj8, a ,3,216,2.144,0.024,23.524,3cj8 a ,3cj8,3cj8 a 
1ijg, b ,3,257,3.422,0.013,33.539,1ijg b ,1ijg,1ijg b 
1krh, b ,3,337,3.206,0.049,30.434,1krh b ,1krh,1krh b 
3dpl, c ,3,378,4.929,0.027,26.268,3dpl c ,3dpl,3dpl c 
1kj8, b ,3,384,4.993,0.05,20.998,1kj8 b ,1kj8,1kj8 b 
1ckm, b ,3,317,4.373,0.047,20.62,1ckm b ,1ckm,1ckm b 
1hrd, c ,3,449,2.214,0.046,23.116,1hrd c ,1hrd,1hrd c 
3do6, b ,3,543,4.876,0.051,24.683,3do6 b ,3do6,3do6 b 
2a79, b ,3,259,0,0.009,48.599,2a79 b ,2a79,2a79 b 
3bkb, a ,3,373,4.683,0.031,25.204,3bkb a ,3bkb,3bkb a 
3h9c, a ,3,544,4,0.032,27.51,3h9c a ,3h9c,3h9c a 
1e5q, b ,3,449,4.274,0.045,23.711,1e5q b ,1e5q,1e5q b 
1zr4, a ,3,183,1.524,0.014,25.59,1zr4 a ,1zr4,1zr4 a 
1td6, a ,3,286,4.373,0.044,22.742,1td6 a ,1td6,1td6 a 
2ck3, f ,3,469,3.16,0.038,27.389,2ck3 f ,2ck3,2ck3 f 
2hv2, c ,3,379,3.989,0.037,23.928,2hv2 c ,2hv2,2hv2 c 
1b4n, b ,3,611,6.159,0.062,26.603,1b4n b ,1b4n,1b4n b 
3bg2, a ,3,397,4.777,0.046,22.429,3bg2 a ,3bg2,3bg2 a 
1lon, a ,3,431,6.501,0.05,22.344,1lon a ,1lon,1lon a 
1nlt, a ,3,228,2.781,0.01,31.884,1nlt a ,1nlt,1nlt a 
2w8h, d ,3,323,4.04,0.015,31.908,2w8h d ,2w8h,2w8h d 
1ile, a ,3,821,2.785,0.025,34.509,1ile a ,1ile,1ile a 
1exi, a ,3,275,0.991,0.012,35.148,1exi a ,1exi,1exi a 
1vqp, a ,3,237,1.365,0.025,29.291,1vqp a ,1vqp,1vqp a 
1inp, a ,3,400,6.918,0.05,26.829,1inp a ,1inp,1inp a 
1gpe, a ,3,587,7.143,0.057,22.924,1gpe a ,1gpe,1gpe a 
1f0l, b ,3,536,4.718,0.042,26.438,1f0l b ,1f0l,1f0l b 
3dt2, a ,3,662,3.495,0.052,24.834,3dt2 a ,3dt2,3dt2 a 
1vqk, a ,3,237,1.362,0.025,29.316,1vqk a ,1vqk,1vqk a 
1d5t, a ,3,433,4.745,0.045,23.544,1d5t a ,1d5t,1d5t a 
2qgm, a ,3,381,4.656,0.045,22.593,2qgm a ,2qgm,2qgm a 
1ki0, a ,3,253,0.454,0.027,24.031,1ki0 a ,1ki0,1ki0 a 
3h1w, a ,3,390,4.528,0.042,22.336,3h1w a ,3h1w,3h1w a 
1b4n, c ,3,611,6.145,0.062,24.555,1b4n c ,1b4n,1b4n c 
1r6z, a ,3,497,0.149,0.023,30.999,1r6z a ,1r6z,1r6z a 
3o5a, a ,4,794,3.856,0.057,25.596,3o5a a ,3o5a,3o5a a 
2p5z, x ,4,362,2.834,0.031,25.059,2p5z x ,2p5z,2p5z x 
3ar4, a ,4,994,1.561,0.022,40.751,3ar4 a ,3ar4,3ar4 a 
1xd4, a ,4,824,2.453,0.016,40.6,1xd4 a ,1xd4,1xd4 a 
3gir, a ,4,373,3.701,0.049,21.888,3gir a ,3gir,3gir a 
1ja1, a ,4,616,3.079,0.04,26.321,1ja1 a ,1ja1,1ja1 a 
1mw9, x ,4,583,2.1,0.027,30.421,1mw9 x ,1mw9,1mw9 x 
1a31, a ,4,457,1.615,0.026,27.249,1a31 a ,1a31,1a31 a 
1wve, a ,4,522,3.212,0.049,23.193,1wve a ,1wve,1wve a 
3ar7, a ,4,994,1.565,0.022,40.626,3ar7 a ,3ar7,3ar7 a 
3a21, b ,4,617,5.144,0.049,24.929,3a21 b ,3a21,3a21 b 
1rqg, a ,4,606,3.269,0.034,29.31,1rqg a ,1rqg,1rqg a 
1p2z, a ,4,887,2.399,0.023,36.57,1p2z a ,1p2z,1p2z a 
1gpz, a ,4,368,1.047,0.016,33.093,1gpz a ,1gpz,1gpz a 
2ddh, a ,4,622,2.318,0.038,28.128,2ddh a ,2ddh,2ddh a 
1iq8, b ,4,577,2.707,0.038,27.645,1iq8 b ,1iq8,1iq8 b 
1tll, a ,4,630,3.438,0.041,26.069,1tll a ,1tll,1tll a 
3py8, a ,4,540,5.614,0.037,25.811,3py8 a ,3py8,3py8 a 
1epw, a ,4,1287,1.932,0.024,40.692,1epw a ,1epw,1epw a 
2ahx, b ,4,615,2.014,0.015,42.009,2ahx b ,2ahx,2ahx b 
1ok3, a ,4,252,2.227,0.005,41.343,1ok3 a ,1ok3,1ok3 a 
1wve, b ,4,526,3.393,0.049,23.387,1wve b ,1wve,1wve b 
2qts, b ,4,420,1.588,0.018,35.678,2qts b ,2qts,2qts b 
1vqq, b ,4,625,2.017,0.018,36.56,1vqq b ,1vqq,1vqq b 
3bul, a ,4,577,3.133,0.037,28.911,3bul a ,3bul,3bul a 
1f0x, a ,4,502,3.208,0.049,23.97,1f0x a ,1f0x,1f0x a 
1k0r, a ,4,326,1.273,0.014,31.64,1k0r a ,1k0r,1k0r a 
1p7t, a ,4,705,4.122,0.046,32.995,1p7t a ,1p7t,1p7t a 
1it7, a ,4,577,2.571,0.039,28.108,1it7 a ,1it7,1it7 a 
3c8v, a ,4,445,5.611,0.052,29.433,3c8v a ,3c8v,3c8v a 
1xdp, a ,4,687,2.703,0.038,51.215,1xdp a ,1xdp,1xdp a 
2r7f, a ,4,450,2.668,0.036,25.709,2r7f a ,2r7f,2r7f a 
1cza, n ,4,898,0.752,0.018,40.572,1cza n ,1cza,1cza n 
1c96, a ,4,753,4.607,0.055,27.887,1c96 a ,1c96,1c96 a 
3n3r, b ,4,715,2.212,0.038,28.07,3n3r b ,3n3r,3n3r b 
3b7s, a ,4,610,5.925,0.047,25.104,3b7s a ,3b7s,3b7s a 
1sh0, b ,4,503,3.828,0.043,24.59,1sh0 b ,1sh0,1sh0 b 
1ucu, a ,4,494,1.69,0.006,49.437,1ucu a ,1ucu,1ucu a 
3gvl, a ,4,722,0.309,0.025,33.632,3gvl a ,3gvl,3gvl a 
1h3n, a ,4,814,3.085,0.028,33.806,1h3n a ,1h3n,1h3n a 
2wvx, b ,4,713,3.483,0.046,30.568,2wvx b ,2wvx,2wvx b 
3ogu, a ,4,326,2.242,0.028,25.21,3ogu a ,3ogu,3ogu a 
1lml, a ,4,465,5.506,0.045,23.511,1lml a ,1lml,1lml a 
1df0, a ,4,624,2.146,0.026,37.282,1df0 a ,1df0,1df0 a 
1g8m, b ,4,580,1.347,0.019,33.895,1g8m b ,1g8m,1g8m b 
1opk, a ,4,449,3.072,0.039,24.381,1opk a ,1opk,1opk a 
3hu3, b ,4,446,2.585,0.031,25.881,3hu3 b ,3hu3,3hu3 b 
1c97, a ,4,753,5.296,0.055,27.881,1c97 a ,1c97,1c97 a 
2efg, a ,4,582,1.404,0.022,32.727,2efg a ,2efg,2efg a 
1c7s, a ,4,858,4.204,0.046,28.147,1c7s a ,1c7s,1c7s a 
1m3i, a ,4,465,3.569,0.017,34.322,1m3i a ,1m3i,1m3i a 
1mw8, x ,4,580,1.912,0.027,30.309,1mw8 x ,1mw8,1mw8 x 
1p30, a ,4,891,2.38,0.023,36.787,1p30 a ,1p30,1p30 a 
3clq, b ,4,401,6.688,0.054,24.813,3clq b ,3clq,3clq b 
1ba1, a ,4,378,6.275,0.048,21.475,1ba1 a ,1ba1,1ba1 a 
1c4k, a ,4,728,4.337,0.036,30.307,1c4k a ,1c4k,1c4k a 
1hyu, a ,4,521,1.952,0.04,25.804,1hyu a ,1hyu,1hyu a 
1n8y, c ,4,592,3.581,0.023,35.98,1n8y c ,1n8y,1n8y c 
1lsh, a ,4,1019,2.708,0.034,33.893,1lsh a ,1lsh,1lsh a 
1j7n, b ,4,736,3.307,0.027,34.613,1j7n b ,1j7n,1j7n b 
1dhx, a ,4,905,2.112,0.022,37.75,1dhx a ,1dhx,1dhx a 
1rt8, a ,4,467,3.95,0.037,25.36,1rt8 a ,1rt8,1rt8 a 
1qcf, a ,4,449,1.004,0.037,24.835,1qcf a ,1qcf,1qcf a 
1jg9, a ,4,628,4.13,0.047,26.3,1jg9 a ,1jg9,1jg9 a 
1ky9, b ,4,383,3.045,0.038,23.426,1ky9 b ,1ky9,1ky9 b 
1urz, a ,4,382,2.992,0.017,32.092,1urz a ,1urz,1urz a 
1fbv, a ,4,388,3.363,0.043,33.708,1fbv a ,1fbv,1fbv a 
1e5w, a ,4,346,5.636,0.029,25.737,1e5w a ,1e5w,1e5w a 
3mfi, a ,4,526,2.2,0.033,27.056,3mfi a ,3mfi,3mfi a 
1jey, a ,4,493,2.227,0.024,29.491,1jey a ,1jey,1jey a 
1j7n, a ,4,725,3.098,0.027,34.821,1j7n a ,1j7n,1j7n a 
1rrj, a ,4,564,0.894,0.025,30.034,1rrj a ,1rrj,1rrj a 
1zxv, b ,4,736,3.24,0.027,34.518,1zxv b ,1zxv,1zxv b 
3mjf, a ,4,458,4.501,0.049,22.565,3mjf a ,3mjf,3mjf a 
1xd4, b ,4,824,2.553,0.017,39.256,1xd4 b ,1xd4,1xd4 b 
1d8c, a ,4,688,3.872,0.044,26.328,1d8c a ,1d8c,1d8c a 
3a5x, a ,4,494,1.65,0.006,49.259,3a5x a ,3a5x,3a5x a 
1ord, b ,4,730,3.153,0.036,45.667,1ord b ,1ord,1ord b 
2cvc, a ,4,500,1.429,0.019,34.024,2cvc a ,2cvc,2cvc a 
1nkt, a ,4,836,0.93,0.026,40.864,1nkt a ,1nkt,1nkt a 
1gso, a ,4,427,5.714,0.048,23.147,1gso a ,1gso,1gso a 
1jmu, d ,4,608,1.764,0.015,41.035,1jmu d ,1jmu,1jmu d 
1lxm, a ,4,794,2.316,0.033,31.11,1lxm a ,1lxm,1lxm a 
2hau, b ,4,667,2.409,0.03,30.035,2hau b ,2hau,2hau b 
1g8l, b ,4,403,1.803,0.018,31.366,1g8l b ,1g8l,1g8l b 
1epu, a ,4,527,4.618,0.037,26.921,1epu a ,1epu,1epu a 
1m3i, b ,4,465,3.369,0.018,33.195,1m3i b ,1m3i,1m3i b 
2nqs, a ,4,403,1.517,0.017,31.739,2nqs a ,2nqs,2nqs a 
1jrp, a ,4,450,3.405,0.044,23.463,1jrp a ,1jrp,1jrp a 
1eg4, a ,4,260,7.233,0.049,19.315,1eg4 a ,1eg4,1eg4 a 
1eu1, a ,4,766,4.449,0.049,26.677,1eu1 a ,1eu1,1eu1 a 
2uxw, a ,4,567,4.421,0.042,25.508,2uxw a ,2uxw,2uxw a 
1t6b, x ,4,676,3.883,0.025,33.089,1t6b x ,1t6b,1t6b x 
3lfu, a ,4,633,4.411,0.035,27.726,3lfu a ,3lfu,3lfu a 
1ofd, b ,4,1491,3.527,0.051,32.892,1ofd b ,1ofd,1ofd b 
1wth, a ,4,571,2.053,0.016,38.222,1wth a ,1wth,1wth a 
1jmu, f ,4,608,1.766,0.015,41.096,1jmu f ,1jmu,1jmu f 
1s0e, a ,4,1287,1.794,0.024,40.529,1s0e a ,1s0e,1s0e a 
2p3y, b ,4,447,4.124,0.04,25.602,2p3y b ,2p3y,2p3y b 
1vk3, a ,4,570,8.055,0.048,25.697,1vk3 a ,1vk3,1vk3 a 
1ubd, c ,4,114,1.786,0.016,20.373,1ubd c ,1ubd,1ubd c 
3bg3, b ,4,603,4.596,0.048,25.361,3bg3 b ,3bg3,3bg3 b 
1ami, a ,4,753,4.429,0.054,26.89,1ami a ,1ami,1ami a 
1v0e, d ,4,666,0.359,0.024,33.29,1v0e d ,1v0e,1v0e d 
1fmk, a ,4,437,1.475,0.037,24.179,1fmk a ,1fmk,1fmk a 
1sqf, a ,4,425,2.763,0.039,23.424,1sqf a ,1sqf,1sqf a 
2qts, c ,4,418,1.955,0.019,34.756,2qts c ,2qts,2qts c 
1keh, a ,4,683,3.753,0.047,26.507,1keh a ,1keh,1keh a 
1uz5, a ,4,391,2.043,0.015,32.98,1uz5 a ,1uz5,1uz5 a 
1r6v, a ,4,671,2.617,0.035,28.853,1r6v a ,1r6v,1r6v a 
1p5d, x ,4,466,5.821,0.052,22.295,1p5d x ,1p5d,1p5d x 
2wvy, b ,4,737,3.106,0.046,28.609,2wvy b ,2wvy,2wvy b 
2ww2, a ,4,746,3.464,0.047,27.083,2ww2 a ,2ww2,2ww2 a 
1lnq, a ,4,301,0,0.012,31.619,1lnq a ,1lnq,1lnq a 
3boa, a ,4,490,1.465,0.016,33.741,3boa a ,3boa,3boa a 
2p9b, a ,4,397,6.323,0.054,21.409,2p9b a ,2p9b,2p9b a 
1amu, a ,4,509,5.247,0.046,25.826,1amu a ,1amu,1amu a 
1oqz, a ,4,684,3.895,0.049,26.991,1oqz a ,1oqz,1oqz a 
2uvo, b ,4,171,0.422,0.032,18.834,2uvo b ,2uvo,2uvo b 
2yw2, a ,4,423,6.504,0.055,21.133,2yw2 a ,2yw2,2yw2 a 
1lva, a ,4,257,1.493,0.017,26.501,1lva a ,1lva,1lva a 
1cy2, a ,4,557,2.024,0.026,30.254,1cy2 a ,1cy2,1cy2 a 
2uzy, d ,4,618,1.488,0.023,33.578,2uzy d ,2uzy,2uzy d 
1urz, e ,4,382,3.005,0.017,31.177,1urz e ,1urz,1urz e 
1cxs, a ,4,769,4.505,0.05,29.18,1cxs a ,1cxs,1cxs a 
2j58, a ,4,345,1.496,0.011,37.174,2j58 a ,2j58,2j58 a 
1obc, a ,4,811,3.041,0.028,33.711,1obc a ,1obc,1obc a 
1hzh, k ,4,444,0.478,0.009,42.579,1hzh k ,1hzh,1hzh k 
1ulv, a ,4,1019,2.497,0.027,35.8,1ulv a ,1ulv,1ulv a 
3gvk, c ,4,678,0.348,0.025,33.253,3gvk c ,3gvk,3gvk c 
3a22, b ,4,620,4.831,0.048,25.047,3a22 b ,3a22,3a22 b 
1oac, a ,4,719,5.699,0.039,29.724,1oac a ,1oac,1oac a 
1dii, a ,4,515,2.927,0.046,25.884,1dii a ,1dii,1dii a 
1efu, b ,4,282,3.734,0.022,27.076,1efu b ,1efu,1efu b 
2yw2, b ,4,423,6.639,0.055,21.679,2yw2 b ,2yw2,2yw2 b 
2bcq, a ,4,329,3.064,0.034,22.395,2bcq a ,2bcq,2bcq a 
2zhj, a ,4,315,6.37,0.038,21.706,2zhj a ,2zhj,2zhj a 
1efu, d ,4,282,4.324,0.022,26.336,1efu d ,1efu,1efu d 
3s8r, a ,4,684,3.922,0.049,27.002,3s8r a ,3s8r,3s8r a 
2j58, b ,4,345,1.501,0.011,37.147,2j58 b ,2j58,2j58 b 
1k0r, b ,4,326,1.139,0.014,32.143,1k0r b ,1k0r,1k0r b 
3qip, b ,4,402,3.584,0.032,25.524,3qip b ,3qip,3qip b 
1pby, a ,4,493,4.187,0.035,26.118,1pby a ,1pby,1pby a 
3iva, a ,4,576,3.205,0.037,27.751,3iva a ,3iva,3iva a 
2j58, c ,4,345,1.497,0.011,35.92,2j58 c ,2j58,2j58 c 
1a35, a ,4,474,1.607,0.028,26.818,1a35 a ,1a35,1a35 a 
1m1n, b ,4,522,4.55,0.038,26.209,1m1n b ,1m1n,1m1n b 
3js8, a ,4,538,4.478,0.054,22.775,3js8 a ,3js8,3js8 a 
3ar5, a ,4,994,1.566,0.022,40.691,3ar5 a ,3ar5,3ar5 a 
1y8b, a ,4,723,5.285,0.047,497.525,1y8b a ,1y8b,1y8b a 
1s22, a ,4,356,3.68,0.045,21.326,1s22 a ,1s22,1s22 a 
2gy7, b ,4,423,5.112,0.04,25.376,2gy7 b ,2gy7,2gy7 b 
1gnl, a ,4,544,5.913,0.055,22.556,1gnl a ,1gnl,1gnl a 
1jv2, a ,4,927,0.794,0.018,40.463,1jv2 a ,1jv2,1jv2 a 
3fwl, a ,4,683,3.318,0.027,34.107,3fwl a ,3fwl,3fwl a 
1is2, a ,4,637,1.971,0.039,27.069,1is2 a ,1is2,1is2 a 
1vqq, a ,4,635,2.177,0.018,36.97,1vqq a ,1vqq,1vqq a 
1mws, a ,4,633,2.189,0.017,37.142,1mws a ,1mws,1mws a 
1urz, b ,4,387,3.382,0.018,31.87,1urz b ,1urz,1urz b 
1fc5, a ,4,397,1.891,0.017,31.763,1fc5 a ,1fc5,1fc5 a 
1opl, a ,4,451,2.939,0.038,25.627,1opl a ,1opl,1opl a 
3clq, c ,4,401,6.662,0.055,23.699,3clq c ,3clq,3clq c 
2hhv, a ,4,580,4.889,0.035,27.318,2hhv a ,2hhv,2hhv a 
3s8r, b ,4,686,4.064,0.049,25.534,3s8r b ,3s8r,3s8r b 
1g9b, a ,4,1287,1.772,0.024,40.558,1g9b a ,1g9b,1g9b a 
1ex0, a ,4,707,4.818,0.035,30.055,1ex0 a ,1ex0,1ex0 a 
1obh, a ,4,762,3.372,0.025,34.265,1obh a ,1obh,1obh a 
1bup, a ,4,378,6.364,0.048,21.508,1bup a ,1bup,1bup a 
1djx, b ,4,561,2.778,0.035,28.501,1djx b ,1djx,1djx b 
1iyj, b ,4,591,1.015,0.016,37.359,1iyj b ,1iyj,1iyj b 
1rux, a ,4,884,2.374,0.023,36.548,1rux a ,1rux,1rux a 
1nyr, b ,4,637,0.41,0.026,32.811,1nyr b ,1nyr,1nyr b 
3n3o, a ,4,718,2.155,0.039,28.668,3n3o a ,3n3o,3n3o a 
1bg1, a ,4,558,2.678,0.019,37.805,1bg1 a ,1bg1,1bg1 a 
2bs2, a ,4,660,4.841,0.054,25.134,2bs2 a ,2bs2,2bs2 a 
1fvh, a ,4,546,4.407,0.039,26.011,1fvh a ,1fvh,1fvh a 
1p5g, x ,4,465,5.541,0.053,22.171,1p5g x ,1p5g,1p5g x 
1qak, a ,4,718,5.699,0.04,29.429,1qak a ,1qak,1qak a 
2ioq, b ,4,577,1.169,0.021,34.313,2ioq b ,2ioq,2ioq b 
2x8h, a ,4,588,2.945,0.033,28.323,2x8h a ,2x8h,2x8h a 
3iv9, a ,4,577,3.062,0.037,27.108,3iv9 a ,3iv9,3iv9 a 
1hci, a ,4,475,1.432,0.002,96.206,1hci a ,1hci,1hci a 
1amj, a ,4,753,4.656,0.054,26.96,1amj a ,1amj,1amj a 
2au3, a ,4,403,3.119,0.035,24.684,2au3 a ,2au3,2au3 a 
3clq, a ,4,400,6.516,0.055,23.001,3clq a ,3clq,3clq a 
1oqz, b ,4,686,4.112,0.049,25.524,1oqz b ,1oqz,1oqz b 
1hci, b ,4,475,1.432,0.002,101.29,1hci b ,1hci,1hci b 
1k7y, a ,4,577,3.149,0.036,27.97,1k7y a ,1k7y,1k7y a 
3gvj, a ,4,698,0.328,0.025,33.558,3gvj a ,3gvj,3gvj a 
1hn0, a ,4,971,1.478,0.03,35.115,1hn0 a ,1hn0,1hn0 a 
2ahx, a ,4,611,2.209,0.016,41.621,2ahx a ,2ahx,2ahx a 
1p7t, b ,4,703,4.262,0.046,33.411,1p7t b ,1p7t,1p7t b 
3ml1, a ,4,808,4.054,0.056,26.033,3ml1 a ,3ml1,3ml1 a 
1ord, a ,4,730,3.142,0.036,40.273,1ord a ,1ord,1ord a 
2zhi, a ,4,315,6.134,0.038,21.773,2zhi a ,2zhi,2zhi a 
2h5a, x ,4,459,5.857,0.051,22.375,2h5a x ,2h5a,2h5a x 
2r6g, f ,4,490,2.014,0.014,35.824,2r6g f ,2r6g,2r6g f 
2x8g, a ,4,588,2.903,0.034,28.28,2x8g a ,2x8g,2x8g a 
3i33, a ,4,385,6.124,0.049,21.175,3i33 a ,3i33,3i33 a 
2ww2, b ,4,745,3.806,0.047,28.125,2ww2 b ,2ww2,2ww2 b 
1iq8, a ,4,577,2.537,0.038,28.101,1iq8 a ,1iq8,1iq8 a 
1k4t, a ,4,564,0.892,0.025,30.238,1k4t a ,1k4t,1k4t a 
2fmp, a ,4,338,3.109,0.037,22.067,2fmp a ,2fmp,2fmp a 
2uzy, b ,4,630,1.468,0.023,33.39,2uzy b ,2uzy,2uzy b 
2wvy, a ,4,741,2.914,0.046,27.176,2wvy a ,2wvy,2wvy a 
1a36, a ,4,544,0.904,0.025,29.831,1a36 a ,1a36,1a36 a 
2v6o, a ,4,602,2.785,0.034,27.948,2v6o a ,2v6o,2v6o a 
1wvf, a ,4,539,3.769,0.05,23.323,1wvf a ,1wvf,1wvf a 
1fvf, a ,4,543,5.796,0.04,27.625,1fvf a ,1fvf,1fvf a 
1k2y, x ,4,459,4.726,0.046,23.761,1k2y x ,1k2y,1k2y x 
3fun, a ,4,606,5.933,0.047,25.025,3fun a ,3fun,3fun a 
3gvk, a ,4,661,0.513,0.025,32.792,3gvk a ,3gvk,3gvk a 
1gpz, b ,4,367,1.122,0.016,33.396,1gpz b ,1gpz,1gpz b 
2x99, a ,4,589,2.916,0.034,27.935,2x99 a ,2x99,2x99 a 
2e28, a ,4,587,3.16,0.026,31.866,2e28 a ,2e28,2e28 a 
1ja1, b ,4,614,2.707,0.039,26.944,1ja1 b ,1ja1,1ja1 b 
1xdp, b ,4,687,2.698,0.038,28.496,1xdp b ,1xdp,1xdp b 
2wvx, a ,4,711,3.368,0.046,28.265,2wvx a ,2wvx,2wvx a 
2nya, a ,4,791,3.558,0.055,26.07,2nya a ,2nya,2nya a 
1rr8, c ,4,493,1.492,0.029,27.362,1rr8 c ,1rr8,1rr8 c 
1f0x, b ,4,502,3.067,0.049,24.978,1f0x b ,1f0x,1f0x b 
1svb, a ,4,395,1.926,0.014,34.37,1svb a ,1svb,1svb a 
2hau, a ,4,667,2.385,0.031,30.168,2hau a ,2hau,2hau a 
2wvx, c ,4,712,3.53,0.046,29.174,2wvx c ,2wvx,2wvx c 
1zjk, a ,4,390,1.159,0.018,31.154,1zjk a ,1zjk,1zjk a 
2o8r, b ,4,589,0.885,0.033,33.279,2o8r b ,2o8r,2o8r b 
1n8z, c ,4,581,4.189,0.025,35.944,1n8z c ,1n8z,1n8z c 
2wvy, c ,4,740,3.055,0.046,28.228,2wvy c ,2wvy,2wvy c 
2fo0, a ,4,465,2.453,0.038,24.606,2fo0 a ,2fo0,2fo0 a 
2qts, a ,4,417,1.72,0.019,34.558,2qts a ,2qts,2qts a 
2yya, a ,4,423,7.282,0.054,20.993,2yya a ,2yya,2yya a 
1pcm, x ,4,454,5.607,0.05,22.377,1pcm x ,1pcm,1pcm x 
3cvr, a ,4,469,1.842,0.019,31.734,3cvr a ,3cvr,3cvr a 
1k28, a ,4,557,2.656,0.016,37.912,1k28 a ,1k28,1k28 a 
1n8i, a ,4,701,4.221,0.047,28.014,1n8i a ,1n8i,1n8i a 
1mws, b ,4,628,1.972,0.018,36.825,1mws b ,1mws,1mws b 
1it7, b ,4,577,2.655,0.039,27.58,1it7 b ,1it7,1it7 b 
1eg3, a ,4,260,8.174,0.048,19.458,1eg3 a ,1eg3,1eg3 a 
1k98, a ,4,577,3.284,0.037,32.572,1k98 a ,1k98,1k98 a 
1pfx, l ,4,133,3.125,0.014,107.863,1pfx l ,1pfx,1pfx l 
1dii, b ,4,521,3.229,0.048,24.706,1dii b ,1dii,1dii b 
3dlk, b ,4,409,4.12,0.031,25.714,3dlk b ,3dlk,3dlk b 
2bs2, d ,4,658,4.48,0.054,24.958,2bs2 d ,2bs2,2bs2 d 
1hh2, p ,4,344,1.298,0.011,99.361,1hh2 p ,1hh2,1hh2 p 
1dgk, n ,4,898,0.886,0.018,40.676,1dgk n ,1dgk,1dgk n 
2h88, a ,4,612,5.205,0.056,24.731,2h88 a ,2h88,2h88 a 
1sqg, a ,4,424,3.016,0.04,23.28,1sqg a ,1sqg,1sqg a 
3h4k, a ,4,594,3.227,0.034,28.372,3h4k a ,3h4k,3h4k a 
2i0k, a ,4,536,3.99,0.053,23.447,2i0k a ,2i0k,2i0k a 
2gy5, a ,4,423,5.955,0.041,27.176,2gy5 a ,2gy5,2gy5 a 
1pfo, a ,4,471,3.092,0.017,35.383,1pfo a ,1pfo,1pfo a 
2ols, a ,4,725,1.861,0.029,31.336,2ols a ,2ols,2ols a 
2b5e, a ,4,483,2.655,0.022,30.11,2b5e a ,2b5e,2b5e a 
1is2, b ,4,629,2.507,0.038,27.368,1is2 b ,1is2,1is2 b 
1s0b, a ,4,1287,1.98,0.024,40.571,1s0b a ,1s0b,1s0b a 
1oac, b ,4,722,5.585,0.039,28.865,1oac b ,1oac,1oac b 
1zxv, a ,4,728,3.263,0.027,34.74,1zxv a ,1zxv,1zxv a 
1vlo, a ,4,354,3.906,0.044,21.487,1vlo a ,1vlo,1vlo a 
2ops, b ,4,409,4.031,0.03,25.863,2ops b ,2ops,2ops b 
2hav, a ,4,676,2.38,0.031,29.705,2hav a ,2hav,2hav a 
3n3r, a ,4,717,2.378,0.039,28.679,3n3r a ,3n3r,3n3r a 
1pwv, a ,4,733,3.484,0.027,34.966,1pwv a ,1pwv,1pwv a 
3cwg, b ,4,507,2.44,0.019,36.594,3cwg b ,3cwg,3cwg b 
1g9a, a ,4,1287,1.755,0.025,40.541,1g9a a ,1g9a,1g9a a 
1cy1, a ,4,557,2.03,0.026,30.281,1cy1 a ,1cy1,1cy1 a 
3a8k, a ,4,365,3.571,0.047,20.952,3a8k a ,3a8k,3a8k a 
3a21, a ,4,616,4.843,0.049,25.188,3a21 a ,3a21,3a21 a 
1mco, h ,4,428,0.065,0.007,44.384,1mco h ,1mco,1mco h 
1i4a, a ,4,309,6.673,0.037,22.524,1i4a a ,1i4a,1i4a a 
3clq, d ,4,399,6.529,0.055,25.633,3clq d ,3clq,3clq d 
1ex0, b ,4,718,4.733,0.034,30.837,1ex0 b ,1ex0,1ex0 b 
1urz, c ,4,385,3.132,0.017,31.654,1urz c ,1urz,1urz c 
1qak, b ,4,721,5.58,0.04,28.59,1qak b ,1qak,1qak b 
2c0t, b ,4,429,0.867,0.035,26.04,2c0t b ,2c0t,2c0t b 
1gws, a ,4,503,1.839,0.019,33.061,1gws a ,1gws,1gws a 
2c0i, a ,4,434,0.913,0.036,25.481,2c0i a ,2c0i,2c0i a 
2gq3, b ,4,714,3.98,0.047,27.847,2gq3 b ,2gq3,2gq3 b 
2j58, d ,4,345,1.498,0.011,36.928,2j58 d ,2j58,2j58 d 
2x8c, a ,4,588,2.9,0.034,27.898,2x8c a ,2x8c,2x8c a 
1r49, a ,4,548,1.071,0.024,30.007,1r49 a ,1r49,1r49 a 
2z1q, a ,4,546,4.749,0.048,26.943,2z1q a ,2z1q,2z1q a 
1k28, d ,4,349,6.225,0.033,27.852,1k28 d ,1k28,1k28 d 
3fh5, a ,4,607,5.943,0.047,24.991,3fh5 a ,3fh5,3fh5 a 
1x9n, a ,4,626,1.881,0.035,28.091,1x9n a ,1x9n,1x9n a 
1g9d, a ,4,1287,1.778,0.024,40.608,1g9d a ,1g9d,1g9d a 
1ecl, a ,4,552,2.066,0.026,30.378,1ecl a ,1ecl,1ecl a 
1thz, a ,4,590,1.347,0.019,33.447,1thz a ,1thz,1thz a 
3be1, a ,4,583,3.419,0.024,32.73,3be1 a ,3be1,3be1 a 
2fkm, x ,4,455,6.484,0.051,22.812,2fkm x ,2fkm,2fkm x 
1lpq, a ,4,557,1.016,0.025,29.661,1lpq a ,1lpq,1lpq a 
1pwu, b ,4,736,3.372,0.026,35.09,1pwu b ,1pwu,1pwu b 
2uvo, a ,4,172,0.412,0.033,18.798,2uvo a ,2uvo,2uvo a 
1j6z, a ,4,368,3.658,0.043,21.923,1j6z a ,1j6z,1j6z a 
2j58, e ,4,345,1.501,0.011,36.479,2j58 e ,2j58,2j58 e 
1hpm, a ,4,378,6.301,0.049,21.433,1hpm a ,1hpm,1hpm a 
1spu, a ,4,717,5.674,0.04,29.4,1spu a ,1spu,1spu a 
2gq3, a ,4,720,4.028,0.047,28.081,2gq3 a ,2gq3,2gq3 a 
1ug9, a ,4,1019,2.579,0.026,36.057,1ug9 a ,1ug9,1ug9 a 
3n3o, b ,4,716,2.24,0.039,28.023,3n3o b ,3n3o,3n3o b 
2j58, f ,4,345,1.503,0.011,36.024,2j58 f ,2j58,2j58 f 
1urz, d ,4,386,3.041,0.018,31.069,1urz d ,1urz,1urz d 
2bcr, a ,4,331,2.562,0.035,22.133,2bcr a ,2bcr,2bcr a 
1cy7, a ,4,563,2.075,0.025,30.752,1cy7 a ,1cy7,1cy7 a 
2wvx, d ,4,712,3.431,0.046,28.492,2wvx d ,2wvx,2wvx d 
1fvf, b ,4,543,5.058,0.04,28.234,1fvf b ,1fvf,1fvf b 
1m6b, a ,4,549,1.512,0.014,36.931,1m6b a ,1m6b,1m6b a 
1igt, b ,4,444,0.121,0.005,48.668,1igt b ,1igt,1igt b 
3ar6, a ,4,994,1.608,0.022,40.653,3ar6 a ,3ar6,3ar6 a 
1lnq, b ,4,301,0,0.013,30.639,1lnq b ,1lnq,1lnq b 
2src, a ,4,449,1.309,0.036,25.699,2src a ,2src,2src a 
2z6b, a ,4,573,2.642,0.016,38.684,2z6b a ,2z6b,2z6b a 
3c8v, c ,4,456,3.86,0.053,30.116,3c8v c ,3c8v,3c8v c 
2yya, b ,4,423,6.543,0.054,21.577,2yya b ,2yya,2yya b 
1n8w, a ,4,718,3.877,0.047,27.473,1n8w a ,1n8w,1n8w a 
1g8l, a ,4,403,1.502,0.018,30.978,1g8l a ,1g8l,1g8l a 
3cwg, a ,4,501,2.796,0.02,62.06,3cwg a ,3cwg,3cwg a 
2j58, g ,4,345,1.498,0.011,36.771,2j58 g ,2j58,2j58 g 
1acc, a ,4,665,4.267,0.025,32.793,1acc a ,1acc,1acc a 
3n5k, a ,4,994,1.566,0.022,39.941,3n5k a ,3n5k,3n5k a 
1lnq, c ,4,301,0,0.012,31.497,1lnq c ,1lnq,1lnq c 
2h88, n ,4,612,5.214,0.056,24.94,2h88 n ,2h88,2h88 n 
1diq, a ,4,515,3.066,0.047,25.787,1diq a ,1diq,1diq a 
3n5k, b ,4,994,1.613,0.022,39.092,3n5k b ,3n5k,3n5k b 
1lnq, d ,4,301,0,0.013,31.884,1lnq d ,1lnq,1lnq d 
2x8c, b ,4,593,2.842,0.033,28.522,2x8c b ,2x8c,2x8c b 
2c0i, b ,4,435,0.91,0.036,26.045,2c0i b ,2c0i,2c0i b 
1jju, a ,4,490,4.262,0.035,27.471,1jju a ,1jju,1jju a 
1s0c, a ,4,1287,1.954,0.024,40.537,1s0c a ,1s0c,1s0c a 
2j58, h ,4,345,1.497,0.011,36.231,2j58 h ,2j58,2j58 h 
1mwt, a ,4,634,2.266,0.018,37.085,1mwt a ,1mwt,1mwt a 
1lnq, e ,4,301,0,0.013,31.669,1lnq e ,1lnq,1lnq e 
1amu, b ,4,508,5.045,0.046,27.799,1amu b ,1amu,1amu b 
1b0j, a ,4,753,4.385,0.053,27.025,1b0j a ,1b0j,1b0j a 
1ej9, a ,4,483,1.595,0.028,27.042,1ej9 a ,1ej9,1ej9 a 
1thz, b ,4,590,1.348,0.02,33.385,1thz b ,1thz,1thz b 
3a22, a ,4,617,4.894,0.048,25.311,3a22 a ,3a22,3a22 a 
1m6b, b ,4,584,2.195,0.014,37.01,1m6b b ,1m6b,1m6b b 
2fbw, a ,4,613,5.282,0.057,24.638,2fbw a ,2fbw,2fbw a 
3hu3, a ,4,453,2.47,0.031,26.298,3hu3 a ,3hu3,3hu3 a 
1cy8, a ,4,563,2.057,0.025,30.749,1cy8 a ,1cy8,1cy8 a 
1qz5, a ,4,359,2.861,0.046,22.833,1qz5 a ,1qz5,1qz5 a 
1sc7, a ,4,566,1.092,0.025,31.484,1sc7 a ,1sc7,1sc7 a 
1m9n, a ,4,590,1.337,0.02,33.544,1m9n a ,1m9n,1m9n a 
2uvo, e ,4,173,0.409,0.033,22.624,2uvo e ,2uvo,2uvo e 
2c0t, a ,4,428,1.62,0.036,25.405,2c0t a ,2c0t,2c0t a 
1xdo, a ,4,687,2.548,0.036,31.468,1xdo a ,1xdo,1xdo a 
1spu, b ,4,719,5.832,0.04,28.537,1spu b ,1spu,1spu b 
1wpg, a ,4,994,1.556,0.022,40.15,1wpg a ,1wpg,1wpg a 
2uvo, f ,4,175,0.4,0.033,23.002,2uvo f ,2uvo,2uvo f 
1m9n, b ,4,590,1.341,0.02,33.4,1m9n b ,1m9n,1m9n b 
2hzz, a ,4,684,3.46,0.047,57.225,2hzz a ,2hzz,2hzz a 
1sh0, a ,4,502,3.54,0.043,23.914,1sh0 a ,1sh0,1sh0 a 
1evu, a ,4,710,4.862,0.034,30.182,1evu a ,1evu,1evu a 
2p3y, a ,4,447,4.08,0.04,26.062,2p3y a ,2p3y,2p3y a 
2b9b, c ,4,481,1.589,0.013,44.087,2b9b c ,2b9b,2b9b c 
1i19, a ,4,541,4.085,0.054,23.55,1i19 a ,1i19,1i19 a 
1gnl, b ,4,544,5.835,0.055,23.616,1gnl b ,1gnl,1gnl b 
1dq3, a ,4,454,4.358,0.039,25.202,1dq3 a ,1dq3,1dq3 a 
2fbw, n ,4,612,5.282,0.057,24.808,2fbw n ,2fbw,2fbw n 
1l2f, a ,4,340,1.446,0.011,36.131,1l2f a ,1l2f,1l2f a 
7acn, a ,4,753,4.118,0.055,26.854,7acn a ,7acn,7acn a 
1m1n, d ,4,522,4.482,0.038,25.887,1m1n d ,1m1n,1m1n d 
1seu, a ,4,564,0.992,0.025,30.217,1seu a ,1seu,1seu a 
1diq, b ,4,515,3.063,0.047,24.749,1diq b ,1diq,1diq b 
2bs3, a ,4,660,4.842,0.054,25.149,2bs3 a ,2bs3,2bs3 a 
3c8v, b ,4,452,3.826,0.053,27.439,3c8v b ,3c8v,3c8v b 
2is6, b ,4,652,1.766,0.039,28.222,2is6 b ,2is6,2is6 b 
1y57, a ,4,452,0.765,0.022,29.802,1y57 a ,1y57,1y57 a 
1amo, a ,4,601,3.253,0.039,26.242,1amo a ,1amo,1amo a 
2bs3, d ,4,658,4.8,0.054,24.971,2bs3 d ,2bs3,2bs3 d 
1m3i, c ,4,465,2.976,0.017,34.341,1m3i c ,1m3i,1m3i c 
1ad5, a ,4,437,0.79,0.036,53.991,1ad5 a ,1ad5,1ad5 a 
2nap, a ,4,720,2.817,0.055,25.847,2nap a ,2nap,2nap a 
1cy6, a ,4,562,2.063,0.024,31.133,1cy6 a ,1cy6,1cy6 a 
1s0d, a ,4,1287,1.813,0.024,40.669,1s0d a ,1s0d,1s0d a 
1jmu, b ,4,608,1.765,0.015,41.097,1jmu b ,1jmu,1jmu b 
1pwv, b ,4,736,3.336,0.026,34.922,1pwv b ,1pwv,1pwv b 
2nya, f ,4,791,3.65,0.055,25.919,2nya f ,2nya,2nya f 
1yy9, a ,4,613,2.008,0.016,35.605,1yy9 a ,1yy9,1yy9 a 
5acn, a ,4,753,4.944,0.054,26.965,5acn a ,5acn,5acn a 
1t5h, x ,4,488,3.899,0.042,25.452,1t5h x ,1t5h,1t5h x 
1ofd, a ,4,1491,3.583,0.051,35.21,1ofd a ,1ofd,1ofd a 
1t8i, a ,4,564,0.893,0.025,30.242,1t8i a ,1t8i,1t8i a 
2yrx, a ,4,420,5.063,0.047,22.154,2yrx a ,2yrx,2yrx a 
2hs0, a ,4,580,7.045,0.048,28.489,2hs0 a ,2hs0,2hs0 a 
2ww2, c ,4,741,3.426,0.047,28.517,2ww2 c ,2ww2,2ww2 c 
2yrw, a ,4,413,5.114,0.048,21.854,2yrw a ,2yrw,2yrw a 
2ys6, a ,4,421,5.033,0.047,22.179,2ys6 a ,2ys6,2ys6 a 
1g5a, a ,4,628,4.195,0.047,26.356,1g5a a ,1g5a,1g5a a 
3po4, a ,4,542,5.283,0.037,25.911,3po4 a ,3po4,3po4 a 
2ioq, a ,4,567,1.38,0.019,33.932,2ioq a ,2ioq,2ioq a 
1n8w, b ,4,715,3.984,0.047,28.348,1n8w b ,1n8w,1n8w b 
1kax, a ,4,378,6.599,0.048,21.552,1kax a ,1kax,1kax a 
1pwp, a ,4,732,3.212,0.026,35.154,1pwp a ,1pwp,1pwp a 
1qba, a ,4,858,4.253,0.045,61.148,1qba a ,1qba,1qba a 
1mdb, a ,4,536,4.812,0.05,23.66,1mdb a ,1mdb,1mdb a 
2nqs, b ,4,403,1.855,0.017,31.826,2nqs b ,2nqs,2nqs b 
1it8, a ,4,577,2.664,0.039,28.123,1it8 a ,1it8,1it8 a 
2h8h, a ,4,446,1.612,0.037,25.492,2h8h a ,2h8h,2h8h a 
1bf5, a ,4,544,2.966,0.019,35.771,1bf5 a ,1bf5,1bf5 a 
1cy0, a ,4,534,2.173,0.026,30.323,1cy0 a ,1cy0,1cy0 a 
1igt, d ,4,444,0.24,0.007,42.129,1igt d ,1igt,1igt d 
1pww, b ,4,734,3.073,0.027,34.735,1pww b ,1pww,1pww b 
1nh3, a ,4,470,1.695,0.026,31.225,1nh3 a ,1nh3,1nh3 a 
2qts, d ,4,415,1.73,0.019,33.709,2qts d ,2qts,2qts d 
2ww3, a ,4,736,3.844,0.048,31.23,2ww3 a ,2ww3,2ww3 a 
1jmx, a ,4,493,4.095,0.036,28.206,1jmx a ,1jmx,1jmx a 
1ogy, a ,4,789,3.852,0.056,29.148,1ogy a ,1ogy,1ogy a 
1oqy, a ,4,363,0.256,0.003,61.405,1oqy a ,1oqy,1oqy a 
1ad5, b ,4,437,0.791,0.037,66.037,1ad5 b ,1ad5,1ad5 b 
1cy4, a ,4,558,2.098,0.025,30.871,1cy4 a ,1cy4,1cy4 a 
1i19, b ,4,538,3.998,0.054,24.448,1i19 b ,1i19,1i19 b 
3c8v, d ,4,455,4.635,0.052,31.077,3c8v d ,3c8v,3c8v d 
3b96, a ,4,554,3.778,0.044,25.551,3b96 a ,3b96,3b96 a 
1e3p, a ,4,645,6.005,0.039,26.983,1e3p a ,1e3p,1e3p a 
2pfn, a ,4,325,3.118,0.034,22.021,2pfn a ,2pfn,2pfn a 
2nqr, b ,4,403,1.777,0.018,31.409,2nqr b ,2nqr,2nqr b 
3ju4, a ,4,716,0.311,0.026,33.546,3ju4 a ,3ju4,3ju4 a 
2ww3, b ,4,736,3.487,0.048,29.494,2ww3 b ,2ww3,2ww3 b 
3jpq, a ,4,326,2.951,0.035,22.16,3jpq a ,3jpq,3jpq a 
1m3i, d ,4,465,3.161,0.017,33.765,1m3i d ,1m3i,1m3i d 
1tl8, a ,4,564,1.125,0.026,30.035,1tl8 a ,1tl8,1tl8 a 
1dyu, a ,4,717,5.674,0.039,29.519,1dyu a ,1dyu,1dyu a 
2nqq, a ,4,403,1.913,0.019,30.365,2nqq a ,2nqq,2nqq a 
3bg3, c ,4,603,4.298,0.047,25.328,3bg3 c ,3bg3,3bg3 c 
2ww3, c ,4,736,3.883,0.048,32.489,2ww3 c ,2ww3,2ww3 c 
1mwt, b ,4,625,2.103,0.018,36.843,1mwt b ,1mwt,1mwt b 
2ys7, a ,4,413,5.079,0.048,21.929,2ys7 a ,2ys7,2ys7 a 
8acn, a ,4,753,4.249,0.055,26.8,8acn a ,8acn,8acn a 
1djw, b ,4,561,2.808,0.035,28.527,1djw b ,1djw,1djw b 
1mwu, a ,4,632,2.23,0.018,37.039,1mwu a ,1mwu,1mwu a 
1mje, a ,4,600,1.025,0.016,40.242,1mje a ,1mje,1mje a 
1dyu, b ,4,719,5.843,0.039,28.652,1dyu b ,1dyu,1dyu b 
1oa0, a ,4,544,5.807,0.054,22.704,1oa0 a ,1oa0,1oa0 a 
3rh4, a ,4,337,2.647,0.037,22.091,3rh4 a ,3rh4,3rh4 a 
1h29, a ,4,501,1.84,0.019,34.924,1h29 a ,1h29,1h29 a 
3ojs, a ,4,541,5.634,0.038,42.063,3ojs a ,3ojs,3ojs a 
2xcl, a ,4,411,6.785,0.052,21.728,2xcl a ,2xcl,2xcl a 
1oa0, b ,4,544,5.688,0.054,23.797,1oa0 b ,1oa0,1oa0 b 
1urz, f ,4,388,3.542,0.018,30.931,1urz f ,1urz,1urz f 
3gvk, b ,4,680,0.347,0.024,33.473,3gvk b ,3gvk,3gvk b 
2uwg, a ,4,169,0.428,0.033,18.887,2uwg a ,2uwg,2uwg a 
1iyj, d ,4,591,1.016,0.016,37.658,1iyj d ,1iyj,1iyj d 
1c7t, a ,4,858,4.402,0.046,28.099,1c7t a ,1c7t,1c7t a 
1i7d, a ,4,620,1.337,0.029,30.742,1i7d a ,1i7d,1i7d a 
3mfh, a ,4,521,2.297,0.032,27.003,3mfh a ,3mfh,3mfh a 
2ww3, d ,4,738,3.892,0.048,33.736,2ww3 d ,2ww3,2ww3 d 
1igy, b ,4,434,0.312,0.008,41.828,1igy b ,1igy,1igy b 
1w07, a ,4,658,3.121,0.039,27.892,1w07 a ,1w07,1w07 a 
1d6m, a ,4,603,1.432,0.029,34.33,1d6m a ,1d6m,1d6m a 
3c5x, a ,4,390,1.475,0.012,35.174,3c5x a ,3c5x,3c5x a 
1ok8, a ,4,380,2.835,0.017,31.15,1ok8 a ,1ok8,1ok8 a 
1k4s, a ,4,489,1.896,0.028,27.979,1k4s a ,1k4s,1k4s a 
1dn1, a ,4,556,5.154,0.039,26.786,1dn1 a ,1dn1,1dn1 a 
1qz6, a ,4,359,2.644,0.045,21.394,1qz6 a ,1qz6,1qz6 a 
1s0f, a ,4,1276,2.425,0.025,40.019,1s0f a ,1s0f,1s0f a 
2ptk, a ,4,425,1.691,0.038,23.998,2ptk a ,2ptk,2ptk a 
1wth, d ,4,361,5.018,0.036,23.255,1wth d ,1wth,1wth d 
2ww3, e ,4,737,3.847,0.048,28.827,2ww3 e ,2ww3,2ww3 e 
1mqs, a ,4,578,5.561,0.039,27.567,1mqs a ,1mqs,1mqs a 
2hru, a ,4,581,6.991,0.049,28.428,2hru a ,2hru,2hru a 
1qze, a ,4,214,0,0.006,39.425,1qze a ,1qze,1qze a 
3ar3, a ,4,994,1.567,0.022,40.769,3ar3 a ,3ar3,3ar3 a 
1v0e, a ,4,666,0.359,0.024,33.65,1v0e a ,1v0e,1v0e a 
1mwr, a ,4,609,1.925,0.018,36.479,1mwr a ,1mwr,1mwr a 
1d6z, a ,4,717,5.576,0.039,29.488,1d6z a ,1d6z,1d6z a 
1it8, b ,4,577,2.702,0.038,27.61,1it8 b ,1it8,1it8 b 
1mwv, a ,4,720,2.086,0.038,28.769,1mwv a ,1mwv,1mwv a 
2ww3, f ,4,738,3.777,0.048,27.979,2ww3 f ,2ww3,2ww3 f 
2ww1, a ,4,744,3.69,0.048,26.387,2ww1 a ,2ww1,2ww1 a 
1fc5, b ,4,396,1.911,0.016,32.035,1fc5 b ,1fc5,1fc5 b 
3bg9, a ,4,601,4.612,0.048,27.893,3bg9 a ,3bg9,3bg9 a 
1mwv, b ,4,718,2.206,0.039,28.112,1mwv b ,1mwv,1mwv b 
1pwu, a ,4,747,3.415,0.025,35.772,1pwu a ,1pwu,1pwu a 
3oha, a ,4,534,2.215,0.032,27.243,3oha a ,3oha,3oha a 
1pcj, x ,4,458,5.873,0.051,22.414,1pcj x ,1pcj,1pcj x 
3hu1, a ,4,451,2.472,0.032,26.464,3hu1 a ,3hu1,3hu1 a 
2fkf, a ,4,457,6.014,0.049,23.017,2fkf a ,2fkf,2fkf a 
1wpg, b ,4,994,1.606,0.022,40.008,1wpg b ,1wpg,1wpg b 
2nqq, b ,4,403,1.985,0.018,30.495,2nqq b ,2nqq,2nqq b 
2ww1, b ,4,741,3.756,0.048,26.795,2ww1 b ,2ww1,2ww1 b 
1ksw, a ,4,449,1.717,0.037,24.722,1ksw a ,1ksw,1ksw a 
1oke, b ,4,394,1.982,0.014,34.559,1oke b ,1oke,1oke b 
1jx4, a ,4,335,3.166,0.032,23.067,1jx4 a ,1jx4,1jx4 a 
1nk4, a ,4,582,4.338,0.036,27.209,1nk4 a ,1nk4,1nk4 a 
2xd4, a ,4,421,7.169,0.053,21.75,2xd4 a ,2xd4,2xd4 a 
3c6e, a ,4,390,1.638,0.012,35.214,3c6e a ,3c6e,3c6e a 
1oke, a ,4,394,1.788,0.014,35.323,1oke a ,1oke,1oke a 
2bup, a ,4,378,6.504,0.048,21.534,2bup a ,2bup,2bup a 
1t5d, x ,4,502,3.719,0.044,25.445,1t5d x ,1t5d,1t5d x 
1ofe, a ,4,1485,3.471,0.051,32.819,1ofe a ,1ofe,1ofe a 
1wpg, c ,4,994,1.605,0.022,39.813,1wpg c ,1wpg,1wpg c 
1cxt, a ,4,767,4.351,0.05,29.263,1cxt a ,1cxt,1cxt a 
2b43, a ,4,501,3.421,0.043,23.522,2b43 a ,2b43,2b43 a 
3a23, b ,4,615,4.764,0.048,24.969,3a23 b ,3a23,3a23 b 
1oam, a ,4,394,1.788,0.014,35.323,1oam a ,1oam,1oam a 
2ww1, c ,4,739,3.747,0.048,27.924,2ww1 c ,2ww1,2ww1 c 
1e8g, a ,4,550,2.558,0.048,27.281,1e8g a ,1e8g,1e8g a 
2is6, a ,4,654,1.758,0.04,26.511,2is6 a ,2is6,2is6 a 
2ww1, d ,4,741,3.718,0.048,28.227,2ww1 d ,2ww1,2ww1 d 
