1gu2 , B , 1 , 123 ,  0.341 ,  0.050 ,  14.908
3eng , A , 1 , 213 ,  0.291 ,  0.061 ,  16.476
2bbv , E , 1 , 16 ,  0.625 ,  0.054 ,  13.666
2gcc , A , 1 , 63 ,  0.381 ,  0.049 ,  12.590
2kdc , B , 1 , 121 ,  0.107 ,  0.015 ,  174.592
3b45 , A , 1 , 180 ,  0.383 ,  0.055 ,  17.156
2aeb , A , 1 , 314 ,  0.287 ,  0.061 ,  74.559
1vkp , B , 1 , 357 ,  0.356 ,  0.060 ,  20.498
3mv4 , N , 1 , 245 ,  0.302 ,  0.041 ,  19.691
2c3e , A , 1 , 293 ,  0.229 ,  0.041 ,  20.875
1nc7 , B , 1 , 110 ,  0.309 ,  0.043 ,  15.022
2nm3 , A , 1 , 121 ,  0.339 ,  0.040 ,  18.551
2q03 , A , 1 , 138 ,  0.435 ,  0.046 ,  16.272
1n8v , A , 1 , 101 ,  0.287 ,  0.053 ,  13.764
1auu , B , 1 , 55 ,  0.345 ,  0.052 ,  16.700
1xs0 , A , 1 , 128 ,  0.344 ,  0.059 ,  14.312
1ydu , A , 1 , 170 ,  0.018 ,  0.008 ,  40.475
1by1 , A , 1 , 209 ,  0.201 ,  0.031 ,  20.607
1x6x , X , 1 , 120 ,  0.300 ,  0.046 ,  43.281
3ik5 , A , 1 , 119 ,  0.244 ,  0.044 ,  15.145
1xpp , A , 1 , 108 ,  0.130 ,  0.029 ,  20.030
3c8w , A , 1 , 245 ,  0.237 ,  0.044 ,  20.540
3d1p , A , 1 , 144 ,  0.493 ,  0.067 ,  13.816
2wlv , B , 1 , 152 ,  0.303 ,  0.047 ,  16.331
1d2v , D , 1 , 465 ,  0.142 ,  0.043 ,  23.609
2nxy , A , 1 , 304 ,  0.280 ,  0.043 ,  22.527
1vps , A , 1 , 285 ,  0.189 ,  0.036 ,  27.766
2q22 , B , 1 , 129 ,  0.457 ,  0.054 ,  15.279
2j01 , O , 1 , 122 ,  0.361 ,  0.061 ,  21.434
2hs1 , B , 1 , 119 ,  0.429 ,  0.064 ,  13.781
3b9y , A , 1 , 401 ,  0.329 ,  0.046 ,  23.651
1vqo , M , 1 , 194 ,  0.211 ,  0.035 ,  24.051
1irq , B , 1 , 53 ,  0.377 ,  0.037 ,  13.514
2aib , B , 1 , 98 ,  0.398 ,  0.053 ,  14.219
3d31 , D , 1 , 248 ,  0.157 ,  0.031 ,  33.754
2hp8 , A , 1 , 68 ,  0.441 ,  0.051 ,  12.143
2w1p , A , 1 , 274 ,  0.343 ,  0.050 ,  19.927
2ag4 , B , 1 , 164 ,  0.232 ,  0.040 ,  17.522
1fku , A , 1 , 86 ,  0.372 ,  0.068 ,  16.258
1mg6 , A , 1 , 122 ,  0.279 ,  0.052 ,  14.299
1kpt , B , 1 , 105 ,  0.457 ,  0.065 ,  14.930
2jyx , A , 1 , 129 ,  0.504 ,  0.061 ,  13.969
1ksq , A , 1 , 75 ,  0.373 ,  0.069 ,  11.323
1wp1 , B , 1 , 405 ,  0.200 ,  0.018 ,  34.156
3o1x , A , 1 , 140 ,  0.343 ,  0.062 ,  14.166
2r2z , A , 1 , 92 ,  0.478 ,  0.065 ,  12.198
1zts , A , 1 , 139 ,  0.201 ,  0.029 ,  20.058
3kic , B , 1 , 520 ,  0.135 ,  0.028 ,  70.303
1oqj , B , 1 , 89 ,  0.427 ,  0.057 ,  12.838
1rg8 , B , 1 , 141 ,  0.397 ,  0.067 ,  15.657
3cu9 , A , 1 , 314 ,  0.258 ,  0.061 ,  18.373
1fw9 , A , 1 , 164 ,  0.256 ,  0.057 ,  14.822
2i3f , B , 1 , 213 ,  0.357 ,  0.058 ,  17.892
1dev , D , 1 , 39 ,  0.231 ,  0.012 ,  19.665
2h5n , D , 1 , 126 ,  0.437 ,  0.063 ,  14.916
1uhb , A , 1 , 125 ,  0.320 ,  0.047 ,  16.015
1w33 , A , 1 , 181 ,  0.265 ,  0.024 ,  24.319
2cj4 , A , 1 , 149 ,  0.349 ,  0.048 ,  16.863
1ax3 , A , 1 , 162 ,  0.543 ,  0.058 ,  15.046
2rdk , B , 1 , 101 ,  0.356 ,  0.048 ,  15.483
1rk8 , B , 1 , 127 ,  0.346 ,  0.048 ,  17.238
1te7 , A , 1 , 103 ,  0.311 ,  0.055 ,  13.223
3efp , A , 1 , 204 ,  0.265 ,  0.054 ,  17.634
1d1n , A , 1 , 99 ,  0.525 ,  0.066 ,  33.522
1czb , A , 1 , 144 ,  0.299 ,  0.051 ,  17.029
1k1v , A , 1 , 41 ,  0.415 ,  0.051 ,  10.280
1p0t , 1 , 1 , 25 ,  0.400 ,  0.057 ,  17.051
1lr5 , A , 1 , 160 ,  0.338 ,  0.049 ,  17.839
2dc4 , B , 1 , 164 ,  0.244 ,  0.046 ,  16.304
2c36 , B , 1 , 274 ,  0.277 ,  0.048 ,  23.210
1jfn , A , 1 , 119 ,  0.210 ,  0.031 ,  17.517
1rya , B , 1 , 160 ,  0.325 ,  0.054 ,  15.830
1wmw , A , 1 , 328 ,  0.244 ,  0.049 ,  21.373
2jvp , A , 1 , 73 ,  0.178 ,  0.048 ,  13.117
1ppq , A , 1 , 68 ,  0.279 ,  0.040 ,  13.241
1sp0 , A , 1 , 131 ,  0.229 ,  0.038 ,  16.167
1ft6 , A , 1 , 208 ,  0.231 ,  0.042 ,  21.972
2qya , A , 1 , 115 ,  0.339 ,  0.046 ,  17.823
1yew , F , 1 , 238 ,  0.269 ,  0.035 ,  25.823
1w6s , D , 1 , 72 ,  0.097 ,  0.006 ,  23.831
1v2b , A , 1 , 148 ,  0.385 ,  0.057 ,  15.939
3c8i , B , 1 , 129 ,  0.333 ,  0.055 ,  14.827
1nym , A , 1 , 308 ,  0.312 ,  0.068 ,  18.071
1yoz , B , 1 , 116 ,  0.353 ,  0.042 ,  15.500
3bi7 , A , 1 , 197 ,  0.264 ,  0.047 ,  17.932
1zzi , B , 1 , 79 ,  0.468 ,  0.051 ,  13.781
1kkg , A , 1 , 108 ,  0.296 ,  0.046 ,  14.462
2pw4 , A , 1 , 192 ,  0.323 ,  0.047 ,  17.564
1tlj , B , 1 , 188 ,  0.144 ,  0.036 ,  19.503
1v54 , W , 1 , 58 ,  0.172 ,  0.010 ,  42.326
1j5u , A , 1 , 125 ,  0.272 ,  0.042 ,  16.573
2fko , A , 1 , 173 ,  0.410 ,  0.060 ,  15.986
2nuk , A , 1 , 145 ,  0.276 ,  0.063 ,  28.314
1v54 , S , 1 , 98 ,  0.112 ,  0.020 ,  46.765
2j00 , N , 1 , 60 ,  0.267 ,  0.030 ,  98.156
2vqf , R , 1 , 73 ,  0.370 ,  0.050 ,  24.167
1ijy , B , 1 , 122 ,  0.377 ,  0.053 ,  16.908
1bys , A , 1 , 152 ,  0.513 ,  0.062 ,  14.552
1t60 , E , 1 , 224 ,  0.250 ,  0.044 ,  19.974
2zbn , A , 1 , 143 ,  0.287 ,  0.053 ,  15.329
2huc , A , 1 , 244 ,  0.369 ,  0.055 ,  20.792
2egg , B , 1 , 166 ,  0.199 ,  0.052 ,  16.734
1al2 , 4 , 1 , 60 ,  0.033 ,  0.008 ,  24.241
2ciz , A , 1 , 307 ,  0.238 ,  0.056 ,  18.385
3a39 , A , 1 , 99 ,  0.596 ,  0.076 ,  26.624
2a7u , B , 1 , 105 ,  0.410 ,  0.056 ,  13.416
1vgh , A , 1 , 55 ,  0.218 ,  0.026 ,  16.641
2k74 , A , 1 , 183 ,  0.257 ,  0.025 ,  23.218
2fcc , A , 1 , 138 ,  0.217 ,  0.043 ,  20.107
2jrp , A , 1 , 81 ,  0.210 ,  0.036 ,  14.208
1o8t , A , 1 , 79 ,  0.266 ,  0.015 ,  22.895
1trl , B , 1 , 62 ,  0.452 ,  0.056 ,  11.704
3hmt , A , 1 , 91 ,  0.484 ,  0.065 ,  12.170
3cx5 , N , 1 , 385 ,  0.210 ,  0.038 ,  23.337
1lis , A , 1 , 131 ,  0.290 ,  0.038 ,  18.352
1k6d , A , 1 , 217 ,  0.290 ,  0.048 ,  18.051
2cuv , E , 1 , 71 ,  0.338 ,  0.043 ,  16.697
3r8s , V , 1 , 94 ,  0.362 ,  0.056 ,  20.682
1qd6 , C , 1 , 240 ,  0.321 ,  0.045 ,  18.754
1h4x , B , 1 , 110 ,  0.464 ,  0.060 ,  13.240
1o82 , B , 1 , 70 ,  0.543 ,  0.068 ,  10.939
1dj8 , B , 1 , 79 ,  0.430 ,  0.054 ,  12.496
1qz4 , A , 1 , 213 ,  0.272 ,  0.058 ,  17.007
2in5 , B , 1 , 183 ,  0.273 ,  0.045 ,  17.802
1lur , A , 1 , 323 ,  0.300 ,  0.057 ,  21.665
1g8q , B , 1 , 86 ,  0.244 ,  0.055 ,  13.930
2v06 , A , 1 , 264 ,  0.212 ,  0.068 ,  18.189
1vqo , C , 1 , 246 ,  0.073 ,  0.019 ,  29.120
1koy , A , 1 , 62 ,  0.290 ,  0.055 ,  12.811
3ktv , B , 1 , 106 ,  0.415 ,  0.055 ,  14.501
2kyg , A , 1 , 50 ,  0.080 ,  0.017 ,  17.986
1gk8 , K , 1 , 125 ,  0.184 ,  0.037 ,  17.634
1k9c , A , 1 , 74 ,  0.135 ,  0.011 ,  22.896
1ya5 , T , 1 , 90 ,  0.256 ,  0.014 ,  23.059
2qh9 , B , 1 , 168 ,  0.351 ,  0.058 ,  16.601
1tkv , B , 1 , 89 ,  0.427 ,  0.058 ,  43.201
1r0d , D , 1 , 186 ,  0.290 ,  0.037 ,  20.476
1y9i , B , 1 , 158 ,  0.335 ,  0.054 ,  16.206
2xu4 , A , 1 , 226 ,  0.221 ,  0.063 ,  27.583
2ux9 , E , 1 , 67 ,  0.373 ,  0.035 ,  14.261
2zih , A , 1 , 282 ,  0.273 ,  0.051 ,  19.877
1b4u , D , 1 , 298 ,  0.349 ,  0.063 ,  19.466
2vxp , B , 1 , 131 ,  0.336 ,  0.059 ,  14.611
2fr5 , C , 1 , 134 ,  0.455 ,  0.058 ,  16.019
1nre , A , 1 , 81 ,  0.358 ,  0.042 ,  13.425
1g8t , B , 1 , 241 ,  0.320 ,  0.059 ,  17.474
2vu6 , A , 1 , 230 ,  0.278 ,  0.062 ,  16.491
2hq4 , B , 1 , 159 ,  0.283 ,  0.048 ,  16.513
2p9i , E , 1 , 174 ,  0.362 ,  0.056 ,  15.971
1hyn , P , 1 , 293 ,  0.266 ,  0.053 ,  21.727
1ejw , B , 1 , 101 ,  0.040 ,  0.032 ,  21.886
1r7l , B , 1 , 109 ,  0.156 ,  0.047 ,  14.978
1kom , A , 1 , 93 ,  0.398 ,  0.063 ,  12.610
1nz0 , B , 1 , 109 ,  0.385 ,  0.054 ,  15.315
1jad , B , 1 , 235 ,  0.128 ,  0.007 ,  37.468
1go4 , C , 1 , 195 ,  0.338 ,  0.048 ,  16.816
2qng , A , 1 , 181 ,  0.293 ,  0.057 ,  16.260
1dtv , A , 1 , 67 ,  0.388 ,  0.055 ,  42.979
3n4k , A , 1 , 168 ,  0.321 ,  0.054 ,  15.941
2zwk , B , 1 , 63 ,  0.333 ,  0.022 ,  17.578
3juc , A , 1 , 164 ,  0.366 ,  0.054 ,  15.500
2igs , B , 1 , 222 ,  0.297 ,  0.051 ,  18.608
1w6s , C , 1 , 596 ,  0.230 ,  0.058 ,  23.136
1v54 , Z , 1 , 43 ,  0.233 ,  0.010 ,  38.609
2qhf , A , 1 , 418 ,  0.270 ,  0.044 ,  23.743
1af6 , B , 1 , 421 ,  0.197 ,  0.040 ,  25.047
2yve , A , 1 , 175 ,  0.131 ,  0.034 ,  18.572
1d2l , A , 1 , 45 ,  0.356 ,  0.062 ,  16.091
1t62 , A , 1 , 153 ,  0.222 ,  0.042 ,  20.510
1ptx , A , 1 , 66 ,  0.485 ,  0.065 ,  11.770
2xfz , Y , 1 , 97 ,  0.278 ,  0.057 ,  19.188
1y7k , A , 1 , 40 ,  0.525 ,  0.052 ,  11.053
2qnu , B , 1 , 216 ,  0.222 ,  0.044 ,  19.905
1jb0 , B , 1 , 739 ,  0.166 ,  0.033 ,  32.452
2pu9 , A , 1 , 110 ,  0.200 ,  0.054 ,  13.786
2bs2 , F , 1 , 256 ,  0.203 ,  0.030 ,  22.913
4cla , A , 1 , 213 ,  0.263 ,  0.047 ,  17.786
3h3b , A , 1 , 195 ,  0.308 ,  0.058 ,  16.089
1jhh , B , 1 , 119 ,  0.353 ,  0.054 ,  16.044
2w14 , A , 1 , 219 ,  0.342 ,  0.063 ,  16.513
1jke , B , 1 , 145 ,  0.386 ,  0.053 ,  16.187
2qpw , A , 1 , 149 ,  0.295 ,  0.045 ,  16.166
3c4r , B , 1 , 119 ,  0.101 ,  0.028 ,  18.086
2odk , B , 1 , 61 ,  0.426 ,  0.046 ,  12.508
3bsu , B , 1 , 48 ,  0.479 ,  0.068 ,  10.544
3sm4 , B , 1 , 228 ,  0.171 ,  0.045 ,  18.318
1vfq , A , 1 , 132 ,  0.409 ,  0.053 ,  15.914
1saw , A , 1 , 206 ,  0.252 ,  0.060 ,  16.765
1ks0 , A , 1 , 59 ,  0.424 ,  0.066 ,  10.624
1yo7 , B , 1 , 120 ,  0.367 ,  0.045 ,  15.147
2ijq , B , 1 , 121 ,  0.488 ,  0.063 ,  13.693
3mhj , B , 1 , 218 ,  0.298 ,  0.056 ,  16.953
2b8x , A , 1 , 129 ,  0.442 ,  0.050 ,  15.040
1eth , B , 1 , 87 ,  0.230 ,  0.056 ,  50.216
1qld , A , 1 , 50 ,  0.520 ,  0.071 ,  10.564
2czj , A , 1 , 122 ,  0.418 ,  0.050 ,  15.393
2gz4 , D , 1 , 197 ,  0.325 ,  0.053 ,  18.062
1qrv , A , 1 , 73 ,  0.260 ,  0.024 ,  15.734
3gby , B , 1 , 131 ,  0.153 ,  0.045 ,  16.111
3fq6 , B , 1 , 114 ,  0.430 ,  0.059 ,  13.566
1bx8 , A , 1 , 49 ,  0.204 ,  0.034 ,  15.374
1smb , A , 1 , 164 ,  0.384 ,  0.061 ,  16.091
1olg , B , 1 , 42 ,  0.286 ,  0.019 ,  18.681
3iqj , A , 1 , 271 ,  0.225 ,  0.045 ,  19.509
2qjz , B , 1 , 115 ,  0.478 ,  0.057 ,  13.818
3ccd , B , 1 , 88 ,  0.591 ,  0.069 ,  12.093
3fy6 , D , 1 , 115 ,  0.287 ,  0.041 ,  17.031
3cb0 , D , 1 , 161 ,  0.255 ,  0.054 ,  17.932
1p35 , B , 1 , 298 ,  0.201 ,  0.043 ,  22.113
1lcj , A , 1 , 104 ,  0.375 ,  0.055 ,  14.509
2o01 , D , 1 , 138 ,  0.022 ,  0.020 ,  21.882
3ep3 , A , 1 , 242 ,  0.149 ,  0.046 ,  18.494
3ku8 , A , 1 , 136 ,  0.265 ,  0.045 ,  15.919
2agh , B , 1 , 87 ,  0.356 ,  0.035 ,  20.865
2qud , B , 1 , 130 ,  0.262 ,  0.033 ,  17.111
1ibv , A , 1 , 81 ,  0.025 ,  0.019 ,  19.310
1sx5 , A , 1 , 244 ,  0.221 ,  0.039 ,  19.688
3b9g , A , 1 , 328 ,  0.357 ,  0.065 ,  18.503
1gam , A , 1 , 86 ,  0.453 ,  0.067 ,  16.353
2b97 , B , 1 , 71 ,  0.563 ,  0.076 ,  16.795
3exm , A , 1 , 218 ,  0.344 ,  0.052 ,  16.789
3cqb , A , 1 , 98 ,  0.449 ,  0.051 ,  13.623
2joe , A , 1 , 139 ,  0.331 ,  0.043 ,  16.092
2qv8 , B , 1 , 132 ,  0.356 ,  0.056 ,  14.312
1wpu , B , 1 , 147 ,  0.306 ,  0.050 ,  16.547
2h3l , A , 1 , 103 ,  0.466 ,  0.054 ,  13.581
1t57 , A , 1 , 179 ,  0.402 ,  0.056 ,  16.143
3c05 , C , 1 , 58 ,  0.345 ,  0.035 ,  18.505
1h34 , A , 1 , 57 ,  0.386 ,  0.046 ,  16.362
1b4u , C , 1 , 132 ,  0.174 ,  0.034 ,  19.486
1dul , A , 1 , 61 ,  0.311 ,  0.054 ,  11.683
1hyi , A , 1 , 65 ,  0.369 ,  0.049 ,  13.245
1scm , A , 1 , 60 ,  0.150 ,  0.006 ,  25.762
1ev0 , B , 1 , 58 ,  0.328 ,  0.028 ,  23.588
2f6s , A , 1 , 176 ,  0.381 ,  0.057 ,  16.200
3mw6 , F , 1 , 113 ,  0.195 ,  0.028 ,  18.291
2fgr , A , 1 , 332 ,  0.232 ,  0.047 ,  20.820
1ckq , A , 1 , 261 ,  0.123 ,  0.036 ,  21.477
1s5q , B , 1 , 89 ,  0.303 ,  0.034 ,  14.512
1vpj , A , 1 , 170 ,  0.300 ,  0.059 ,  19.177
1hb6 , A , 1 , 86 ,  0.407 ,  0.045 ,  13.769
1ihn , A , 1 , 111 ,  0.514 ,  0.062 ,  13.826
3mab , B , 1 , 90 ,  0.367 ,  0.057 ,  12.952
1r45 , B , 1 , 201 ,  0.184 ,  0.047 ,  17.342
3nla , A , 1 , 73 ,  0.301 ,  0.058 ,  11.828
2uyv , A , 1 , 274 ,  0.277 ,  0.048 ,  42.322
1nj7 , A , 1 , 58 ,  0.362 ,  0.049 ,  11.485
2p06 , B , 1 , 84 ,  0.298 ,  0.033 ,  16.806
3g74 , A , 1 , 83 ,  0.277 ,  0.045 ,  15.559
3b9f , L , 1 , 46 ,  0.130 ,  0.020 ,  16.137
1p89 , A , 1 , 216 ,  0.204 ,  0.071 ,  15.404
1a0r , G , 1 , 65 ,  0.062 ,  0.006 ,  24.089
2cqy , A , 1 , 108 ,  0.019 ,  0.024 ,  18.562
2o5h , B , 1 , 126 ,  0.381 ,  0.047 ,  15.307
2rfp , A , 1 , 167 ,  0.072 ,  0.029 ,  18.923
1wzd , B , 1 , 207 ,  0.324 ,  0.052 ,  16.686
1rz2 , A , 1 , 214 ,  0.238 ,  0.054 ,  17.676
1e50 , H , 1 , 130 ,  0.238 ,  0.048 ,  15.647
1kaf , F , 1 , 104 ,  0.356 ,  0.060 ,  15.848
1v54 , Y , 1 , 46 ,  0.217 ,  0.013 ,  38.999
2jlj , A , 1 , 121 ,  0.413 ,  0.063 ,  13.712
2ewi , A , 1 , 107 ,  0.346 ,  0.045 ,  15.586
1t2r , A , 1 , 123 ,  0.390 ,  0.053 ,  14.253
1wuk , L , 1 , 533 ,  0.199 ,  0.052 ,  25.338
2za4 , D , 1 , 84 ,  0.452 ,  0.058 ,  12.033
1unp , A , 1 , 119 ,  0.395 ,  0.044 ,  15.411
2hba , B , 1 , 52 ,  0.250 ,  0.056 ,  10.954
3buu , A , 1 , 243 ,  0.276 ,  0.055 ,  18.174
3mol , A , 1 , 192 ,  0.365 ,  0.057 ,  16.138
1wdj , C , 1 , 186 ,  0.237 ,  0.056 ,  17.941
1vqr , B , 1 , 264 ,  0.212 ,  0.052 ,  19.458
1jg2 , A , 1 , 215 ,  0.279 ,  0.060 ,  17.390
3pvv , B , 1 , 95 ,  0.642 ,  0.064 ,  13.762
1bj6 , A , 1 , 42 ,  0.095 ,  0.040 ,  37.054
2pbk , A , 1 , 230 ,  0.370 ,  0.058 ,  17.194
2q5y , A , 1 , 152 ,  0.217 ,  0.037 ,  22.628
1v54 , V , 1 , 72 ,  0.139 ,  0.004 ,  48.697
2dpf , B , 1 , 111 ,  0.297 ,  0.045 ,  14.981
2jro , A , 1 , 74 ,  0.500 ,  0.048 ,  13.255
1t9i , B , 1 , 155 ,  0.206 ,  0.042 ,  17.497
1jya , A , 1 , 115 ,  0.243 ,  0.044 ,  15.150
2fim , B , 1 , 232 ,  0.276 ,  0.051 ,  18.795
1j35 , C , 1 , 34 ,  0.265 ,  0.037 ,  11.200
1we3 , O , 1 , 96 ,  0.146 ,  0.037 ,  18.851
1lkt , B , 1 , 104 ,  0.298 ,  0.045 ,  30.277
1gv8 , A , 1 , 159 ,  0.352 ,  0.062 ,  15.502
3lw5 , N , 1 , 85 ,  0.118 ,  0.007 ,  29.546
1kvd , D , 1 , 77 ,  0.429 ,  0.040 ,  15.083
1wm5 , A , 1 , 205 ,  0.132 ,  0.037 ,  19.825
1h3l , A , 1 , 75 ,  0.360 ,  0.048 ,  13.511
1fd3 , D , 1 , 42 ,  0.690 ,  0.076 ,  9.966
1ktu , A , 1 , 143 ,  0.378 ,  0.046 ,  16.313
3q6x , B , 1 , 249 ,  0.241 ,  0.065 ,  17.036
2wsc , L , 1 , 161 ,  0.211 ,  0.022 ,  22.415
3ssi , A , 1 , 108 ,  0.333 ,  0.051 ,  15.504
2hxm , A , 1 , 223 ,  0.206 ,  0.055 ,  16.913
1a3a , A , 1 , 145 ,  0.331 ,  0.065 ,  14.738
1cw0 , A , 1 , 155 ,  0.187 ,  0.044 ,  16.668
3g9o , A , 1 , 75 ,  0.373 ,  0.056 ,  12.508
1al0 , 3 , 1 , 140 ,  0.329 ,  0.055 ,  21.208
1dav , A , 1 , 71 ,  0.465 ,  0.056 ,  11.960
1lok , A , 1 , 292 ,  0.397 ,  0.067 ,  17.903
2igd , A , 1 , 61 ,  0.459 ,  0.048 ,  12.295
2rjy , A , 1 , 64 ,  0.359 ,  0.054 ,  11.611
3c8o , A , 1 , 160 ,  0.338 ,  0.065 ,  14.852
1pp0 , C , 1 , 194 ,  0.268 ,  0.047 ,  18.219
2ysg , A , 1 , 40 ,  0.175 ,  0.040 ,  12.631
1bt3 , A , 1 , 336 ,  0.229 ,  0.058 ,  18.733
1oha , A , 1 , 274 ,  0.507 ,  0.061 ,  18.436
1mkk , A , 1 , 93 ,  0.215 ,  0.023 ,  17.767
1icf , J , 1 , 65 ,  0.215 ,  0.047 ,  12.332
1mvf , E , 1 , 44 ,  0.273 ,  0.032 ,  11.765
2wcd , A , 1 , 285 ,  0.109 ,  0.007 ,  95.673
1qtu , A , 1 , 115 ,  0.609 ,  0.054 ,  13.722
2ife , A , 1 , 91 ,  0.418 ,  0.057 ,  12.907
1k46 , A , 1 , 124 ,  0.040 ,  0.034 ,  17.680
1nrz , B , 1 , 163 ,  0.245 ,  0.054 ,  15.865
3ak8 , B , 1 , 159 ,  0.333 ,  0.044 ,  17.557
1cmb , B , 1 , 104 ,  0.183 ,  0.040 ,  14.728
1k6u , A , 1 , 59 ,  0.356 ,  0.059 ,  12.702
1xly , B , 1 , 184 ,  0.277 ,  0.041 ,  19.661
1cnr , A , 1 , 46 ,  0.457 ,  0.060 ,  16.657
1vq8 , U , 1 , 53 ,  0.472 ,  0.051 ,  30.851
2afp , A , 1 , 129 ,  0.279 ,  0.044 ,  16.075
1uca , A , 1 , 190 ,  0.242 ,  0.050 ,  17.025
1ul4 , A , 1 , 81 ,  0.074 ,  0.023 ,  18.295
1m1r , A , 1 , 105 ,  0.219 ,  0.044 ,  14.304
1xpa , A , 1 , 113 ,  0.150 ,  0.036 ,  83.767
1mzm , A , 1 , 93 ,  0.430 ,  0.058 ,  13.655
3bdf , A , 1 , 446 ,  0.233 ,  0.053 ,  21.571
1iu4 , B , 1 , 331 ,  0.218 ,  0.046 ,  21.006
1z9i , A , 1 , 53 ,  0.113 ,  0.018 ,  15.151
1d8h , B , 1 , 288 ,  0.184 ,  0.040 ,  22.337
1xd3 , A , 1 , 243 ,  0.222 ,  0.060 ,  18.205
1al0 , F , 1 , 418 ,  0.086 ,  0.030 ,  27.982
3b8p , C , 1 , 184 ,  0.201 ,  0.021 ,  23.860
2d3k , A , 1 , 118 ,  0.407 ,  0.059 ,  14.570
1seh , A , 1 , 140 ,  0.214 ,  0.035 ,  18.141
1h8g , B , 1 , 91 ,  0.242 ,  0.031 ,  18.104
1kcc , A , 1 , 343 ,  0.204 ,  0.051 ,  20.663
1v6p , B , 1 , 67 ,  0.373 ,  0.049 ,  13.110
3lzt , A , 1 , 131 ,  0.336 ,  0.060 ,  14.402
3c2i , A , 1 , 70 ,  0.300 ,  0.040 ,  13.083
2roo , A , 1 , 43 ,  0.581 ,  0.063 ,  10.818
1sj7 , A , 1 , 167 ,  0.335 ,  0.038 ,  19.903
1yp0 , A , 1 , 239 ,  0.243 ,  0.048 ,  19.815
1o9k , B , 1 , 144 ,  0.243 ,  0.053 ,  21.453
1vmo , B , 1 , 163 ,  0.344 ,  0.058 ,  15.600
2qn0 , A , 1 , 429 ,  0.219 ,  0.048 ,  22.801
2hf1 , A , 1 , 59 ,  0.271 ,  0.045 ,  13.465
1aqq , A , 1 , 40 ,  0.550 ,  0.071 ,  9.413
1e8q , A , 1 , 46 ,  0.609 ,  0.071 ,  10.299
2bfq , A , 1 , 191 ,  0.319 ,  0.063 ,  15.807
1jju , C , 1 , 79 ,  0.114 ,  0.042 ,  16.262
3c8l , A , 1 , 132 ,  0.371 ,  0.041 ,  17.178
3bjq , A , 1 , 290 ,  0.166 ,  0.034 ,  101.784
2o2a , B , 1 , 124 ,  0.250 ,  0.030 ,  22.040
1nki , B , 1 , 136 ,  0.235 ,  0.037 ,  16.887
1sed , C , 1 , 113 ,  0.221 ,  0.032 ,  18.673
3adi , A , 1 , 71 ,  0.408 ,  0.049 ,  12.931
2y2c , C , 1 , 176 ,  0.415 ,  0.060 ,  17.034
1h17 , A , 1 , 765 ,  0.218 ,  0.055 ,  27.754
1pp9 , F , 1 , 99 ,  0.172 ,  0.029 ,  23.103
1yox , C , 1 , 192 ,  0.219 ,  0.046 ,  20.662
1bk5 , A , 1 , 422 ,  0.076 ,  0.023 ,  31.291
1dim , A , 1 , 381 ,  0.370 ,  0.062 ,  20.660
1wpn , B , 1 , 195 ,  0.262 ,  0.063 ,  15.991
1x0l , B , 1 , 326 ,  0.212 ,  0.051 ,  20.169
2xqu , A , 1 , 83 ,  0.217 ,  0.018 ,  20.102
3qi5 , A , 1 , 207 ,  0.382 ,  0.059 ,  16.837
2ouf , A , 1 , 81 ,  0.272 ,  0.027 ,  15.170
2jov , A , 1 , 85 ,  0.353 ,  0.034 ,  15.934
1ywq , A , 1 , 199 ,  0.271 ,  0.040 ,  18.724
1x6m , B , 1 , 196 ,  0.209 ,  0.046 ,  20.177
2d8y , A , 1 , 91 ,  0.099 ,  0.018 ,  18.946
2dpp , A , 1 , 200 ,  0.060 ,  0.031 ,  23.407
1ihv , A , 1 , 52 ,  0.750 ,  0.056 ,  14.413
1tin , A , 1 , 68 ,  0.426 ,  0.057 ,  11.534
1dvk , B , 1 , 150 ,  0.333 ,  0.054 ,  16.565
1hns , A , 1 , 47 ,  0.362 ,  0.049 ,  14.798
3d3c , A , 1 , 138 ,  0.145 ,  0.058 ,  14.738
1wjt , A , 1 , 103 ,  0.097 ,  0.033 ,  16.320
1or0 , C , 1 , 151 ,  0.172 ,  0.037 ,  17.890
1uux , A , 1 , 162 ,  0.519 ,  0.065 ,  25.265
1u5u , B , 1 , 366 ,  0.243 ,  0.052 ,  21.241
1mxr , B , 1 , 339 ,  0.245 ,  0.044 ,  21.519
1j8t , A , 1 , 307 ,  0.332 ,  0.054 ,  19.042
2gjv , B , 1 , 136 ,  0.250 ,  0.040 ,  19.788
1gd5 , A , 1 , 130 ,  0.346 ,  0.043 ,  29.595
2utg , A , 1 , 70 ,  0.357 ,  0.039 ,  13.646
1ir0 , A , 1 , 81 ,  0.506 ,  0.069 ,  11.935
2pr3 , B , 1 , 50 ,  0.320 ,  0.037 ,  16.245
2rl8 , B , 1 , 151 ,  0.371 ,  0.052 ,  15.772
1q9u , B , 1 , 127 ,  0.362 ,  0.043 ,  16.283
2afy , X , 1 , 275 ,  0.284 ,  0.061 ,  18.497
3rrl , D , 1 , 197 ,  0.259 ,  0.046 ,  18.357
1eyf , A , 1 , 92 ,  0.076 ,  0.030 ,  17.462
2o34 , B , 1 , 225 ,  0.244 ,  0.053 ,  17.792
3a1p , D , 1 , 85 ,  0.294 ,  0.040 ,  14.628
1oqv , B , 1 , 171 ,  0.386 ,  0.062 ,  16.946
2ygs , A , 1 , 92 ,  0.359 ,  0.064 ,  12.145
2nwt , B , 1 , 69 ,  0.043 ,  0.002 ,  44.334
2bhw , A , 1 , 223 ,  0.143 ,  0.025 ,  23.024
2vqe , G , 1 , 155 ,  0.226 ,  0.036 ,  32.674
1rlz , A , 1 , 344 ,  0.192 ,  0.037 ,  23.550
1knv , A , 1 , 292 ,  0.226 ,  0.041 ,  21.645
2vqe , O , 1 , 88 ,  0.318 ,  0.041 ,  22.774
1z9t , A , 1 , 237 ,  0.380 ,  0.057 ,  17.250
2fwg , A , 1 , 124 ,  0.419 ,  0.056 ,  14.373
2j00 , P , 1 , 83 ,  0.277 ,  0.052 ,  15.605
2e5x , A , 1 , 185 ,  0.178 ,  0.049 ,  17.256
2hnu , B , 1 , 81 ,  0.296 ,  0.065 ,  20.058
1tw6 , B , 1 , 95 ,  0.116 ,  0.053 ,  16.793
1e01 , A , 1 , 48 ,  0.438 ,  0.058 ,  11.163
1gd8 , B , 1 , 105 ,  0.390 ,  0.047 ,  15.386
1g9l , A , 1 , 144 ,  0.062 ,  0.026 ,  19.863
1ow3 , A , 1 , 196 ,  0.163 ,  0.050 ,  17.051
2xm4 , A , 1 , 150 ,  0.387 ,  0.049 ,  16.217
2w9j , A , 1 , 69 ,  0.478 ,  0.047 ,  12.165
1p9z , A , 1 , 40 ,  0.825 ,  0.083 ,  9.197
3r2x , C , 1 , 82 ,  0.573 ,  0.057 ,  13.710
2qim , A , 1 , 157 ,  0.306 ,  0.048 ,  17.188
1mjs , A , 1 , 178 ,  0.270 ,  0.044 ,  17.086
1nlw , B , 1 , 76 ,  0.132 ,  0.010 ,  22.793
1n2m , E , 1 , 163 ,  0.276 ,  0.052 ,  17.085
1lcs , A , 1 , 205 ,  0.268 ,  0.042 ,  21.596
3ku5 , B , 1 , 173 ,  0.116 ,  0.013 ,  27.556
1qi9 , B , 1 , 555 ,  0.180 ,  0.046 ,  25.684
1f46 , A , 1 , 139 ,  0.381 ,  0.050 ,  16.501
3k7p , B , 1 , 156 ,  0.532 ,  0.063 ,  15.375
1j2x , A , 1 , 70 ,  0.414 ,  0.045 ,  12.569
1b79 , D , 1 , 103 ,  0.340 ,  0.064 ,  15.926
3n08 , A , 1 , 163 ,  0.331 ,  0.059 ,  14.926
1p57 , A , 1 , 110 ,  0.373 ,  0.055 ,  21.232
1vqo , 2 , 1 , 46 ,  0.174 ,  0.022 ,  22.722
2qw6 , A , 1 , 85 ,  0.482 ,  0.066 ,  11.945
1dm9 , B , 1 , 107 ,  0.159 ,  0.038 ,  16.028
1yir , A , 1 , 390 ,  0.241 ,  0.051 ,  21.513
1avp , A , 1 , 204 ,  0.338 ,  0.057 ,  31.420
1v54 , T , 1 , 83 ,  0.060 ,  0.007 ,  38.919
1si6 , X , 1 , 282 ,  0.340 ,  0.056 ,  18.325
1lg7 , A , 1 , 163 ,  0.301 ,  0.052 ,  17.253
2h88 , Q , 1 , 101 ,  0.327 ,  0.030 ,  17.320
2i75 , A , 1 , 273 ,  0.198 ,  0.052 ,  18.423
2wcw , B , 1 , 128 ,  0.281 ,  0.060 ,  14.109
2vpz , G , 1 , 250 ,  0.240 ,  0.044 ,  27.551
1ozj , B , 1 , 124 ,  0.339 ,  0.059 ,  15.354
1f08 , A , 1 , 148 ,  0.331 ,  0.056 ,  15.302
1kmt , B , 1 , 138 ,  0.333 ,  0.043 ,  23.283
1erc , A , 1 , 40 ,  0.800 ,  0.074 ,  9.216
1uuc , A , 1 , 55 ,  0.527 ,  0.055 ,  11.371
4bcl , A , 1 , 350 ,  0.237 ,  0.037 ,  23.173
2w1v , B , 1 , 275 ,  0.265 ,  0.060 ,  20.049
1mz9 , B , 1 , 45 ,  0.222 ,  0.008 ,  19.947
1ae9 , B , 1 , 164 ,  0.415 ,  0.058 ,  15.343
1oxw , A , 1 , 349 ,  0.309 ,  0.054 ,  21.846
1i40 , A , 1 , 183 ,  0.328 ,  0.059 ,  18.221
1yh5 , A , 1 , 108 ,  0.361 ,  0.039 ,  15.806
1p6z , R , 1 , 102 ,  0.098 ,  0.024 ,  17.229
1v8h , B , 1 , 106 ,  0.311 ,  0.035 ,  16.401
1h13 , A , 1 , 419 ,  0.203 ,  0.061 ,  19.786
1o7d , A , 1 , 291 ,  0.251 ,  0.046 ,  23.729
2it9 , B , 1 , 117 ,  0.376 ,  0.047 ,  14.832
1mzg , B , 1 , 139 ,  0.252 ,  0.050 ,  19.814
2oiz , D , 1 , 122 ,  0.459 ,  0.076 ,  12.823
3ci3 , A , 1 , 201 ,  0.299 ,  0.039 ,  18.654
2i9x , B , 1 , 80 ,  0.400 ,  0.043 ,  15.616
3pvi , B , 1 , 156 ,  0.231 ,  0.034 ,  18.444
1l8b , A , 1 , 177 ,  0.243 ,  0.055 ,  15.807
1w8g , A , 1 , 230 ,  0.296 ,  0.054 ,  18.993
1a73 , B , 1 , 162 ,  0.185 ,  0.029 ,  20.251
1zcd , B , 1 , 376 ,  0.173 ,  0.051 ,  22.306
1mol , A , 1 , 94 ,  0.309 ,  0.048 ,  15.423
1qa5 , A , 1 , 56 ,  0.071 ,  0.009 ,  75.265
1fle , I , 1 , 47 ,  0.362 ,  0.050 ,  13.213
1eoi , A , 1 , 222 ,  0.266 ,  0.055 ,  19.335
1go5 , A , 1 , 69 ,  0.043 ,  0.028 ,  15.940
1fva , A , 1 , 200 ,  0.480 ,  0.059 ,  16.163
1wff , A , 1 , 85 ,  0.012 ,  0.004 ,  32.880
1no5 , B , 1 , 102 ,  0.500 ,  0.055 ,  13.732
1qc7 , A , 1 , 101 ,  0.228 ,  0.045 ,  14.846
1wid , A , 1 , 117 ,  0.359 ,  0.044 ,  14.787
1jfc , A , 1 , 413 ,  0.119 ,  0.049 ,  54.958
1kjs , A , 1 , 74 ,  0.568 ,  0.063 ,  53.474
2wqg , A , 1 , 51 ,  0.275 ,  0.049 ,  11.354
1oru , B , 1 , 182 ,  0.368 ,  0.056 ,  16.695
3d7j , F , 1 , 135 ,  0.326 ,  0.042 ,  18.193
1vju , A , 1 , 287 ,  0.338 ,  0.050 ,  21.457
1tvt , A , 1 , 75 ,  0.253 ,  0.046 ,  54.916
1vq3 , D , 1 , 84 ,  0.262 ,  0.024 ,  17.298
2nx0 , A , 1 , 162 ,  0.420 ,  0.059 ,  14.515
7ahl , F , 1 , 293 ,  0.140 ,  0.018 ,  44.157
1xoz , A , 1 , 326 ,  0.282 ,  0.052 ,  20.555
2nq2 , B , 1 , 300 ,  0.343 ,  0.050 ,  19.964
3f42 , B , 1 , 82 ,  0.354 ,  0.028 ,  16.557
1csm , A , 1 , 252 ,  0.302 ,  0.041 ,  24.424
2rn4 , A , 1 , 106 ,  0.358 ,  0.051 ,  13.629
2z0t , C , 1 , 109 ,  0.312 ,  0.057 ,  14.819
2quy , B , 1 , 330 ,  0.142 ,  0.048 ,  20.788
1hrt , I , 1 , 65 ,  0.031 ,  0.020 ,  18.014
1ro7 , A , 1 , 255 ,  0.216 ,  0.054 ,  18.009
1f3m , B , 1 , 70 ,  0.143 ,  0.024 ,  17.308
2jag , A , 1 , 250 ,  0.368 ,  0.047 ,  18.966
2jrr , A , 1 , 67 ,  0.358 ,  0.036 ,  14.560
1s5b , A , 1 , 208 ,  0.260 ,  0.044 ,  20.425
3dqg , D , 1 , 164 ,  0.409 ,  0.045 ,  17.417
2j5g , A , 1 , 250 ,  0.304 ,  0.056 ,  19.473
2is5 , B , 1 , 148 ,  0.122 ,  0.048 ,  16.567
2ota , B , 1 , 60 ,  0.200 ,  0.029 ,  14.202
1n69 , A , 1 , 78 ,  0.231 ,  0.031 ,  15.046
3d7a , A , 1 , 137 ,  0.270 ,  0.050 ,  15.377
2y1r , B , 1 , 139 ,  0.410 ,  0.068 ,  14.045
1w66 , A , 1 , 218 ,  0.321 ,  0.059 ,  16.238
1jg5 , B , 1 , 83 ,  0.277 ,  0.055 ,  13.144
1r2d , A , 1 , 142 ,  0.394 ,  0.058 ,  15.856
3n2w , B , 1 , 386 ,  0.269 ,  0.056 ,  29.206
1r8u , B , 1 , 100 ,  0.180 ,  0.036 ,  15.312
2g8m , A , 1 , 263 ,  0.285 ,  0.051 ,  20.798
1bfa , A , 1 , 116 ,  0.371 ,  0.055 ,  14.062
2qhq , A , 1 , 113 ,  0.327 ,  0.050 ,  15.645
1jb0 , K , 1 , 46 ,  0.435 ,  0.039 ,  26.561
1ejk , A , 1 , 81 ,  0.556 ,  0.065 ,  11.544
1w88 , J , 1 , 42 ,  0.524 ,  0.065 ,  15.492
1ueh , B , 1 , 225 ,  0.187 ,  0.044 ,  19.182
1kbh , B , 1 , 59 ,  0.169 ,  0.031 ,  13.739
2xqq , C , 1 , 92 ,  0.500 ,  0.068 ,  13.586
1wvq , A , 1 , 162 ,  0.012 ,  0.041 ,  18.539
1e53 , A , 1 , 59 ,  0.407 ,  0.058 ,  50.350
1mo7 , A , 1 , 213 ,  0.296 ,  0.051 ,  17.224
1xf6 , B , 1 , 73 ,  0.123 ,  0.012 ,  20.372
2guk , B , 1 , 112 ,  0.259 ,  0.041 ,  18.211
1ecm , A , 1 , 91 ,  0.341 ,  0.025 ,  17.319
1vqo , O , 1 , 115 ,  0.278 ,  0.057 ,  16.160
1iu3 , C , 1 , 115 ,  0.278 ,  0.056 ,  15.689
1szl , A , 1 , 61 ,  0.180 ,  0.022 ,  14.881
2wqk , B , 1 , 262 ,  0.256 ,  0.047 ,  20.263
3pyp , A , 1 , 137 ,  0.533 ,  0.069 ,  24.879
3fyb , A , 1 , 94 ,  0.255 ,  0.030 ,  17.127
2aj7 , B , 1 , 156 ,  0.308 ,  0.052 ,  16.627
1xdy , B , 1 , 262 ,  0.321 ,  0.057 ,  17.726
1lm5 , A , 1 , 189 ,  0.206 ,  0.058 ,  16.558
2hy5 , B , 1 , 132 ,  0.379 ,  0.052 ,  18.142
2fiy , B , 1 , 281 ,  0.260 ,  0.053 ,  19.866
1f9t , A , 1 , 304 ,  0.280 ,  0.051 ,  19.485
1xo7 , B , 1 , 166 ,  0.355 ,  0.064 ,  15.362
2yyv , A , 1 , 223 ,  0.296 ,  0.061 ,  17.225
1v54 , X , 1 , 49 ,  0.204 ,  0.007 ,  44.437
2gp8 , A , 1 , 40 ,  0.500 ,  0.040 ,  11.250
1ehb , A , 1 , 82 ,  0.354 ,  0.055 ,  12.482
1yz1 , B , 1 , 145 ,  0.345 ,  0.053 ,  15.070
3bhw , B , 1 , 194 ,  0.191 ,  0.049 ,  18.936
2fic , B , 1 , 201 ,  0.134 ,  0.010 ,  31.246
2ox6 , A , 1 , 162 ,  0.210 ,  0.033 ,  19.511
2i3t , A , 1 , 334 ,  0.216 ,  0.055 ,  19.468
1qoj , B , 1 , 44 ,  0.455 ,  0.039 ,  12.792
1nxh , B , 1 , 113 ,  0.062 ,  0.025 ,  18.921
1iie , B , 1 , 75 ,  0.133 ,  0.017 ,  18.627
1dw7 , A , 1 , 71 ,  0.056 ,  0.035 ,  14.497
2ofc , B , 1 , 141 ,  0.404 ,  0.061 ,  14.580
3eyk , A , 1 , 319 ,  0.050 ,  0.019 ,  29.522
1ots , A , 1 , 444 ,  0.239 ,  0.055 ,  22.337
1g11 , A , 1 , 102 ,  0.265 ,  0.040 ,  86.833
1k0e , B , 1 , 414 ,  0.314 ,  0.053 ,  23.214
2wse , K , 1 , 84 ,  0.238 ,  0.014 ,  24.536
2fae , A , 1 , 77 ,  0.429 ,  0.060 ,  12.512
1p8t , A , 1 , 285 ,  0.200 ,  0.032 ,  22.691
1vqo , X , 1 , 82 ,  0.354 ,  0.052 ,  25.008
1s62 , A , 1 , 102 ,  0.324 ,  0.047 ,  14.073
2r19 , B , 1 , 141 ,  0.369 ,  0.047 ,  16.158
3dnj , A , 1 , 89 ,  0.416 ,  0.066 ,  32.373
2ioj , B , 1 , 117 ,  0.385 ,  0.071 ,  12.959
3o79 , A , 1 , 105 ,  0.381 ,  0.051 ,  13.834
1fy9 , A , 1 , 193 ,  0.275 ,  0.053 ,  16.752
2dn4 , A , 1 , 99 ,  0.182 ,  0.043 ,  14.093
2bds , A , 1 , 43 ,  0.512 ,  0.066 ,  9.510
1rh5 , A , 1 , 410 ,  0.283 ,  0.043 ,  23.637
2q9r , A , 1 , 198 ,  0.328 ,  0.050 ,  17.371
3fe7 , A , 1 , 84 ,  0.333 ,  0.055 ,  12.665
2a1k , B , 1 , 212 ,  0.094 ,  0.033 ,  20.430
1oxd , A , 1 , 226 ,  0.270 ,  0.053 ,  17.723
2o8s , A , 1 , 226 ,  0.124 ,  0.044 ,  24.204
1g3j , B , 1 , 41 ,  0.073 ,  0.003 ,  26.523
2jyn , A , 1 , 146 ,  0.274 ,  0.045 ,  16.169
2jz6 , A , 1 , 77 ,  0.429 ,  0.041 ,  14.472
2os1 , A , 1 , 179 ,  0.251 ,  0.053 ,  17.026
1zvp , B , 1 , 128 ,  0.109 ,  0.037 ,  17.947
1tgr , B , 1 , 55 ,  0.345 ,  0.054 ,  11.928
2icu , B , 1 , 210 ,  0.224 ,  0.056 ,  16.787
1r94 , B , 1 , 97 ,  0.371 ,  0.047 ,  14.666
1v54 , N , 1 , 513 ,  0.267 ,  0.051 ,  43.970
2ksh , A , 1 , 110 ,  0.327 ,  0.055 ,  21.807
2qzi , B , 1 , 101 ,  0.455 ,  0.051 ,  15.017
3ery , A , 1 , 174 ,  0.293 ,  0.041 ,  16.965
3k34 , A , 1 , 258 ,  0.326 ,  0.057 ,  17.456
1p32 , B , 1 , 171 ,  0.170 ,  0.027 ,  20.673
1dry , A , 1 , 316 ,  0.275 ,  0.054 ,  18.840
1rdg , A , 1 , 52 ,  0.346 ,  0.064 ,  9.686
1r28 , A , 1 , 122 ,  0.320 ,  0.043 ,  15.797
2x21 , M , 1 , 154 ,  0.143 ,  0.042 ,  16.105
2ogf , C , 1 , 120 ,  0.242 ,  0.038 ,  16.409
1uxa , B , 1 , 183 ,  0.257 ,  0.049 ,  17.934
1nyc , B , 1 , 111 ,  0.396 ,  0.050 ,  14.078
2iaz , C , 1 , 105 ,  0.238 ,  0.025 ,  18.164
1egn , A , 1 , 433 ,  0.300 ,  0.056 ,  23.891
1ppj , V , 1 , 43 ,  0.209 ,  0.021 ,  22.800
1ryl , B , 1 , 149 ,  0.302 ,  0.050 ,  16.472
1qxw , A , 1 , 249 ,  0.345 ,  0.059 ,  17.366
3d1m , B , 1 , 150 ,  0.333 ,  0.062 ,  15.445
1o6a , B , 1 , 85 ,  0.165 ,  0.030 ,  16.736
2prv , A , 1 , 160 ,  0.306 ,  0.053 ,  21.201
2imh , A , 1 , 230 ,  0.287 ,  0.051 ,  18.570
1d0q , B , 1 , 102 ,  0.176 ,  0.043 ,  14.555
1tzy , G , 1 , 98 ,  0.133 ,  0.023 ,  19.982
1vqo , H , 1 , 160 ,  0.244 ,  0.037 ,  24.662
1wna , A , 1 , 123 ,  0.504 ,  0.063 ,  14.029
2nwl , A , 1 , 402 ,  0.271 ,  0.047 ,  21.855
1aw6 , A , 1 , 43 ,  0.163 ,  0.044 ,  12.179
1t6t , 1 , 1 , 106 ,  0.481 ,  0.058 ,  13.279
1vh5 , B , 1 , 138 ,  0.391 ,  0.054 ,  15.116
1jfz , D , 1 , 148 ,  0.277 ,  0.049 ,  16.070
1v54 , Q , 1 , 144 ,  0.069 ,  0.004 ,  53.448
1ud9 , D , 1 , 241 ,  0.212 ,  0.043 ,  19.794
2fdo , B , 1 , 89 ,  0.236 ,  0.025 ,  16.835
1wny , B , 1 , 180 ,  0.267 ,  0.055 ,  17.722
3eip , B , 1 , 84 ,  0.310 ,  0.049 ,  13.203
1sce , A , 1 , 97 ,  0.093 ,  0.027 ,  17.038
1am2 , A , 1 , 181 ,  0.304 ,  0.049 ,  17.221
3p1f , B , 1 , 115 ,  0.374 ,  0.045 ,  14.424
1psr , B , 1 , 100 ,  0.260 ,  0.043 ,  15.116
1wto , A , 1 , 65 ,  0.292 ,  0.056 ,  13.060
1p71 , A , 1 , 94 ,  0.106 ,  0.017 ,  21.238
2esk , A , 1 , 163 ,  0.301 ,  0.052 ,  17.370
1mb1 , A , 1 , 98 ,  0.388 ,  0.063 ,  15.235
1v9v , A , 1 , 114 ,  0.342 ,  0.044 ,  16.842
2gmq , B , 1 , 114 ,  0.509 ,  0.063 ,  14.104
2f9z , B , 1 , 190 ,  0.395 ,  0.055 ,  16.700
1cq3 , B , 1 , 224 ,  0.281 ,  0.051 ,  17.798
2rhs , C , 1 , 273 ,  0.011 ,  0.030 ,  25.800
3rqq , A , 1 , 277 ,  0.264 ,  0.062 ,  18.108
1ubp , A , 1 , 99 ,  0.444 ,  0.050 ,  19.461
1pe3 , 1 , 1 , 59 ,  0.271 ,  0.060 ,  14.027
1bbt , 4 , 1 , 46 ,  0.000 ,  0.005 ,  25.454
3kan , B , 1 , 124 ,  0.419 ,  0.047 ,  15.417
1yew , G , 1 , 188 ,  0.218 ,  0.027 ,  25.469
2qzb , B , 1 , 147 ,  0.224 ,  0.045 ,  15.897
2gzj , B , 1 , 130 ,  0.269 ,  0.055 ,  14.187
2if1 , A , 1 , 126 ,  0.032 ,  0.019 ,  22.898
3qy1 , B , 1 , 220 ,  0.182 ,  0.041 ,  19.298
3sj5 , B , 1 , 185 ,  0.124 ,  0.044 ,  17.202
1m22 , B , 1 , 487 ,  0.275 ,  0.062 ,  21.477
1nvp , C , 1 , 47 ,  0.277 ,  0.032 ,  13.743
2pes , A , 1 , 300 ,  0.157 ,  0.028 ,  24.877
2q6m , A , 1 , 204 ,  0.240 ,  0.050 ,  18.557
1ziz , A , 1 , 263 ,  0.247 ,  0.047 ,  19.865
2gmy , E , 1 , 145 ,  0.379 ,  0.049 ,  16.099
1ba4 , A , 1 , 40 ,  0.250 ,  0.021 ,  16.655
2ecs , B , 1 , 63 ,  0.365 ,  0.050 ,  12.289
1k4p , A , 1 , 216 ,  0.333 ,  0.055 ,  17.098
1gen , A , 1 , 200 ,  0.305 ,  0.058 ,  16.773
3h63 , C , 1 , 316 ,  0.263 ,  0.059 ,  19.459
1dlx , A , 1 , 120 ,  0.450 ,  0.055 ,  13.944
1fi8 , F , 1 , 48 ,  0.062 ,  0.015 ,  17.361
1czy , B , 1 , 168 ,  0.220 ,  0.048 ,  16.088
2g3w , B , 1 , 172 ,  0.163 ,  0.053 ,  16.983
1c5e , B , 1 , 95 ,  0.442 ,  0.062 ,  13.514
2i0q , B , 1 , 219 ,  0.064 ,  0.027 ,  22.767
1i4j , B , 1 , 110 ,  0.345 ,  0.039 ,  17.001
1dbu , A , 1 , 150 ,  0.287 ,  0.059 ,  14.946
1dy5 , B , 1 , 123 ,  0.301 ,  0.051 ,  56.097
3bm9 , A , 1 , 213 ,  0.300 ,  0.055 ,  17.120
1kms , A , 1 , 188 ,  0.197 ,  0.054 ,  16.865
2j7a , F , 1 , 146 ,  0.151 ,  0.030 ,  20.084
1kvd , C , 1 , 63 ,  0.270 ,  0.032 ,  14.941
2j6y , A , 1 , 88 ,  0.443 ,  0.043 ,  14.221
1hzg , A , 1 , 295 ,  0.251 ,  0.062 ,  18.258
1jyg , A , 1 , 69 ,  0.522 ,  0.062 ,  11.816
1ln0 , B , 1 , 94 ,  0.394 ,  0.056 ,  12.982
1w6v , A , 1 , 120 ,  0.358 ,  0.049 ,  14.276
2bj0 , B , 1 , 203 ,  0.251 ,  0.037 ,  22.531
1q08 , A , 1 , 94 ,  0.106 ,  0.010 ,  23.711
1pc6 , B , 1 , 133 ,  0.203 ,  0.029 ,  20.186
3gk6 , A , 1 , 150 ,  0.387 ,  0.053 ,  15.503
1nkz , C , 1 , 52 ,  0.192 ,  0.009 ,  19.780
2spc , B , 1 , 107 ,  0.093 ,  0.006 ,  30.618
1vq8 , J , 1 , 142 ,  0.394 ,  0.050 ,  23.928
1i50 , F , 1 , 84 ,  0.214 ,  0.036 ,  17.600
1jh6 , B , 1 , 181 ,  0.238 ,  0.050 ,  17.638
2qz7 , A , 1 , 169 ,  0.308 ,  0.054 ,  15.959
1jad , A , 1 , 235 ,  0.132 ,  0.007 ,  37.585
1nwz , A , 1 , 141 ,  0.411 ,  0.070 ,  13.523
2nn5 , A , 1 , 194 ,  0.273 ,  0.057 ,  16.153
2imq , X , 1 , 283 ,  0.343 ,  0.056 ,  18.275
1w6s , A , 1 , 595 ,  0.225 ,  0.058 ,  23.112
2b49 , A , 1 , 277 ,  0.238 ,  0.058 ,  18.086
1mvf , D , 1 , 44 ,  0.273 ,  0.033 ,  12.033
2wqk , A , 1 , 263 ,  0.278 ,  0.047 ,  20.255
1n8v , B , 1 , 103 ,  0.243 ,  0.051 ,  13.597
3mj0 , A , 1 , 118 ,  0.432 ,  0.056 ,  13.963
1vps , B , 1 , 289 ,  0.187 ,  0.036 ,  28.094
2kog , A , 1 , 116 ,  0.086 ,  0.005 ,  42.506
1vq8 , M , 1 , 194 ,  0.211 ,  0.035 ,  24.025
3dt5 , A , 1 , 124 ,  0.403 ,  0.047 ,  15.054
1dj8 , A , 1 , 79 ,  0.430 ,  0.056 ,  12.758
2jfr , A , 1 , 269 ,  0.212 ,  0.070 ,  18.080
1g10 , A , 1 , 102 ,  0.294 ,  0.041 ,  16.961
1v54 , D , 1 , 144 ,  0.069 ,  0.004 ,  49.940
2raa , A , 1 , 176 ,  0.335 ,  0.059 ,  16.456
1f9v , A , 1 , 313 ,  0.265 ,  0.050 ,  19.769
1h7d , A , 1 , 49 ,  0.082 ,  0.007 ,  26.234
1iyr , A , 1 , 83 ,  0.169 ,  0.035 ,  16.355
2fyu , F , 1 , 106 ,  0.189 ,  0.027 ,  22.082
1zzk , A , 1 , 82 ,  0.512 ,  0.057 ,  12.215
2bbv , D , 1 , 16 ,  0.625 ,  0.051 ,  14.802
1cy5 , A , 1 , 92 ,  0.370 ,  0.064 ,  12.183
1vju , B , 1 , 291 ,  0.323 ,  0.049 ,  20.034
1edx , A , 1 , 40 ,  0.575 ,  0.065 ,  9.354
1x6z , A , 1 , 119 ,  0.311 ,  0.047 ,  43.144
1v54 , A , 1 , 513 ,  0.267 ,  0.051 ,  42.290
1lsh , B , 1 , 178 ,  0.225 ,  0.025 ,  23.007
2yyv , B , 1 , 224 ,  0.330 ,  0.062 ,  17.635
1nxh , A , 1 , 119 ,  0.067 ,  0.025 ,  19.361
3can , A , 1 , 164 ,  0.238 ,  0.050 ,  16.469
1g3j , D , 1 , 34 ,  0.000 ,  0.003 ,  27.604
2bbv , F , 1 , 16 ,  0.625 ,  0.053 ,  13.629
2awk , A , 1 , 224 ,  0.281 ,  0.053 ,  17.429
1czy , A , 1 , 168 ,  0.220 ,  0.048 ,  16.147
1tlj , A , 1 , 189 ,  0.127 ,  0.034 ,  20.216
1v3w , A , 1 , 176 ,  0.403 ,  0.060 ,  15.985
1n2m , C , 1 , 164 ,  0.280 ,  0.052 ,  16.158
3cqb , B , 1 , 96 ,  0.479 ,  0.060 ,  13.057
3o1c , A , 1 , 137 ,  0.350 ,  0.061 ,  13.987
2ecs , A , 1 , 61 ,  0.377 ,  0.049 ,  12.055
1jfb , A , 1 , 424 ,  0.116 ,  0.051 ,  54.461
3mhj , A , 1 , 209 ,  0.301 ,  0.053 ,  17.393
1skn , P , 1 , 74 ,  0.135 ,  0.029 ,  16.502
2bpa , 1 , 1 , 426 ,  0.082 ,  0.030 ,  28.357
3mol , B , 1 , 175 ,  0.291 ,  0.053 ,  15.871
1ots , B , 1 , 441 ,  0.238 ,  0.055 ,  22.562
1qoj , A , 1 , 44 ,  0.477 ,  0.039 ,  11.866
2xl6 , A , 1 , 151 ,  0.490 ,  0.054 ,  15.392
2pv4 , A , 1 , 146 ,  0.260 ,  0.044 ,  17.044
1gp8 , A , 1 , 40 ,  0.425 ,  0.038 ,  11.365
3k7p , A , 1 , 158 ,  0.557 ,  0.063 ,  15.728
4mt2 , A , 1 , 61 ,  0.066 ,  0.034 ,  15.130
2bj0 , A , 1 , 203 ,  0.286 ,  0.038 ,  21.382
1v54 , L , 1 , 46 ,  0.217 ,  0.013 ,  38.795
1h12 , A , 1 , 413 ,  0.199 ,  0.059 ,  19.899
1gux , B , 1 , 141 ,  0.241 ,  0.056 ,  17.030
1mxr , A , 1 , 339 ,  0.248 ,  0.044 ,  21.440
1p9h , A , 1 , 190 ,  0.305 ,  0.029 ,  60.507
1h16 , A , 1 , 765 ,  0.218 ,  0.055 ,  27.748
1wny , A , 1 , 180 ,  0.272 ,  0.056 ,  16.988
1gpp , A , 1 , 218 ,  0.096 ,  0.032 ,  20.924
1t8k , A , 1 , 78 ,  0.423 ,  0.064 ,  11.710
1vh5 , A , 1 , 138 ,  0.370 ,  0.054 ,  14.989
2hdi , B , 1 , 103 ,  0.252 ,  0.035 ,  16.883
3fyl , A , 1 , 75 ,  0.387 ,  0.059 ,  12.329
2w2r , A , 1 , 180 ,  0.244 ,  0.049 ,  16.503
1d9n , A , 1 , 75 ,  0.347 ,  0.045 ,  54.794
1qhh , C , 1 , 102 ,  0.098 ,  0.025 ,  21.254
1b79 , B , 1 , 103 ,  0.340 ,  0.063 ,  14.261
1ow1 , A , 1 , 167 ,  0.371 ,  0.056 ,  15.622
3eyj , A , 1 , 319 ,  0.050 ,  0.019 ,  28.850
1y7j , A , 1 , 40 ,  0.525 ,  0.060 ,  10.365
1twf , F , 1 , 84 ,  0.179 ,  0.036 ,  17.514
3q6x , A , 1 , 253 ,  0.245 ,  0.065 ,  16.792
1gej , A , 1 , 399 ,  0.115 ,  0.049 ,  21.912
3fci , A , 1 , 225 ,  0.240 ,  0.056 ,  16.951
1tx4 , A , 1 , 196 ,  0.163 ,  0.050 ,  16.999
1nz0 , D , 1 , 111 ,  0.378 ,  0.054 ,  15.207
1v7r , A , 1 , 186 ,  0.199 ,  0.049 ,  17.801
2w9j , B , 1 , 80 ,  0.475 ,  0.040 ,  13.319
2fdo , A , 1 , 89 ,  0.236 ,  0.024 ,  17.373
3fyb , B , 1 , 85 ,  0.282 ,  0.033 ,  15.663
1xs0 , C , 1 , 129 ,  0.341 ,  0.058 ,  15.053
2cuv , C , 1 , 69 ,  0.406 ,  0.046 ,  16.963
1d4u , A , 1 , 111 ,  0.225 ,  0.038 ,  20.255
3fn2 , A , 1 , 94 ,  0.181 ,  0.024 ,  17.204
1nov , E , 1 , 17 ,  0.588 ,  0.039 ,  12.852
2c36 , A , 1 , 274 ,  0.292 ,  0.048 ,  21.762
3ks3 , A , 1 , 266 ,  0.274 ,  0.058 ,  17.471
1apj , A , 1 , 74 ,  0.311 ,  0.065 ,  39.649
1vq8 , 2 , 1 , 46 ,  0.152 ,  0.022 ,  22.686
3ygs , C , 1 , 95 ,  0.274 ,  0.065 ,  15.580
1gei , A , 1 , 399 ,  0.115 ,  0.049 ,  21.946
1abz , A , 1 , 38 ,  0.500 ,  0.037 ,  11.219
1j0p , A , 1 , 108 ,  0.352 ,  0.045 ,  15.631
1mkc , A , 1 , 43 ,  0.302 ,  0.060 ,  14.105
1vpu , A , 1 , 45 ,  0.600 ,  0.070 ,  31.418
1y69 , 8 , 1 , 113 ,  0.265 ,  0.025 ,  27.495
1jpw , D , 1 , 24 ,  0.000 ,  0.003 ,  24.188
1cf4 , B , 1 , 44 ,  0.068 ,  0.010 ,  18.100
1jb0 , A , 1 , 740 ,  0.176 ,  0.035 ,  34.275
1y0k , A , 1 , 180 ,  0.267 ,  0.052 ,  16.478
3o79 , B , 1 , 109 ,  0.321 ,  0.045 ,  14.896
2sic , I , 1 , 107 ,  0.355 ,  0.052 ,  13.669
2kdc , A , 1 , 121 ,  0.107 ,  0.015 ,  172.944
2hfq , A , 1 , 85 ,  0.376 ,  0.054 ,  12.680
2h2p , B , 1 , 441 ,  0.238 ,  0.053 ,  22.890
3ffy , A , 1 , 116 ,  0.440 ,  0.063 ,  13.393
2vqe , P , 1 , 83 ,  0.289 ,  0.053 ,  17.930
1vq8 , X , 1 , 82 ,  0.354 ,  0.052 ,  24.959
2fgq , X , 1 , 330 ,  0.236 ,  0.047 ,  20.742
2oqz , A , 1 , 205 ,  0.224 ,  0.051 ,  17.389
3d7j , C , 1 , 134 ,  0.328 ,  0.041 ,  17.894
1rg8 , A , 1 , 141 ,  0.397 ,  0.067 ,  14.886
1i71 , A , 1 , 83 ,  0.458 ,  0.057 ,  13.489
1lr5 , B , 1 , 159 ,  0.327 ,  0.049 ,  17.347
1jos , A , 1 , 102 ,  0.363 ,  0.050 ,  14.879
1o8r , A , 1 , 94 ,  0.362 ,  0.057 ,  17.372
2ovg , A , 1 , 66 ,  0.439 ,  0.059 ,  11.724
2k1g , A , 1 , 129 ,  0.465 ,  0.062 ,  13.914
2nqw , A , 1 , 96 ,  0.573 ,  0.065 ,  12.532
1h4i , A , 1 , 595 ,  0.250 ,  0.062 ,  23.615
3fgh , A , 1 , 74 ,  0.270 ,  0.029 ,  15.235
1hn6 , A , 1 , 110 ,  0.027 ,  0.008 ,  35.464
2qz7 , B , 1 , 169 ,  0.308 ,  0.056 ,  16.200
1fm2 , A , 1 , 151 ,  0.172 ,  0.036 ,  18.601
1s5d , A , 1 , 219 ,  0.283 ,  0.047 ,  19.047
1gd8 , A , 1 , 105 ,  0.371 ,  0.047 ,  16.032
2ob5 , A , 1 , 152 ,  0.520 ,  0.062 ,  14.760
2imh , B , 1 , 214 ,  0.346 ,  0.056 ,  17.468
1hq1 , A , 1 , 76 ,  0.382 ,  0.055 ,  12.309
1q60 , A , 1 , 99 ,  0.212 ,  0.045 ,  14.722
2onf , A , 1 , 146 ,  0.384 ,  0.034 ,  18.062
2ioj , A , 1 , 117 ,  0.487 ,  0.071 ,  13.521
3d7a , B , 1 , 134 ,  0.328 ,  0.051 ,  15.391
2fae , B , 1 , 77 ,  0.429 ,  0.061 ,  12.863
1ah7 , A , 1 , 245 ,  0.371 ,  0.055 ,  18.445
2j02 , P , 1 , 83 ,  0.277 ,  0.052 ,  34.902
1r29 , A , 1 , 122 ,  0.311 ,  0.043 ,  16.051
3cla , A , 1 , 213 ,  0.263 ,  0.047 ,  17.747
3ik5 , C , 1 , 117 ,  0.265 ,  0.046 ,  14.870
1byr , A , 1 , 152 ,  0.421 ,  0.062 ,  15.411
2dyr , L , 1 , 46 ,  0.217 ,  0.013 ,  38.795
1qqh , A , 1 , 144 ,  0.243 ,  0.039 ,  17.770
2w2e , A , 1 , 272 ,  0.357 ,  0.049 ,  19.897
2ciw , A , 1 , 305 ,  0.233 ,  0.055 ,  18.400
1h4i , C , 1 , 595 ,  0.249 ,  0.062 ,  25.027
2oqw , A , 1 , 200 ,  0.255 ,  0.051 ,  16.895
1vqp , X , 1 , 82 ,  0.354 ,  0.052 ,  24.942
3ku8 , B , 1 , 135 ,  0.267 ,  0.044 ,  17.154
3ku3 , B , 1 , 173 ,  0.116 ,  0.013 ,  27.489
1ud9 , A , 1 , 242 ,  0.202 ,  0.043 ,  19.097
3cx5 , C , 1 , 385 ,  0.210 ,  0.038 ,  23.984
3cbt , A , 1 , 213 ,  0.343 ,  0.050 ,  16.794
1orc , A , 1 , 64 ,  0.422 ,  0.057 ,  12.012
1g7d , A , 1 , 106 ,  0.368 ,  0.053 ,  13.770
1d1r , A , 1 , 83 ,  0.434 ,  0.048 ,  13.096
3c7x , A , 1 , 196 ,  0.270 ,  0.057 ,  16.383
2nwl , C , 1 , 403 ,  0.273 ,  0.047 ,  22.399
1hq0 , A , 1 , 295 ,  0.254 ,  0.061 ,  18.348
3fq6 , A , 1 , 113 ,  0.425 ,  0.058 ,  13.673
1e52 , A , 1 , 56 ,  0.321 ,  0.024 ,  21.631
1xe1 , A , 1 , 89 ,  0.517 ,  0.067 ,  13.485
2jv8 , A , 1 , 73 ,  0.205 ,  0.043 ,  13.096
1oxe , A , 1 , 226 ,  0.279 ,  0.053 ,  17.726
1p71 , B , 1 , 93 ,  0.097 ,  0.017 ,  20.864
1w85 , I , 1 , 42 ,  0.548 ,  0.066 ,  12.555
2qx2 , A , 1 , 323 ,  0.118 ,  0.034 ,  23.529
1w33 , B , 1 , 180 ,  0.272 ,  0.024 ,  25.563
2nwt , A , 1 , 69 ,  0.043 ,  0.002 ,  44.679
1p9g , A , 1 , 42 ,  0.667 ,  0.090 ,  11.840
1tbf , A , 1 , 326 ,  0.298 ,  0.052 ,  21.752
1mz9 , A , 1 , 45 ,  0.222 ,  0.008 ,  19.713
2g03 , A , 1 , 183 ,  0.240 ,  0.059 ,  16.621
1q3i , A , 1 , 192 ,  0.422 ,  0.056 ,  16.969
2o8i , A , 1 , 154 ,  0.188 ,  0.042 ,  17.954
1ryk , A , 1 , 69 ,  0.522 ,  0.057 ,  11.603
1jyh , A , 1 , 155 ,  0.361 ,  0.047 ,  16.623
2exe , A , 1 , 264 ,  0.216 ,  0.049 ,  18.765
1pby , C , 1 , 79 ,  0.114 ,  0.042 ,  14.597
1uxa , A , 1 , 185 ,  0.259 ,  0.049 ,  18.398
1d66 , A , 1 , 57 ,  0.053 ,  0.011 ,  20.793
1jjd , A , 1 , 52 ,  0.231 ,  0.060 ,  10.585
1lr0 , A , 1 , 123 ,  0.220 ,  0.030 ,  18.763
3b49 , A , 1 , 199 ,  0.241 ,  0.043 ,  17.942
1dhn , A , 1 , 121 ,  0.364 ,  0.040 ,  18.593
2o34 , A , 1 , 241 ,  0.282 ,  0.053 ,  18.335
3b9g , B , 1 , 328 ,  0.357 ,  0.065 ,  18.507
2hq4 , A , 1 , 158 ,  0.272 ,  0.047 ,  16.474
1ozj , A , 1 , 126 ,  0.246 ,  0.058 ,  14.255
2os0 , A , 1 , 179 ,  0.251 ,  0.053 ,  17.003
3ioz , A , 1 , 109 ,  0.376 ,  0.050 ,  13.808
1oqv , A , 1 , 171 ,  0.363 ,  0.062 ,  16.146
1d6g , A , 1 , 47 ,  0.128 ,  0.034 ,  97.059
1ucd , A , 1 , 190 ,  0.247 ,  0.053 ,  16.168
2w15 , A , 1 , 218 ,  0.367 ,  0.062 ,  16.543
1wa5 , B , 1 , 463 ,  0.091 ,  0.026 ,  29.073
5cro , A , 1 , 61 ,  0.262 ,  0.045 ,  12.712
2nm2 , A , 1 , 121 ,  0.339 ,  0.041 ,  16.769
1nln , A , 1 , 203 ,  0.325 ,  0.057 ,  17.694
1x6m , A , 1 , 196 ,  0.219 ,  0.046 ,  18.222
1qca , A , 1 , 211 ,  0.251 ,  0.046 ,  17.780
3gaj , A , 1 , 186 ,  0.290 ,  0.039 ,  18.552
1yww , A , 1 , 65 ,  0.554 ,  0.061 ,  11.978
1kmx , A , 1 , 55 ,  0.200 ,  0.026 ,  62.307
1bk7 , A , 1 , 190 ,  0.242 ,  0.050 ,  16.998
2aib , A , 1 , 98 ,  0.398 ,  0.052 ,  13.957
1tba , A , 1 , 67 ,  0.478 ,  0.036 ,  23.259
1xjh , A , 1 , 62 ,  0.290 ,  0.040 ,  27.078
2c3a , B , 1 , 274 ,  0.292 ,  0.048 ,  18.944
2nwf , A , 1 , 148 ,  0.250 ,  0.064 ,  28.006
2w1v , A , 1 , 276 ,  0.264 ,  0.061 ,  18.995
1c5e , A , 1 , 95 ,  0.432 ,  0.062 ,  13.032
3bjq , J , 1 , 296 ,  0.132 ,  0.035 ,  100.169
1ryl , A , 1 , 157 ,  0.268 ,  0.051 ,  16.324
1uuy , A , 1 , 162 ,  0.519 ,  0.065 ,  25.222
1tkv , A , 1 , 89 ,  0.506 ,  0.059 ,  54.635
1kaf , D , 1 , 104 ,  0.356 ,  0.060 ,  13.725
1f46 , B , 1 , 140 ,  0.379 ,  0.051 ,  16.123
1ozn , A , 1 , 284 ,  0.201 ,  0.033 ,  22.332
5csm , A , 1 , 250 ,  0.288 ,  0.040 ,  19.630
1d8h , A , 1 , 288 ,  0.229 ,  0.040 ,  22.063
2iaz , A , 1 , 105 ,  0.200 ,  0.021 ,  18.470
2i3f , A , 1 , 211 ,  0.322 ,  0.057 ,  16.900
1ejx , B , 1 , 101 ,  0.040 ,  0.032 ,  21.705
1x75 , B , 1 , 129 ,  0.264 ,  0.045 ,  16.687
1h8g , A , 1 , 92 ,  0.239 ,  0.031 ,  17.947
1o8q , A , 1 , 159 ,  0.472 ,  0.064 ,  19.489
3ctv , A , 1 , 90 ,  0.333 ,  0.054 ,  15.908
2ikb , B , 1 , 150 ,  0.167 ,  0.048 ,  21.807
2hs1 , A , 1 , 119 ,  0.378 ,  0.063 ,  14.221
1s9u , A , 1 , 198 ,  0.227 ,  0.050 ,  16.956
1hnr , A , 1 , 47 ,  0.426 ,  0.050 ,  14.368
1ub4 , C , 1 , 87 ,  0.023 ,  0.015 ,  19.859
1jjr , A , 1 , 54 ,  0.370 ,  0.069 ,  10.377
1njh , A , 1 , 107 ,  0.374 ,  0.055 ,  13.576
2hba , A , 1 , 52 ,  0.135 ,  0.055 ,  11.161
2pb7 , A , 1 , 197 ,  0.294 ,  0.051 ,  17.767
2y1q , A , 1 , 139 ,  0.374 ,  0.065 ,  30.247
1v54 , K , 1 , 49 ,  0.204 ,  0.007 ,  40.109
1wmw , D , 1 , 324 ,  0.253 ,  0.043 ,  21.100
1vq3 , B , 1 , 84 ,  0.262 ,  0.024 ,  17.398
1b78 , A , 1 , 184 ,  0.136 ,  0.044 ,  17.393
2xqq , A , 1 , 98 ,  0.531 ,  0.071 ,  13.396
2g8m , B , 1 , 263 ,  0.285 ,  0.051 ,  20.784
2igs , A , 1 , 220 ,  0.241 ,  0.052 ,  18.185
1trl , A , 1 , 62 ,  0.452 ,  0.056 ,  11.611
1x6q , A , 1 , 119 ,  0.311 ,  0.047 ,  15.851
1vqk , X , 1 , 82 ,  0.354 ,  0.052 ,  24.961
1v54 , G , 1 , 83 ,  0.060 ,  0.007 ,  41.724
1z2u , A , 1 , 150 ,  0.253 ,  0.045 ,  18.232
7ahl , A , 1 , 293 ,  0.140 ,  0.017 ,  38.752
1oru , A , 1 , 182 ,  0.297 ,  0.056 ,  17.027
3fy6 , A , 1 , 114 ,  0.307 ,  0.042 ,  17.278
1i27 , A , 1 , 73 ,  0.384 ,  0.049 ,  12.864
1e50 , B , 1 , 130 ,  0.169 ,  0.048 ,  16.007
1q08 , B , 1 , 89 ,  0.112 ,  0.010 ,  23.498
3c4r , A , 1 , 119 ,  0.151 ,  0.028 ,  18.928
1vfy , A , 1 , 67 ,  0.343 ,  0.047 ,  13.497
1bds , A , 1 , 43 ,  0.535 ,  0.066 ,  9.469
2gkp , A , 1 , 178 ,  0.410 ,  0.057 ,  16.709
2jv0 , A , 1 , 162 ,  0.247 ,  0.047 ,  16.207
1got , G , 1 , 58 ,  0.121 ,  0.006 ,  24.031
4ubp , A , 1 , 100 ,  0.430 ,  0.050 ,  19.604
2a1k , A , 1 , 215 ,  0.070 ,  0.032 ,  20.074
2xqu , B , 1 , 81 ,  0.222 ,  0.018 ,  19.686
2o8s , B , 1 , 226 ,  0.124 ,  0.044 ,  26.525
1hyj , A , 1 , 65 ,  0.323 ,  0.044 ,  13.946
3bhw , A , 1 , 191 ,  0.204 ,  0.051 ,  17.681
1gd8 , C , 1 , 105 ,  0.352 ,  0.047 ,  16.913
2ota , A , 1 , 66 ,  0.273 ,  0.028 ,  14.657
1j8b , A , 1 , 88 ,  0.295 ,  0.023 ,  18.555
1akz , A , 1 , 223 ,  0.238 ,  0.054 ,  17.234
1o22 , A , 1 , 146 ,  0.233 ,  0.025 ,  19.238
2ju4 , A , 1 , 87 ,  0.034 ,  0.017 ,  68.293
2bs2 , C , 1 , 256 ,  0.207 ,  0.030 ,  22.871
2h2p , A , 1 , 444 ,  0.236 ,  0.053 ,  22.635
1d8h , C , 1 , 288 ,  0.181 ,  0.040 ,  21.935
1wn2 , A , 1 , 118 ,  0.407 ,  0.058 ,  14.466
1jhf , B , 1 , 111 ,  0.270 ,  0.048 ,  16.223
1v54 , M , 1 , 43 ,  0.233 ,  0.010 ,  37.286
1f6v , A , 1 , 91 ,  0.385 ,  0.046 ,  15.971
1vqp , M , 1 , 194 ,  0.232 ,  0.035 ,  24.000
1pg6 , A , 1 , 206 ,  0.150 ,  0.042 ,  19.359
1grn , B , 1 , 197 ,  0.162 ,  0.050 ,  16.942
1vq8 , H , 1 , 160 ,  0.244 ,  0.037 ,  24.640
1lre , A , 1 , 81 ,  0.284 ,  0.041 ,  13.724
1p78 , A , 1 , 92 ,  0.109 ,  0.017 ,  21.023
2dpf , A , 1 , 111 ,  0.297 ,  0.044 ,  15.213
1h1j , S , 1 , 44 ,  0.409 ,  0.060 ,  32.528
1f9u , A , 1 , 310 ,  0.294 ,  0.051 ,  19.643
2iaz , B , 1 , 110 ,  0.191 ,  0.020 ,  19.335
1kq6 , A , 1 , 138 ,  0.326 ,  0.039 ,  16.514
2exf , A , 1 , 44 ,  0.091 ,  0.038 ,  11.530
1qi9 , A , 1 , 555 ,  0.180 ,  0.046 ,  26.713
1aol , A , 1 , 228 ,  0.254 ,  0.046 ,  20.028
1cld , A , 1 , 33 ,  0.364 ,  0.078 ,  8.857
2q5x , A , 1 , 151 ,  0.272 ,  0.040 ,  20.030
3lqx , A , 1 , 61 ,  0.311 ,  0.053 ,  11.746
2p3x , A , 1 , 339 ,  0.230 ,  0.056 ,  19.011
1saw , B , 1 , 208 ,  0.236 ,  0.059 ,  17.196
1ekt , A , 1 , 53 ,  0.189 ,  0.051 ,  15.756
1qxy , A , 1 , 249 ,  0.345 ,  0.059 ,  17.365
1fre , A , 1 , 39 ,  0.179 ,  0.067 ,  9.326
2mob , A , 1 , 94 ,  0.468 ,  0.053 ,  14.489
2f6s , B , 1 , 176 ,  0.290 ,  0.057 ,  17.183
1exk , A , 1 , 79 ,  0.139 ,  0.021 ,  26.096
2jr2 , A , 1 , 76 ,  0.342 ,  0.026 ,  15.640
1jh6 , A , 1 , 181 ,  0.232 ,  0.050 ,  16.830
1jg5 , A , 1 , 83 ,  0.277 ,  0.055 ,  13.724
2bzl , A , 1 , 291 ,  0.206 ,  0.054 ,  20.552
3mv4 , M , 1 , 249 ,  0.301 ,  0.042 ,  19.662
1m22 , A , 1 , 487 ,  0.275 ,  0.062 ,  22.284
2fad , A , 1 , 77 ,  0.429 ,  0.060 ,  12.458
2dyr , Y , 1 , 46 ,  0.217 ,  0.013 ,  38.995
2gmq , A , 1 , 106 ,  0.481 ,  0.057 ,  13.574
1t60 , D , 1 , 224 ,  0.263 ,  0.045 ,  20.787
2wqf , A , 1 , 193 ,  0.337 ,  0.041 ,  25.495
2uua , P , 1 , 83 ,  0.301 ,  0.053 ,  17.892
3spu , E , 1 , 227 ,  0.264 ,  0.063 ,  16.638
1cl8 , A , 1 , 261 ,  0.115 ,  0.037 ,  21.401
1fd3 , A , 1 , 41 ,  0.659 ,  0.075 ,  10.486
1go4 , B , 1 , 195 ,  0.344 ,  0.048 ,  17.344
2pzz , A , 1 , 130 ,  0.323 ,  0.048 ,  16.042
1dqc , A , 1 , 73 ,  0.219 ,  0.054 ,  12.833
1n91 , A , 1 , 108 ,  0.398 ,  0.044 ,  14.766
3eoj , A , 1 , 416 ,  0.260 ,  0.040 ,  23.644
1h8e , H , 1 , 89 ,  0.494 ,  0.062 ,  17.280
1hh8 , A , 1 , 197 ,  0.173 ,  0.045 ,  17.651
2jvm , A , 1 , 80 ,  0.037 ,  0.019 ,  25.066
2jft , A , 1 , 257 ,  0.226 ,  0.067 ,  18.122
1jhg , A , 1 , 101 ,  0.099 ,  0.026 ,  18.318
2ofc , A , 1 , 141 ,  0.369 ,  0.061 ,  14.707
1vqp , 2 , 1 , 46 ,  0.174 ,  0.022 ,  22.683
2prv , B , 1 , 153 ,  0.275 ,  0.052 ,  21.384
1nyn , A , 1 , 111 ,  0.027 ,  0.030 ,  20.780
2psb , A , 1 , 287 ,  0.261 ,  0.057 ,  18.983
1khx , A , 1 , 201 ,  0.269 ,  0.044 ,  22.162
2hnu , A , 1 , 81 ,  0.321 ,  0.066 ,  18.605
1kaf , A , 1 , 108 ,  0.398 ,  0.059 ,  13.300
1e54 , A , 1 , 331 ,  0.218 ,  0.047 ,  20.705
3zr9 , A , 1 , 233 ,  0.365 ,  0.062 ,  16.547
2atz , A , 1 , 172 ,  0.244 ,  0.048 ,  16.551
3ag2 , L , 1 , 46 ,  0.217 ,  0.013 ,  38.952
1s5c , A , 1 , 216 ,  0.292 ,  0.045 ,  19.169
1ro7 , C , 1 , 240 ,  0.208 ,  0.052 ,  17.841
3fck , B , 1 , 222 ,  0.212 ,  0.055 ,  17.035
1vqo , U , 1 , 53 ,  0.415 ,  0.051 ,  30.916
2d48 , A , 1 , 129 ,  0.457 ,  0.051 ,  15.022
1r94 , A , 1 , 97 ,  0.371 ,  0.047 ,  14.333
1q0a , A , 1 , 91 ,  0.110 ,  0.010 ,  23.187
2k0s , A , 1 , 130 ,  0.238 ,  0.045 ,  15.541
1psr , A , 1 , 100 ,  0.260 ,  0.042 ,  15.376
3cni , A , 1 , 145 ,  0.283 ,  0.048 ,  15.647
2it9 , A , 1 , 122 ,  0.352 ,  0.048 ,  14.712
1zcd , A , 1 , 376 ,  0.173 ,  0.051 ,  23.249
1iu4 , A , 1 , 331 ,  0.211 ,  0.046 ,  20.778
1ryp , 1 , 1 , 222 ,  0.302 ,  0.050 ,  25.168
2qw6 , D , 1 , 86 ,  0.477 ,  0.066 ,  11.865
3k7s , A , 1 , 158 ,  0.576 ,  0.065 ,  15.644
1ro7 , D , 1 , 235 ,  0.191 ,  0.050 ,  18.470
1bm8 , A , 1 , 99 ,  0.394 ,  0.063 ,  15.264
1vq8 , C , 1 , 246 ,  0.073 ,  0.019 ,  29.093
1e8p , A , 1 , 46 ,  0.652 ,  0.073 ,  9.447
1o7k , A , 1 , 120 ,  0.367 ,  0.042 ,  15.353
1jov , A , 1 , 281 ,  0.370 ,  0.058 ,  18.444
2dsx , A , 1 , 52 ,  0.327 ,  0.065 ,  9.640
1qoy , A , 1 , 303 ,  0.129 ,  0.016 ,  30.888
1fd3 , B , 1 , 41 ,  0.512 ,  0.079 ,  9.576
3bjq , F , 1 , 292 ,  0.161 ,  0.034 ,  76.878
1or0 , A , 1 , 152 ,  0.171 ,  0.036 ,  19.151
1jb0 , D , 1 , 138 ,  0.029 ,  0.022 ,  25.787
1k6d , B , 1 , 219 ,  0.297 ,  0.048 ,  18.212
2oiz , H , 1 , 131 ,  0.550 ,  0.071 ,  14.343
1nkq , F , 1 , 235 ,  0.221 ,  0.055 ,  18.803
2ofe , A , 1 , 141 ,  0.369 ,  0.061 ,  14.667
3rpz , A , 1 , 284 ,  0.261 ,  0.063 ,  18.177
1tzy , C , 1 , 95 ,  0.137 ,  0.024 ,  20.900
1irq , A , 1 , 51 ,  0.275 ,  0.033 ,  13.312
2qhq , B , 1 , 118 ,  0.356 ,  0.052 ,  15.824
1bx7 , A , 1 , 51 ,  0.196 ,  0.032 ,  15.638
1cwx , A , 1 , 44 ,  0.068 ,  0.014 ,  16.412
2kza , A , 1 , 40 ,  0.350 ,  0.058 ,  25.488
1olg , A , 1 , 42 ,  0.286 ,  0.019 ,  18.536
3hht , A , 1 , 201 ,  0.065 ,  0.031 ,  28.729
1pp9 , S , 1 , 99 ,  0.172 ,  0.029 ,  22.176
1qd5 , A , 1 , 257 ,  0.304 ,  0.046 ,  19.777
1tdp , A , 1 , 111 ,  0.432 ,  0.058 ,  13.363
1gs5 , A , 1 , 258 ,  0.326 ,  0.059 ,  18.447
1m9o , A , 1 , 40 ,  0.300 ,  0.040 ,  59.488
1qa4 , A , 1 , 56 ,  0.054 ,  0.002 ,  80.112
1jvr , A , 1 , 137 ,  0.015 ,  0.007 ,  47.453
2fb6 , A , 1 , 129 ,  0.349 ,  0.058 ,  14.152
1sx5 , B , 1 , 238 ,  0.197 ,  0.039 ,  19.640
3sil , A , 1 , 383 ,  0.373 ,  0.062 ,  20.824
3nx6 , A , 1 , 75 ,  0.453 ,  0.053 ,  13.042
1jjs , A , 1 , 42 ,  0.381 ,  0.051 ,  10.244
3n08 , B , 1 , 165 ,  0.291 ,  0.057 ,  31.105
2p06 , A , 1 , 82 ,  0.305 ,  0.039 ,  15.367
1x6m , C , 1 , 194 ,  0.227 ,  0.046 ,  20.115
1eri , A , 1 , 261 ,  0.153 ,  0.037 ,  21.358
2wcw , C , 1 , 122 ,  0.295 ,  0.057 ,  14.937
1eo0 , A , 1 , 77 ,  0.519 ,  0.065 ,  11.635
1ae9 , A , 1 , 171 ,  0.444 ,  0.054 ,  16.478
2bj0 , C , 1 , 204 ,  0.270 ,  0.038 ,  22.804
3kan , A , 1 , 125 ,  0.408 ,  0.047 ,  15.242
2pw8 , I , 1 , 64 ,  0.000 ,  0.021 ,  18.262
1f3m , A , 1 , 70 ,  0.171 ,  0.029 ,  15.681
1e8j , A , 1 , 52 ,  0.212 ,  0.059 ,  9.973
3bo5 , A , 1 , 275 ,  0.291 ,  0.054 ,  18.665
1ucc , A , 1 , 190 ,  0.242 ,  0.050 ,  17.020
3fea , A , 1 , 83 ,  0.325 ,  0.054 ,  12.711
1wvq , C , 1 , 161 ,  0.248 ,  0.041 ,  18.378
1d8i , A , 1 , 288 ,  0.188 ,  0.040 ,  21.942
1z60 , A , 1 , 59 ,  0.508 ,  0.060 ,  11.218
2b97 , A , 1 , 71 ,  0.634 ,  0.077 ,  20.185
2rl8 , A , 1 , 148 ,  0.365 ,  0.053 ,  16.079
2phj , A , 1 , 262 ,  0.286 ,  0.046 ,  20.283
3rea , C , 1 , 126 ,  0.230 ,  0.044 ,  15.598
1aho , A , 1 , 66 ,  0.500 ,  0.065 ,  11.685
2wor , A , 1 , 96 ,  0.271 ,  0.041 ,  14.147
2fiy , A , 1 , 285 ,  0.253 ,  0.053 ,  21.639
1dev , B , 1 , 41 ,  0.146 ,  0.010 ,  21.340
1h3l , B , 1 , 78 ,  0.333 ,  0.044 ,  14.214
2gyk , B , 1 , 130 ,  0.269 ,  0.055 ,  14.187
2nvg , A , 1 , 141 ,  0.277 ,  0.062 ,  14.324
1o7k , B , 1 , 117 ,  0.359 ,  0.043 ,  15.481
3ak8 , F , 1 , 164 ,  0.329 ,  0.045 ,  18.014
1v6p , A , 1 , 74 ,  0.486 ,  0.056 ,  12.821
1t62 , B , 1 , 163 ,  0.221 ,  0.042 ,  19.669
2dyr , G , 1 , 83 ,  0.060 ,  0.007 ,  41.730
3eip , A , 1 , 84 ,  0.250 ,  0.049 ,  13.564
1wvk , A , 1 , 86 ,  0.035 ,  0.011 ,  22.051
2ofe , B , 1 , 141 ,  0.362 ,  0.061 ,  14.576
1j0t , A , 1 , 78 ,  0.397 ,  0.059 ,  19.482
1v8h , A , 1 , 106 ,  0.311 ,  0.035 ,  16.494
2xu3 , A , 1 , 239 ,  0.192 ,  0.063 ,  19.396
3h3b , B , 1 , 191 ,  0.267 ,  0.056 ,  16.169
1xpp , D , 1 , 114 ,  0.088 ,  0.021 ,  20.441
3os4 , A , 1 , 430 ,  0.242 ,  0.057 ,  20.947
2sil , A , 1 , 381 ,  0.378 ,  0.062 ,  20.705
2wlv , A , 1 , 154 ,  0.299 ,  0.046 ,  16.122
1n81 , A , 1 , 186 ,  0.333 ,  0.042 ,  20.248
2rff , A , 1 , 118 ,  0.449 ,  0.052 ,  14.178
1jbi , A , 1 , 100 ,  0.510 ,  0.067 ,  12.579
1tmc , A , 1 , 175 ,  0.354 ,  0.042 ,  17.491
2i3h , B , 1 , 95 ,  0.200 ,  0.053 ,  16.749
2hyb , B , 1 , 132 ,  0.348 ,  0.052 ,  18.660
2g3w , A , 1 , 175 ,  0.149 ,  0.053 ,  16.507
1vps , C , 1 , 285 ,  0.189 ,  0.036 ,  27.240
1ewn , A , 1 , 200 ,  0.395 ,  0.059 ,  16.613
3c8w , B , 1 , 246 ,  0.236 ,  0.045 ,  21.753
2a5d , B , 1 , 187 ,  0.193 ,  0.047 ,  18.555
3qi5 , B , 1 , 210 ,  0.376 ,  0.058 ,  17.825
1ro7 , B , 1 , 234 ,  0.197 ,  0.050 ,  18.580
1fgp , A , 1 , 70 ,  0.457 ,  0.065 ,  11.585
3jzp , A , 1 , 87 ,  0.264 ,  0.051 ,  13.105
1oqv , C , 1 , 171 ,  0.357 ,  0.062 ,  20.126
1wpn , A , 1 , 197 ,  0.264 ,  0.064 ,  15.799
1wij , A , 1 , 127 ,  0.173 ,  0.048 ,  14.779
3hrv , B , 1 , 170 ,  0.335 ,  0.063 ,  18.385
2xqu , C , 1 , 82 ,  0.220 ,  0.018 ,  19.479
3mom , A , 1 , 175 ,  0.331 ,  0.054 ,  15.674
2qm2 , B , 1 , 120 ,  0.383 ,  0.060 ,  14.142
2vb1 , A , 1 , 164 ,  0.439 ,  0.076 ,  28.909
1qqp , 4 , 1 , 46 ,  0.000 ,  0.005 ,  25.404
3pvv , A , 1 , 96 ,  0.667 ,  0.064 ,  13.390
2jz8 , A , 1 , 87 ,  0.241 ,  0.044 ,  13.859
2xl8 , A , 1 , 150 ,  0.380 ,  0.048 ,  16.288
2cyj , A , 1 , 117 ,  0.342 ,  0.062 ,  13.410
3sm4 , C , 1 , 229 ,  0.223 ,  0.046 ,  18.307
1l3g , A , 1 , 123 ,  0.463 ,  0.049 ,  17.420
2wos , A , 1 , 96 ,  0.271 ,  0.041 ,  14.242
1xdy , G , 1 , 261 ,  0.352 ,  0.058 ,  18.791
2z7f , I , 1 , 50 ,  0.300 ,  0.048 ,  18.078
1seg , A , 1 , 64 ,  0.484 ,  0.066 ,  14.216
2hqv , A , 1 , 167 ,  0.216 ,  0.040 ,  17.858
1yox , B , 1 , 191 ,  0.215 ,  0.044 ,  22.253
1d0q , A , 1 , 102 ,  0.186 ,  0.043 ,  15.174
1qhm , A , 1 , 611 ,  0.123 ,  0.042 ,  27.357
1cla , A , 1 , 213 ,  0.268 ,  0.047 ,  17.740
1pkv , A , 1 , 87 ,  0.333 ,  0.060 ,  13.057
1wzd , A , 1 , 209 ,  0.301 ,  0.052 ,  16.857
3sj5 , A , 1 , 195 ,  0.159 ,  0.046 ,  17.206
1kid , A , 1 , 193 ,  0.264 ,  0.053 ,  18.013
1r28 , B , 1 , 122 ,  0.311 ,  0.043 ,  15.880
1gpr , A , 1 , 158 ,  0.443 ,  0.061 ,  14.912
3nu4 , A , 1 , 103 ,  0.466 ,  0.055 ,  13.961
2vqe , R , 1 , 73 ,  0.370 ,  0.050 ,  24.159
2fic , A , 1 , 191 ,  0.157 ,  0.011 ,  29.513
3cuc , A , 1 , 257 ,  0.253 ,  0.049 ,  19.324
3p0n , C , 1 , 208 ,  0.303 ,  0.053 ,  17.364
1t9i , A , 1 , 153 ,  0.190 ,  0.043 ,  16.915
1u89 , A , 1 , 139 ,  0.324 ,  0.037 ,  17.291
1t2s , A , 1 , 123 ,  0.382 ,  0.054 ,  14.199
1r0d , B , 1 , 186 ,  0.290 ,  0.037 ,  19.831
3g7k , C , 1 , 224 ,  0.183 ,  0.048 ,  33.802
2hg6 , A , 1 , 106 ,  0.283 ,  0.040 ,  24.654
1u2h , A , 1 , 96 ,  0.312 ,  0.047 ,  14.060
2b8u , A , 1 , 129 ,  0.442 ,  0.050 ,  15.018
1cmb , A , 1 , 104 ,  0.240 ,  0.041 ,  14.991
1vhh , A , 1 , 157 ,  0.312 ,  0.061 ,  20.094
1dy5 , A , 1 , 123 ,  0.309 ,  0.050 ,  37.734
1dsl , A , 1 , 88 ,  0.432 ,  0.065 ,  13.211
1e96 , B , 1 , 185 ,  0.184 ,  0.045 ,  18.865
1auu , A , 1 , 55 ,  0.345 ,  0.052 ,  17.538
1ehs , A , 1 , 48 ,  0.438 ,  0.042 ,  11.625
1qps , A , 1 , 261 ,  0.119 ,  0.037 ,  21.342
1o8q , B , 1 , 159 ,  0.472 ,  0.064 ,  18.293
1j57 , A , 1 , 143 ,  0.455 ,  0.050 ,  15.868
2i9x , A , 1 , 81 ,  0.284 ,  0.043 ,  16.274
1vsr , A , 1 , 134 ,  0.284 ,  0.048 ,  15.422
2pxb , A , 1 , 61 ,  0.311 ,  0.053 ,  24.224
1p88 , A , 1 , 216 ,  0.347 ,  0.071 ,  15.430
3d1m , A , 1 , 148 ,  0.351 ,  0.062 ,  15.822
1vhu , A , 1 , 187 ,  0.326 ,  0.063 ,  15.533
3n4j , A , 1 , 173 ,  0.358 ,  0.058 ,  16.461
1j34 , C , 1 , 34 ,  0.265 ,  0.038 ,  11.245
1pc6 , A , 1 , 141 ,  0.028 ,  0.021 ,  22.014
2iay , A , 1 , 120 ,  0.275 ,  0.053 ,  14.762
2spc , A , 1 , 107 ,  0.093 ,  0.006 ,  30.249
1kyp , A , 1 , 225 ,  0.276 ,  0.053 ,  17.366
1e52 , B , 1 , 56 ,  0.321 ,  0.024 ,  21.631
2hng , A , 1 , 138 ,  0.275 ,  0.035 ,  17.897
16vp , A , 1 , 311 ,  0.177 ,  0.033 ,  22.691
2hh8 , A , 1 , 127 ,  0.362 ,  0.055 ,  14.132
2phj , B , 1 , 263 ,  0.266 ,  0.047 ,  20.250
1lm5 , B , 1 , 193 ,  0.218 ,  0.058 ,  17.447
1hqi , A , 1 , 90 ,  0.233 ,  0.035 ,  14.842
2cj2 , A , 1 , 303 ,  0.234 ,  0.056 ,  18.335
1iqz , A , 1 , 81 ,  0.506 ,  0.069 ,  12.949
2qud , A , 1 , 140 ,  0.157 ,  0.031 ,  17.785
1cod , A , 1 , 62 ,  0.419 ,  0.048 ,  12.029
3c5n , A , 1 , 232 ,  0.280 ,  0.053 ,  80.774
2dyr , K , 1 , 49 ,  0.204 ,  0.007 ,  40.103
1vqk , M , 1 , 194 ,  0.211 ,  0.035 ,  24.030
1f5x , A , 1 , 208 ,  0.303 ,  0.041 ,  18.551
3fp5 , A , 1 , 109 ,  0.229 ,  0.043 ,  14.633
1rq6 , A , 1 , 62 ,  0.387 ,  0.047 ,  12.324
1x6y , A , 1 , 120 ,  0.300 ,  0.045 ,  15.739
2cla , A , 1 , 213 ,  0.268 ,  0.047 ,  17.536
5cro , B , 1 , 61 ,  0.361 ,  0.046 ,  13.236
1atx , A , 1 , 46 ,  0.543 ,  0.066 ,  13.796
2ogf , A , 1 , 121 ,  0.248 ,  0.038 ,  16.360
2v3i , A , 1 , 483 ,  0.362 ,  0.062 ,  23.999
2h3l , B , 1 , 98 ,  0.459 ,  0.057 ,  13.947
3kl6 , B , 1 , 50 ,  0.360 ,  0.039 ,  13.073
1q0a , B , 1 , 89 ,  0.112 ,  0.010 ,  24.555
3epw , A , 1 , 329 ,  0.343 ,  0.064 ,  18.915
1gvc , A , 1 , 157 ,  0.350 ,  0.062 ,  15.455
3epw , B , 1 , 330 ,  0.345 ,  0.064 ,  19.913
1ymt , A , 1 , 268 ,  0.261 ,  0.055 ,  20.293
1w4u , A , 1 , 147 ,  0.333 ,  0.056 ,  15.014
1cl6 , A , 1 , 399 ,  0.118 ,  0.049 ,  21.917
3c8w , C , 1 , 248 ,  0.222 ,  0.045 ,  20.201
2qya , B , 1 , 115 ,  0.339 ,  0.047 ,  17.588
2nq2 , A , 1 , 308 ,  0.338 ,  0.049 ,  20.407
1nh2 , C , 1 , 52 ,  0.327 ,  0.031 ,  13.376
1jiw , I , 1 , 105 ,  0.324 ,  0.058 ,  14.955
1l8c , A , 1 , 95 ,  0.337 ,  0.038 ,  14.811
3sog , A , 1 , 197 ,  0.152 ,  0.010 ,  30.685
2fee , B , 1 , 441 ,  0.243 ,  0.054 ,  22.796
3g9o , B , 1 , 75 ,  0.400 ,  0.056 ,  13.323
2hvf , A , 1 , 51 ,  0.137 ,  0.057 ,  10.690
1tl2 , A , 1 , 235 ,  0.174 ,  0.048 ,  18.152
1odg , A , 1 , 134 ,  0.254 ,  0.049 ,  15.649
1pz4 , A , 1 , 113 ,  0.389 ,  0.053 ,  15.275
1dm9 , A , 1 , 104 ,  0.231 ,  0.044 ,  14.622
2izx , B , 1 , 41 ,  0.244 ,  0.035 ,  11.675
2v9l , A , 1 , 288 ,  0.323 ,  0.051 ,  105.951
1cmc , A , 1 , 104 ,  0.240 ,  0.041 ,  16.015
3p1f , A , 1 , 119 ,  0.353 ,  0.042 ,  15.645
1jqc , B , 1 , 341 ,  0.243 ,  0.044 ,  21.548
3rqx , A , 1 , 277 ,  0.264 ,  0.063 ,  18.064
1t50 , A , 1 , 58 ,  0.259 ,  0.052 ,  11.236
1jw2 , A , 1 , 72 ,  0.139 ,  0.045 ,  13.653
1f4r , A , 1 , 199 ,  0.367 ,  0.059 ,  16.524
1aoo , A , 1 , 40 ,  0.575 ,  0.070 ,  9.499
2hd9 , A , 1 , 145 ,  0.331 ,  0.054 ,  15.216
2q52 , A , 1 , 206 ,  0.320 ,  0.056 ,  16.893
3kar , A , 1 , 323 ,  0.294 ,  0.050 ,  19.867
3hms , A , 1 , 96 ,  0.542 ,  0.069 ,  12.286
1f89 , A , 1 , 271 ,  0.292 ,  0.060 ,  18.738
2qj7 , A , 1 , 164 ,  0.500 ,  0.086 ,  13.196
2xqu , D , 1 , 82 ,  0.220 ,  0.019 ,  19.284
2wfx , A , 1 , 152 ,  0.316 ,  0.061 ,  15.034
3sy1 , A , 1 , 234 ,  0.282 ,  0.055 ,  17.821
1t60 , J , 1 , 224 ,  0.268 ,  0.045 ,  21.591
1ybz , A , 1 , 76 ,  0.132 ,  0.023 ,  16.271
1iml , A , 1 , 76 ,  0.237 ,  0.035 ,  14.853
2gmy , D , 1 , 145 ,  0.379 ,  0.049 ,  15.733
1nl0 , G , 1 , 33 ,  0.273 ,  0.037 ,  11.726
2y1r , C , 1 , 139 ,  0.410 ,  0.068 ,  14.990
1r0d , E , 1 , 186 ,  0.290 ,  0.037 ,  20.016
1wpu , A , 1 , 147 ,  0.299 ,  0.050 ,  16.614
1d2t , A , 1 , 222 ,  0.275 ,  0.053 ,  20.311
3nl9 , A , 1 , 167 ,  0.084 ,  0.029 ,  18.921
2pxd , A , 1 , 61 ,  0.295 ,  0.053 ,  14.600
1o9k , D , 1 , 144 ,  0.243 ,  0.053 ,  19.689
2j7a , C , 1 , 146 ,  0.192 ,  0.031 ,  21.092
1wib , A , 1 , 92 ,  0.174 ,  0.023 ,  18.336
2cu8 , A , 1 , 76 ,  0.184 ,  0.030 ,  15.554
1gu2 , A , 1 , 124 ,  0.347 ,  0.050 ,  14.402
1h9d , D , 1 , 129 ,  0.171 ,  0.047 ,  21.934
2wsc , K , 1 , 84 ,  0.226 ,  0.014 ,  24.593
1up8 , A , 1 , 597 ,  0.156 ,  0.043 ,  26.445
1jrm , A , 1 , 104 ,  0.452 ,  0.069 ,  19.495
2lb7 , A , 1 , 44 ,  0.591 ,  0.078 ,  9.672
1g8t , A , 1 , 242 ,  0.360 ,  0.059 ,  17.999
1yoz , A , 1 , 113 ,  0.336 ,  0.043 ,  14.930
2xov , A , 1 , 182 ,  0.374 ,  0.055 ,  16.511
1yo7 , A , 1 , 120 ,  0.358 ,  0.045 ,  15.506
2nwl , B , 1 , 398 ,  0.261 ,  0.047 ,  22.145
1j8e , A , 1 , 44 ,  0.250 ,  0.053 ,  10.286
2ijq , A , 1 , 146 ,  0.479 ,  0.060 ,  14.667
2qi9 , A , 1 , 313 ,  0.307 ,  0.047 ,  21.360
2num , A , 1 , 141 ,  0.270 ,  0.062 ,  15.452
1r2m , A , 1 , 72 ,  0.653 ,  0.077 ,  10.673
2fj3 , A , 1 , 105 ,  0.314 ,  0.051 ,  13.773
1vcc , A , 1 , 77 ,  0.364 ,  0.055 ,  14.764
1wmm , A , 1 , 143 ,  0.364 ,  0.053 ,  15.333
1p32 , C , 1 , 176 ,  0.216 ,  0.029 ,  20.782
1xdy , E , 1 , 262 ,  0.302 ,  0.058 ,  17.485
1b4u , B , 1 , 298 ,  0.295 ,  0.063 ,  19.639
2odk , A , 1 , 61 ,  0.197 ,  0.049 ,  12.258
1v54 , J , 1 , 58 ,  0.172 ,  0.010 ,  45.273
2jaf , A , 1 , 244 ,  0.320 ,  0.045 ,  19.150
1g6x , A , 1 , 61 ,  0.410 ,  0.059 ,  12.996
1pdc , A , 1 , 45 ,  0.267 ,  0.066 ,  17.389
1pv5 , A , 1 , 263 ,  0.247 ,  0.047 ,  19.403
2xqq , D , 1 , 96 ,  0.583 ,  0.072 ,  12.798
1v29 , A , 1 , 203 ,  0.059 ,  0.032 ,  24.156
3pvp , A , 1 , 96 ,  0.646 ,  0.064 ,  13.378
3kan , C , 1 , 129 ,  0.372 ,  0.049 ,  14.796
1wmq , A , 1 , 143 ,  0.308 ,  0.051 ,  18.173
2v4n , A , 1 , 262 ,  0.130 ,  0.042 ,  24.524
1utg , A , 1 , 70 ,  0.371 ,  0.040 ,  13.942
1whi , A , 1 , 122 ,  0.336 ,  0.060 ,  14.423
1uyl , A , 1 , 207 ,  0.290 ,  0.054 ,  17.162
1ejg , A , 1 , 55 ,  0.491 ,  0.071 ,  16.309
1xd3 , C , 1 , 243 ,  0.222 ,  0.060 ,  18.604
1q9u , A , 1 , 132 ,  0.303 ,  0.044 ,  15.977
3ep6 , A , 1 , 240 ,  0.133 ,  0.046 ,  18.290
1p4p , A , 1 , 140 ,  0.250 ,  0.045 ,  16.544
1o8q , C , 1 , 159 ,  0.472 ,  0.064 ,  18.994
1r2b , B , 1 , 123 ,  0.309 ,  0.040 ,  17.221
2pbk , B , 1 , 230 ,  0.365 ,  0.059 ,  17.553
1ppj , I , 1 , 43 ,  0.140 ,  0.021 ,  23.912
3mv4 , O , 1 , 245 ,  0.302 ,  0.041 ,  19.729
1jfw , A , 1 , 86 ,  0.314 ,  0.061 ,  16.416
1rrz , A , 1 , 66 ,  0.348 ,  0.049 ,  12.791
1jid , A , 1 , 114 ,  0.333 ,  0.051 ,  14.976
1huf , A , 1 , 123 ,  0.276 ,  0.061 ,  14.386
1m40 , A , 1 , 408 ,  0.279 ,  0.085 ,  30.162
1du2 , A , 1 , 76 ,  0.276 ,  0.023 ,  18.021
2bml , A , 1 , 125 ,  0.152 ,  0.026 ,  18.827
3ccd , A , 1 , 88 ,  0.591 ,  0.069 ,  11.708
2dyr , A , 1 , 513 ,  0.267 ,  0.051 ,  42.292
3efp , B , 1 , 211 ,  0.246 ,  0.052 ,  18.218
1stx , A , 1 , 244 ,  0.234 ,  0.039 ,  20.012
3mfl , M , 1 , 244 ,  0.299 ,  0.041 ,  19.674
2ox6 , D , 1 , 161 ,  0.211 ,  0.034 ,  19.406
3hmt , B , 1 , 91 ,  0.484 ,  0.065 ,  12.430
1ovb , A , 1 , 159 ,  0.365 ,  0.061 ,  15.531
1yjf , A , 1 , 225 ,  0.276 ,  0.053 ,  17.062
1cd3 , F , 1 , 426 ,  0.080 ,  0.029 ,  28.418
1lur , B , 1 , 323 ,  0.316 ,  0.058 ,  19.828
1lzj , A , 1 , 267 ,  0.225 ,  0.048 ,  19.848
2vhk , A , 1 , 232 ,  0.315 ,  0.064 ,  16.718
1dtd , B , 1 , 61 ,  0.443 ,  0.061 ,  13.691
1lr5 , C , 1 , 160 ,  0.312 ,  0.049 ,  17.676
1gcc , A , 1 , 63 ,  0.476 ,  0.051 ,  33.734
1hjz , A , 1 , 192 ,  0.318 ,  0.064 ,  16.061
1xkn , A , 1 , 344 ,  0.270 ,  0.057 ,  19.832
2qya , C , 1 , 116 ,  0.353 ,  0.047 ,  16.256
2xqq , B , 1 , 94 ,  0.489 ,  0.067 ,  12.558
1o8q , D , 1 , 159 ,  0.478 ,  0.064 ,  21.792
1z70 , X , 1 , 276 ,  0.283 ,  0.060 ,  18.581
2g64 , A , 1 , 153 ,  0.288 ,  0.037 ,  20.372
1a73 , A , 1 , 162 ,  0.185 ,  0.029 ,  19.967
1t3y , A , 1 , 131 ,  0.382 ,  0.054 ,  14.309
2aii , X , 1 , 289 ,  0.311 ,  0.063 ,  18.535
1wnz , A , 1 , 180 ,  0.267 ,  0.056 ,  17.101
1p35 , C , 1 , 295 ,  0.197 ,  0.043 ,  21.684
1vps , D , 1 , 285 ,  0.189 ,  0.036 ,  26.512
2is5 , D , 1 , 146 ,  0.137 ,  0.048 ,  15.833
1sb0 , A , 1 , 87 ,  0.356 ,  0.042 ,  26.352
2psr , A , 1 , 96 ,  0.271 ,  0.042 ,  14.183
3rrl , B , 1 , 197 ,  0.249 ,  0.045 ,  17.856
3h0w , A , 1 , 238 ,  0.134 ,  0.046 ,  18.319
1jsu , C , 1 , 69 ,  0.058 ,  0.009 ,  21.869
1nr3 , A , 1 , 122 ,  0.303 ,  0.051 ,  14.556
1na0 , A , 1 , 119 ,  0.126 ,  0.046 ,  15.067
1f6o , A , 1 , 211 ,  0.398 ,  0.059 ,  16.848
2qfo , A , 1 , 207 ,  0.304 ,  0.054 ,  17.478
1mk2 , A , 1 , 197 ,  0.269 ,  0.047 ,  19.345
2jli , A , 1 , 112 ,  0.446 ,  0.070 ,  16.641
1czy , C , 1 , 168 ,  0.226 ,  0.049 ,  16.019
1igd , A , 1 , 61 ,  0.475 ,  0.049 ,  12.082
3svj , P , 1 , 194 ,  0.273 ,  0.053 ,  16.735
2wcw , D , 1 , 129 ,  0.310 ,  0.061 ,  14.244
3iqu , A , 1 , 274 ,  0.263 ,  0.046 ,  19.646
1stx , B , 1 , 244 ,  0.225 ,  0.039 ,  19.863
1cfr , A , 1 , 283 ,  0.212 ,  0.042 ,  23.646
1j3e , A , 1 , 115 ,  0.304 ,  0.056 ,  14.457
2fr5 , B , 1 , 134 ,  0.470 ,  0.056 ,  16.045
2pzz , B , 1 , 121 ,  0.339 ,  0.052 ,  15.716
2iur , H , 1 , 122 ,  0.352 ,  0.060 ,  14.679
1vqk , 2 , 1 , 46 ,  0.174 ,  0.022 ,  22.685
1wn9 , A , 1 , 123 ,  0.415 ,  0.063 ,  14.226
2fi0 , A , 1 , 79 ,  0.228 ,  0.061 ,  12.422
1lpb , A , 1 , 85 ,  0.235 ,  0.055 ,  16.403
2j7a , I , 1 , 145 ,  0.207 ,  0.031 ,  25.610
1jb0 , L , 1 , 151 ,  0.238 ,  0.022 ,  26.679
2zih , B , 1 , 281 ,  0.281 ,  0.051 ,  19.950
1ohb , A , 1 , 266 ,  0.331 ,  0.061 ,  18.243
1j3a , A , 1 , 129 ,  0.349 ,  0.053 ,  14.849
2h5n , C , 1 , 125 ,  0.440 ,  0.063 ,  14.240
1i4j , A , 1 , 110 ,  0.309 ,  0.038 ,  16.914
1yfq , A , 1 , 342 ,  0.193 ,  0.055 ,  20.435
2d3k , B , 1 , 118 ,  0.407 ,  0.060 ,  14.814
1v54 , I , 1 , 72 ,  0.139 ,  0.004 ,  43.257
3mab , A , 1 , 90 ,  0.456 ,  0.066 ,  11.903
2icg , A , 1 , 161 ,  0.342 ,  0.058 ,  15.145
2ifa , B , 1 , 198 ,  0.283 ,  0.036 ,  19.547
2jne , A , 1 , 71 ,  0.254 ,  0.034 ,  49.551
1f89 , B , 1 , 271 ,  0.292 ,  0.060 ,  18.463
1bea , A , 1 , 116 ,  0.379 ,  0.056 ,  14.091
2kyg , B , 1 , 50 ,  0.180 ,  0.021 ,  14.601
2sim , A , 1 , 381 ,  0.367 ,  0.062 ,  20.685
3qy1 , A , 1 , 217 ,  0.175 ,  0.040 ,  19.292
2i3h , A , 1 , 90 ,  0.422 ,  0.059 ,  16.293
1g47 , A , 1 , 70 ,  0.271 ,  0.041 ,  14.845
1m21 , A , 1 , 487 ,  0.275 ,  0.062 ,  22.257
1lcs , B , 1 , 205 ,  0.249 ,  0.041 ,  21.587
2hxj , F , 1 , 112 ,  0.232 ,  0.028 ,  18.297
1f08 , B , 1 , 145 ,  0.359 ,  0.055 ,  15.709
1yox , E , 1 , 198 ,  0.212 ,  0.046 ,  21.282
1ryp , M , 1 , 222 ,  0.275 ,  0.050 ,  22.633
1e9t , A , 1 , 59 ,  0.186 ,  0.048 ,  12.540
2isb , A , 1 , 190 ,  0.368 ,  0.061 ,  16.492
2jr2 , B , 1 , 76 ,  0.329 ,  0.027 ,  15.657
2bhw , B , 1 , 223 ,  0.143 ,  0.025 ,  24.315
1xkr , A , 1 , 205 ,  0.376 ,  0.053 ,  17.838
1qlq , A , 1 , 59 ,  0.356 ,  0.056 ,  12.739
1iu4 , C , 1 , 331 ,  0.215 ,  0.045 ,  21.110
1iee , A , 1 , 150 ,  0.373 ,  0.066 ,  14.565
1roz , A , 1 , 336 ,  0.182 ,  0.046 ,  21.689
2r0x , A , 1 , 175 ,  0.257 ,  0.060 ,  15.382
1ytf , C , 1 , 46 ,  0.304 ,  0.033 ,  12.715
1so9 , A , 1 , 131 ,  0.229 ,  0.038 ,  16.207
2qw6 , B , 1 , 85 ,  0.494 ,  0.066 ,  12.344
1tgr , A , 1 , 56 ,  0.446 ,  0.054 ,  11.215
1g9p , A , 1 , 45 ,  0.067 ,  0.026 ,  16.642
3dqg , C , 1 , 151 ,  0.331 ,  0.047 ,  16.871
2hhg , A , 1 , 130 ,  0.331 ,  0.049 ,  15.115
1evx , A , 1 , 162 ,  0.179 ,  0.029 ,  20.587
2gjv , A , 1 , 136 ,  0.279 ,  0.040 ,  18.739
1bo9 , A , 1 , 73 ,  0.493 ,  0.065 ,  11.124
3fgx , A , 1 , 96 ,  0.312 ,  0.044 ,  14.425
2etd , A , 1 , 128 ,  0.289 ,  0.032 ,  18.559
3d31 , C , 1 , 248 ,  0.157 ,  0.031 ,  33.751
1qdp , A , 1 , 42 ,  0.643 ,  0.065 ,  13.711
1wk8 , B , 1 , 187 ,  0.262 ,  0.052 ,  17.690
1jfz , A , 1 , 148 ,  0.250 ,  0.049 ,  15.696
3cdk , B , 1 , 214 ,  0.201 ,  0.049 ,  17.944
1bow , A , 1 , 143 ,  0.336 ,  0.053 ,  15.937
1u84 , A , 1 , 81 ,  0.556 ,  0.059 ,  12.099
2nww , A , 1 , 407 ,  0.290 ,  0.046 ,  21.909
1r0d , F , 1 , 186 ,  0.290 ,  0.037 ,  20.054
2gz4 , C , 1 , 196 ,  0.337 ,  0.052 ,  17.808
2prg , C , 1 , 32 ,  0.000 ,  0.001 ,  29.205
1k5c , A , 1 , 336 ,  0.208 ,  0.050 ,  20.611
3ffg , L , 1 , 52 ,  0.308 ,  0.036 ,  16.161
3rrl , A , 1 , 227 ,  0.295 ,  0.048 ,  18.453
3mhr , A , 1 , 277 ,  0.274 ,  0.047 ,  19.643
1xp0 , A , 1 , 326 ,  0.279 ,  0.052 ,  21.468
2gjv , C , 1 , 136 ,  0.287 ,  0.040 ,  19.737
1tx9 , A , 1 , 141 ,  0.348 ,  0.056 ,  18.241
1p32 , A , 1 , 182 ,  0.198 ,  0.029 ,  21.065
2hnu , C , 1 , 81 ,  0.321 ,  0.066 ,  14.645
1eon , A , 1 , 236 ,  0.275 ,  0.040 ,  19.371
1k0e , A , 1 , 437 ,  0.297 ,  0.057 ,  21.302
1kaf , B , 1 , 108 ,  0.352 ,  0.059 ,  14.275
1cmc , B , 1 , 104 ,  0.231 ,  0.042 ,  15.244
1ie7 , A , 1 , 99 ,  0.455 ,  0.050 ,  19.415
1ecm , B , 1 , 95 ,  0.316 ,  0.025 ,  17.910
2k7l , A , 1 , 67 ,  0.433 ,  0.053 ,  12.002
3h0n , A , 1 , 192 ,  0.323 ,  0.047 ,  17.565
2dyr , X , 1 , 49 ,  0.204 ,  0.007 ,  44.434
1krn , A , 1 , 89 ,  0.449 ,  0.071 ,  11.640
1nc7 , A , 1 , 113 ,  0.327 ,  0.044 ,  15.399
2ux9 , B , 1 , 71 ,  0.408 ,  0.038 ,  14.060
1oo0 , A , 1 , 144 ,  0.403 ,  0.046 ,  16.180
1iie , A , 1 , 75 ,  0.133 ,  0.017 ,  18.624
1gh9 , A , 1 , 71 ,  0.056 ,  0.035 ,  14.702
1tw6 , A , 1 , 90 ,  0.300 ,  0.059 ,  16.315
2ox6 , B , 1 , 162 ,  0.204 ,  0.033 ,  19.559
1xdy , F , 1 , 262 ,  0.324 ,  0.058 ,  21.035
1aqr , A , 1 , 40 ,  0.500 ,  0.066 ,  9.859
1aks , A , 1 , 125 ,  0.280 ,  0.047 ,  24.718
3f7d , A , 1 , 237 ,  0.283 ,  0.046 ,  20.168
1zfi , A , 1 , 67 ,  0.433 ,  0.053 ,  11.801
1vqo , J , 1 , 142 ,  0.387 ,  0.050 ,  23.965
2xlh , A , 1 , 167 ,  0.449 ,  0.053 ,  16.017
1vqp , U , 1 , 53 ,  0.415 ,  0.051 ,  30.833