PDB, Chain, Domain Number, Class, CATH
2pht,  A,  1,  b, 1 A 2 - A 241 - 
2pht,  B,  1,  b, 1 B 2 - B 241 - 
2bb3,  A,  1,  a+b, 1 A -2 - A 102 - 
2bb3,  A,  2,  a+b, 1 A 103 - A 195 - 
2bb3,  B,  1,  a+b, 1 B -1 - B 102 - 
2bb3,  B,  2,  a+b, 1 B 103 - B 195 - 
1rwc,  A,  1,  a, 1 A 4 - A 372 - 
1rwc,  A,  2,  b, 1 A 373 - A 643 - 
1rwc,  A,  3,  b, 1 A 644 - A 757 - 
3b3d,  A,  1,  a+b, 1 A 1 - A 280 - 
3b3d,  B,  1,  a+b, 1 B 4 - B 280 - 
3b3d,  C,  1,  a+b, 1 C 1 - C 280 - 
1scu,  A,  1,  a+b, 1 A 1 - A 122 - 
1scu,  A,  2,  a+b, 1 A 123 - A 288 - 
1scu,  D,  1,  a+b, 1 D 1 - D 122 - 
1scu,  D,  2,  a+b, 1 D 123 - D 288 - 
1y6p,  A,  1,  a, 1 A 1 - A 131 - 
1y6p,  B,  1,  a, 1 B 1 - B 131 - 
1yq2,  A,  1,  b, 1 A 4 - A 218 - 
1yq2,  A,  2,  N/A, 1 A 219 - A 311 - 
1yq2,  A,  3,  a+b, 1 A 312 - A 608 - 
1yq2,  A,  4,  N/A, 1 A 609 - A 723 - 
1yq2,  A,  5,  N/A, 1 A 724 - A 1023 - 
1yq2,  B,  1,  b, 1 B 4 - B 218 - 
1yq2,  B,  2,  N/A, 1 B 219 - B 311 - 
1yq2,  B,  3,  a+b, 1 B 312 - B 608 - 
1yq2,  B,  4,  N/A, 1 B 609 - B 723 - 
1yq2,  B,  5,  N/A, 1 B 724 - B 1023 - 
1yq2,  C,  1,  b, 1 C 4 - C 218 - 
1yq2,  C,  2,  N/A, 1 C 219 - C 311 - 
1yq2,  C,  3,  a+b, 1 C 312 - C 608 - 
1yq2,  C,  4,  N/A, 1 C 609 - C 723 - 
1yq2,  C,  5,  N/A, 1 C 724 - C 1023 - 
1yq2,  D,  1,  b, 1 D 4 - D 218 - 
1yq2,  D,  2,  N/A, 1 D 219 - D 311 - 
1yq2,  D,  3,  a+b, 1 D 312 - D 608 - 
1yq2,  D,  4,  N/A, 1 D 609 - D 723 - 
1yq2,  D,  5,  N/A, 1 D 724 - D 1023 - 
1yq2,  E,  1,  b, 1 E 4 - E 218 - 
1yq2,  E,  2,  N/A, 1 E 219 - E 311 - 
1yq2,  E,  3,  a+b, 1 E 312 - E 608 - 
1yq2,  E,  4,  N/A, 1 E 609 - E 723 - 
1yq2,  E,  5,  N/A, 1 E 724 - E 1023 - 
1yq2,  F,  1,  b, 1 F 4 - F 218 - 
1yq2,  F,  2,  N/A, 1 F 219 - F 311 - 
1yq2,  F,  3,  a+b, 1 F 312 - F 608 - 
1yq2,  F,  4,  N/A, 1 F 609 - F 723 - 
1yq2,  F,  5,  N/A, 1 F 724 - F 1023 - 
1uiw,  A,  1,  a, 1 A 1 - A 141 - 
1uiw,  B,  1,  a, 1 B 1 - B 146 - 
1uiw,  C,  1,  a, 1 C 1 - C 141 - 
1uiw,  D,  1,  a, 1 D 1 - D 146 - 
1uiw,  E,  1,  a, 1 E 1 - E 141 - 
1uiw,  F,  1,  a, 1 F 1 - F 146 - 
1uiw,  G,  1,  a, 1 G 1 - G 141 - 
1uiw,  H,  1,  a, 1 H 1 - H 146 - 
1b8v,  A,  1,  a+b, 1 A 3 - A 157 - 
1b8v,  A,  2,  a+b, 1 A 158 - A 329 - 
1yq3,  B,  1,  a+b, 1 B 6 - B 114 - 
1yq3,  B,  2,  a, 1 B 115 - B 247 - 
1yq3,  C,  1,  a, 1 C 2 - C 32 - 
1yq3,  C,  2,  a, 1 C 33 - C 141 - 
1yq3,  D,  1,  a, 1 D 2 - D 103 - 
1b8a,  A,  1,  b, 1 A 1 - A 105 - 
1b8a,  A,  2,  a+b, 1 A 106 - A 438 - 
1b8a,  B,  1,  b, 1 B 1001 - B 1105 - 
1b8a,  B,  2,  a+b, 1 B 1106 - B 1438 - 
1rwa,  A,  1,  a, 1 A 4 - A 372 - 
1rwa,  A,  2,  b, 1 A 373 - A 643 - 
1rwa,  A,  3,  b, 1 A 644 - A 757 - 
1j81,  B,  1,  a+b, 1 B 24 - B 124 - 
2rdc,  A,  1,  a, 1 A 20 - A 152 - 
2rdc,  B,  1,  a, 1 B 18 - B 152 - 
3zv6,  A,  1,  N/A, 1 A 1 - A 275 - 
3zv6,  B,  1,  N/A, 1 B 1 - B 275 - 
1b8p,  A,  1,  a+b, 1 A 3 - A 157 - 
1b8p,  A,  2,  a+b, 1 A 158 - A 329 - 
2af5,  A,  1,  N/A, 1 A 28 - A 81 - 
2af5,  A,  2,  N/A, 1 A 82 - A 219 - 
2af5,  A,  3,  N/A, 1 A 220 - A 319 - 
1vyb,  A,  1,  a+b, 1 A 3 - A 238 - 
1vyb,  B,  1,  a+b, 1 B 6 - B 238 - 
1nen,  B,  1,  a+b, 1 B 1 - B 106 - 
1nen,  B,  2,  a, 1 B 107 - B 238 - 
1nen,  C,  1,  a, 1 C 1 - C 129 - 
1vyn,  A,  1,  b, 1 A 4 - A 120 - 
1vyx,  A,  1,  a+b, 1 A 1 - A 60 - 
2r5v,  A,  1,  N/A, 1 A 2 - A 152 - 
2r5v,  A,  2,  a+b, 1 A 153 - A 348 - 
2r5v,  B,  1,  N/A, 1 B 2 - B 144 - 
2r5v,  B,  2,  a+b, 1 B 154 - B 348 - 
1hn0,  A,  1,  b, 1 A 25 - A 234 - 
1hn0,  A,  2,  a, 1 A 235 - A 618 - 
1hn0,  A,  3,  b, 1 A 619 - A 899 - 
1hn0,  A,  4,  b, 1 A 900 - A 1021 - 
1uia,  A,  1,  a, 1 A 1 - A 129 - 
1jz4,  A,  1,  b, 1 A 13 - A 218 - 
1jz4,  A,  2,  b, 1 A 219 - A 333 - 
1jz4,  A,  3,  a+b, 1 A 334 - A 624 - 
1jz4,  A,  4,  b, 1 A 625 - A 730 - 
1jz4,  A,  5,  b, 1 A 731 - A 1023 - 
1jz4,  B,  1,  b, 1 B 13 - B 218 - 
1jz4,  B,  2,  b, 1 B 219 - B 333 - 
1jz4,  B,  3,  a+b, 1 B 334 - B 624 - 
1jz4,  B,  4,  b, 1 B 625 - B 730 - 
1jz4,  B,  5,  b, 1 B 731 - B 1023 - 
1jz4,  C,  1,  b, 1 C 13 - C 218 - 
1jz4,  C,  2,  b, 1 C 219 - C 333 - 
1jz4,  C,  3,  a+b, 1 C 334 - C 624 - 
1jz4,  C,  4,  b, 1 C 625 - C 730 - 
1jz4,  C,  5,  b, 1 C 731 - C 1023 - 
1jz4,  D,  1,  b, 1 D 13 - D 218 - 
1jz4,  D,  2,  b, 1 D 219 - D 333 - 
1jz4,  D,  3,  a+b, 1 D 334 - D 624 - 
1jz4,  D,  4,  b, 1 D 625 - D 730 - 
1jz4,  D,  5,  b, 1 D 731 - D 1023 - 
1y6h,  A,  1,  a+b, 1 A 1 - A 177 - 
1y6h,  B,  1,  a+b, 1 B 1 - B 177 - 
2ph1,  A,  1,  a+b, 1 A 4 - A 250 - 
2ph4,  A,  1,  a, 1 A 1 - A 133 - 
2ph4,  B,  1,  a, 1 B 1 - B 133 - 
2we8,  A,  1,  N/A, 1 A 4 - A 205 - 
2we8,  A,  2,  N/A, 1 A 206 - A 360 - 
2we8,  B,  1,  N/A, 1 B 5 - B 205 - 
2we8,  B,  2,  N/A, 1 B 206 - B 359 - 
1wve,  A,  1,  a+b, 1 A 7 - A 114 - 
1wve,  A,  2,  a+b, 1 A 115 - A 242 - 
1wve,  A,  3,  a+b, 1 A 243 - A 473 - 
1wve,  A,  4,  a, 1 A 474 - A 521 - 
1wve,  B,  1,  a+b, 1 B 7 - B 114 - 
1wve,  B,  2,  a+b, 1 B 115 - B 242 - 
1wve,  B,  3,  a+b, 1 B 243 - B 473 - 
1wve,  B,  4,  a, 1 B 474 - B 521 - 
1wve,  C,  1,  a, 1 C 602 - C 676 - 
1wve,  D,  1,  a, 1 D 602 - D 676 - 
1qmu,  A,  1,  a+b, 1 A 4 - A 304 - 
1qmu,  A,  2,  b, 1 A 305 - A 383 - 
1djy,  B,  1,  a, 1 B 158 - B 209 - 
1djy,  B,  2,  a, 1 B 210 - B 292 - 
1djy,  B,  3,  a+b, 1 B 293 - B 625 - 
1djy,  B,  4,  b, 1 B 626 - B 756 - 
1wio,  A,  1,  b, 1 A 1 - A 98 - 
1wio,  A,  2,  b, 1 A 99 - A 180 - 
1wio,  A,  3,  b, 1 A 181 - A 291 - 
1wio,  A,  4,  b, 1 A 292 - A 363 - 
1wio,  B,  1,  b, 1 B 1 - B 98 - 
1wio,  B,  2,  b, 1 B 99 - B 180 - 
1wio,  B,  3,  b, 1 B 181 - B 291 - 
1wio,  B,  4,  b, 1 B 292 - B 363 - 
3b3k,  A,  1,  a, 1 A 207 - A 476 - 
3b3k,  B,  1,  a, 1 B 207 - B 476 - 
3ldq,  B,  1,  a, 1 B 150 - B 260 - 
2r56,  A,  1,  b, 1 A 4 - A 162 - 
2r56,  B,  1,  b, 1 B 4 - B 162 - 
2r56,  H,  1,  b, 1 H 1 - H 121 - 
2r56,  H,  2,  b, 1 H 122 - H 221 - 
2r56,  I,  1,  b, 1 I 1 - I 121 - 
2r56,  I,  2,  b, 1 I 122 - I 221 - 
2r56,  L,  1,  b, 1 L 1 - L 107 - 
2r56,  L,  2,  b, 1 L 108 - L 211 - 
2r56,  M,  1,  b, 1 M 1 - M 107 - 
2r56,  M,  2,  b, 1 M 108 - M 211 - 
2w8z,  A,  1,  a+b, 1 A 2 - A 179 - 
2w8z,  A,  2,  a, 1 A 180 - A 435 - 
2w8z,  A,  3,  a, 1 A 436 - A 469 - 
2w8z,  B,  1,  a+b, 1 B 2 - B 179 - 
2w8z,  B,  2,  a, 1 B 180 - B 435 - 
2w8z,  B,  3,  a, 1 B 436 - B 468 - 
2w86,  A,  1,  b, 1 A 1 - A 45 - 
2w86,  A,  2,  N/A, 1 A 46 - A 105 - 
2w86,  A,  3,  b, 1 A 106 - A 147 - 
1nji,  1,  1,  b, 1 1 10 - 1 82 - 
1nji,  2,  1,  b, 1 2 1 - 2 56 - 
1nji,  3,  1,  a, 1 3 1 - 3 49 - 
1nji,  4,  1,  a+b, 1 4 1 - 4 92 - 
1nji,  E,  1,  a+b, 1 E 1 - E 246 - 
1nji,  F,  1,  a+b, 1 F 10 - F 174 - 
1nji,  G,  1,  a+b, 1 G 80 - G 172 - 
1nji,  G,  2,  a+b, 1 G 1 - G 79 - 
1nji,  H,  1,  a+b, 1 H 1 - H 119 - 
1nji,  I,  1,  a, 1 I 12 - I 73 - 
1nji,  J,  1,  a+b, 1 J 1 - J 167 - 
1nji,  K,  1,  a+b, 1 K 4 - K 145 - 
1nji,  L,  1,  b, 1 L 1 - L 132 - 
1nji,  N,  1,  a+b, 1 N 1 - N 194 - 
1nji,  O,  1,  a+b, 1 O 1 - O 186 - 
1nji,  P,  1,  a+b, 1 P 1 - P 115 - 
1nji,  Q,  1,  a, 1 Q 1 - Q 55 - 
1nji,  Q,  2,  a, 1 Q 89 - Q 143 - 
1nji,  Q,  3,  a, 1 Q 56 - Q 88 - 
1nji,  R,  1,  b, 1 R 1 - R 95 - 
1nji,  S,  1,  a+b, 1 S 1 - S 150 - 
1nji,  T,  1,  a+b, 1 T 1 - T 81 - 
1nji,  U,  1,  b, 1 U 1 - U 119 - 
1nji,  V,  1,  b, 1 V 4 - V 56 - 
1nji,  W,  1,  a, 1 W 1 - W 65 - 
1nji,  Y,  1,  a+b, 1 Y 7 - Y 88 - 
1nji,  Z,  1,  N/A, 1 Z 95 - Z 236 - 
1pix,  A,  1,  a, 1 A 1 - A 58 - 
1pix,  A,  2,  a+b, 1 A 59 - A 287 - 
1pix,  A,  3,  a+b, 1 A 288 - A 586 - 
1pix,  B,  1,  a, 1 B 1 - B 58 - 
1pix,  B,  2,  a+b, 1 B 59 - B 287 - 
1pix,  B,  3,  a+b, 1 B 288 - B 586 - 
2qw0,  X,  1,  a+b, 1 X 1 - X 174 - 
2qw0,  X,  2,  a+b, 1 X 175 - X 321 - 
2qw0,  X,  3,  b, 1 X 322 - X 401 - 
2qw0,  X,  4,  a+b, 1 X 402 - X 503 - 
1vyo,  A,  1,  b, 1 A 3 - A 123 - 
1vyo,  B,  1,  b, 1 B 2 - B 123 - 
2b0u,  A,  1,  b, 1 A 1 - A 116 - 
2b0u,  B,  1,  b, 1 B 1 - B 116 - 
2b0u,  C,  1,  N/A, 1 C 1 - C 96 - 
2b0u,  C,  2,  N/A, 1 C 97 - C 171 - 
2b0u,  C,  3,  a+b, 1 C 172 - C 212 - 
2b0u,  C,  4,  N/A, 1 C 213 - C 288 - 
2b0u,  D,  1,  N/A, 1 D 1 - D 95 - 
2b0u,  D,  2,  N/A, 1 D 99 - D 170 - 
2b0u,  D,  3,  a+b, 1 D 172 - D 212 - 
2b0u,  D,  4,  N/A, 1 D 213 - D 288 - 
1y63,  A,  1,  a+b, 1 A 6 - A 179 - 
1vys,  X,  1,  a+b, 1 X 1 - X 364 - 
2rd5,  A,  1,  N/A, 1 A 17 - A 297 - 
2rd5,  B,  1,  N/A, 1 B 15 - B 297 - 
2rd5,  C,  1,  a+b, 1 C 5 - C 129 - 
2rd5,  D,  1,  a+b, 1 D 5 - D 130 - 
2b18,  A,  1,  N/A, 1 A 1 - A 155 - 
2phm,  A,  1,  a, 1 A 19 - A 427 - 
1rwh,  A,  1,  a, 1 A 4 - A 372 - 
1rwh,  A,  2,  b, 1 A 373 - A 643 - 
1rwh,  A,  3,  b, 1 A 644 - A 757 - 
1e79,  F,  1,  b, 1 F 9 - F 81 - 
1e79,  F,  2,  a+b, 1 F 82 - F 357 - 
1e79,  F,  3,  a, 1 F 358 - F 474 - 
1e79,  H,  1,  b, 1 H 15 - H 103 - 
1e79,  H,  2,  a, 1 H 104 - H 145 - 
1e79,  I,  1,  a, 1 I 1 - I 47 - 
3b3c,  A,  1,  a+b, 1 A 1 - A 291 - 
1y69,  8,  1,  a, 1 8 1 - 8 113 - 
1twf,  E,  1,  a+b, 1 E 1 - E 142 - 
1twf,  E,  2,  a+b, 1 E 143 - E 215 - 
1twf,  F,  1,  a+b, 1 F 72 - F 155 - 
1twf,  H,  1,  b, 1 H 2 - H 146 - 
1twf,  I,  1,  b, 1 I 1 - I 46 - 
1twf,  I,  2,  b, 1 I 47 - I 122 - 
1twf,  J,  1,  a, 1 J 1 - J 65 - 
1twf,  K,  1,  a+b, 1 K 1 - K 114 - 
1twf,  L,  1,  b, 1 L 25 - L 70 - 
1uif,  A,  1,  a, 1 A 1 - A 129 - 
5mdh,  A,  1,  a+b, 1 A 1 - A 153 - 
5mdh,  A,  2,  a+b, 1 A 154 - A 333 - 
5mdh,  B,  1,  a+b, 1 B 1 - B 153 - 
5mdh,  B,  2,  a+b, 1 B 154 - B 333 - 
1ui6,  A,  1,  N/A, 1 A 4 - A 212 - 
1ui6,  B,  1,  N/A, 1 B 6 - B 212 - 
1rwg,  A,  1,  a, 1 A 4 - A 372 - 
1rwg,  A,  2,  b, 1 A 373 - A 643 - 
1rwg,  A,  3,  b, 1 A 644 - A 757 - 
2atq,  B,  1,  a+b, 1 B 32 - B 241 - 
1pgo,  A,  1,  a+b, 1 A 1 - A 180 - 
1pgo,  A,  2,  a, 1 A 181 - A 435 - 
1pgo,  A,  3,  a, 1 A 436 - A 473 - 
2phr,  A,  1,  b, 1 A 2 - A 241 - 
2phr,  B,  1,  b, 1 B 2 - B 240 - 
1jz2,  A,  1,  b, 1 A 13 - A 218 - 
1jz2,  A,  2,  b, 1 A 219 - A 333 - 
1jz2,  A,  3,  a+b, 1 A 334 - A 624 - 
1jz2,  A,  4,  b, 1 A 625 - A 730 - 
1jz2,  A,  5,  b, 1 A 731 - A 1023 - 
1jz2,  B,  1,  b, 1 B 13 - B 218 - 
1jz2,  B,  2,  b, 1 B 219 - B 333 - 
1jz2,  B,  3,  a+b, 1 B 334 - B 624 - 
1jz2,  B,  4,  b, 1 B 625 - B 730 - 
1jz2,  B,  5,  b, 1 B 731 - B 1023 - 
1jz2,  C,  1,  b, 1 C 13 - C 218 - 
1jz2,  C,  2,  b, 1 C 219 - C 333 - 
1jz2,  C,  3,  a+b, 1 C 334 - C 624 - 
1jz2,  C,  4,  b, 1 C 625 - C 730 - 
1jz2,  C,  5,  b, 1 C 731 - C 1023 - 
1jz2,  D,  1,  b, 1 D 13 - D 218 - 
1jz2,  D,  2,  b, 1 D 219 - D 333 - 
1jz2,  D,  3,  a+b, 1 D 334 - D 624 - 
1jz2,  D,  4,  b, 1 D 625 - D 730 - 
1jz2,  D,  5,  b, 1 D 731 - D 1023 - 
5cgt,  A,  1,  a+b, 1 A 1 - A 400 - 
5cgt,  A,  2,  b, 1 A 401 - A 494 - 
5cgt,  A,  3,  b, 1 A 495 - A 580 - 
5cgt,  A,  4,  b, 1 A 581 - A 684 - 
1ui9,  A,  1,  a+b, 1 A 1 - A 116 - 
1vyp,  X,  1,  a+b, 1 X 3 - X 364 - 
2hh1,  M,  1,  a, 1 M 1 - M 143 - 
2hh1,  M,  2,  a, 1 M 144 - M 302 - 
2w4b,  A,  1,  N/A, 1 A 7 - A 126 - 
2w4b,  A,  2,  N/A, 1 A 127 - A 467 - 
2w4b,  B,  1,  N/A, 1 B 9 - B 126 - 
2w4b,  B,  2,  N/A, 1 B 127 - B 463 - 
2i9g,  A,  1,  a, 1 A 9 - A 91 - 
2i9g,  A,  2,  a, 1 A 92 - A 148 - 
2i9g,  A,  3,  a+b, 1 A 149 - A 271 - 
2i9g,  A,  4,  a+b, 1 A 272 - A 335 - 
1ea0,  A,  1,  a+b, 1 A 1 - A 422 - 
1ea0,  A,  2,  a+b, 1 A 423 - A 780 - 
1ea0,  A,  3,  a+b, 1 A 781 - A 1203 - 
1ea0,  A,  4,  b, 1 A 1204 - A 1472 - 
1wp4,  A,  1,  a+b, 1 A 2 - A 157 - 
1wp4,  A,  2,  a, 1 A 158 - A 289 - 
1wp4,  B,  1,  a+b, 1 B 2 - B 157 - 
1wp4,  B,  2,  a, 1 B 158 - B 289 - 
1wp4,  C,  1,  a+b, 1 C 1 - C 157 - 
1wp4,  C,  2,  a, 1 C 158 - C 289 - 
1wp4,  D,  1,  a+b, 1 D 1 - D 157 - 
1wp4,  D,  2,  a, 1 D 158 - D 289 - 
1jz8,  A,  1,  b, 1 A 13 - A 218 - 
1jz8,  A,  2,  b, 1 A 219 - A 333 - 
1jz8,  A,  3,  a+b, 1 A 334 - A 624 - 
1jz8,  A,  4,  b, 1 A 625 - A 730 - 
1jz8,  A,  5,  b, 1 A 731 - A 1023 - 
1jz8,  B,  1,  b, 1 B 13 - B 218 - 
1jz8,  B,  2,  b, 1 B 219 - B 333 - 
1jz8,  B,  3,  a+b, 1 B 334 - B 624 - 
1jz8,  B,  4,  b, 1 B 625 - B 730 - 
1jz8,  B,  5,  b, 1 B 731 - B 1023 - 
1jz8,  C,  1,  b, 1 C 13 - C 218 - 
1jz8,  C,  2,  b, 1 C 219 - C 333 - 
1jz8,  C,  3,  a+b, 1 C 334 - C 624 - 
1jz8,  C,  4,  b, 1 C 625 - C 730 - 
1jz8,  C,  5,  b, 1 C 731 - C 1023 - 
1jz8,  D,  1,  b, 1 D 13 - D 218 - 
1jz8,  D,  2,  b, 1 D 219 - D 333 - 
1jz8,  D,  3,  a+b, 1 D 334 - D 624 - 
1jz8,  D,  4,  b, 1 D 625 - D 730 - 
1jz8,  D,  5,  b, 1 D 731 - D 1023 - 
2ydw,  A,  1,  N/A, 1 A 76 - A 182 - 
2ydw,  B,  1,  N/A, 1 B 77 - B 181 - 
2ydw,  C,  1,  N/A, 1 C 76 - C 182 - 
1rep,  C,  1,  a, 1 C 15 - C 155 - 
1rep,  C,  2,  a, 1 C 156 - C 246 - 
1efp,  A,  1,  a+b, 1 A 183 - A 308 - 
1efp,  A,  2,  a+b, 1 A 2 - A 182 - 
1efp,  B,  1,  a+b, 1 B 1 - B 246 - 
1efp,  C,  1,  a+b, 1 C 183 - C 308 - 
1efp,  C,  2,  a+b, 1 C 2 - C 182 - 
1efp,  D,  1,  a+b, 1 D 1 - D 246 - 
1olz,  A,  1,  b, 1 A 3 - A 481 - 
1olz,  A,  2,  a+b, 1 A 482 - A 538 - 
1olz,  A,  3,  b, 1 A 539 - A 628 - 
1olz,  B,  1,  b, 1 B 3 - B 481 - 
1olz,  B,  2,  a+b, 1 B 482 - B 538 - 
1olz,  B,  3,  b, 1 B 539 - B 628 - 
1djz,  B,  1,  a, 1 B 158 - B 209 - 
1djz,  B,  2,  a, 1 B 210 - B 292 - 
1djz,  B,  3,  a+b, 1 B 293 - B 625 - 
1djz,  B,  4,  b, 1 B 626 - B 756 - 
1y6q,  A,  1,  a+b, 1 A -1 - A 232 - 
1y6q,  B,  1,  a+b, 1 B 1 - B 232 - 
3go9,  A,  1,  N/A, 1 A 8 - A 256 - 
3go9,  A,  2,  N/A, 1 A 257 - A 473 - 
1uiz,  A,  1,  a+b, 1 A 0 - A 114 - 
1uiz,  B,  1,  a+b, 1 B 0 - B 114 - 
1uiz,  C,  1,  a+b, 1 C 0 - C 114 - 
1uiz,  D,  1,  a+b, 1 D 0 - D 114 - 
3nbn,  B,  1,  a, 1 B 1924 - B 2119 - 
3nbn,  E,  1,  a, 1 E 1924 - E 2119 - 
2y9z,  A,  1,  N/A, 1 A 789 - A 882 - 
2y9z,  A,  2,  a, 1 A 883 - A 938 - 
2y9z,  A,  3,  N/A, 1 A 939 - A 971 - 
2y9z,  A,  4,  N/A, 1 A 972 - A 1075 - 
2y1c,  A,  1,  a+b, 1 A 11 - A 151 - 
2y1c,  A,  2,  N/A, 1 A 152 - A 302 - 
2y1c,  A,  3,  a, 1 A 303 - A 389 - 
2y1c,  B,  1,  a+b, 1 B 11 - B 151 - 
2y1c,  B,  2,  N/A, 1 B 152 - B 302 - 
2y1c,  B,  3,  a, 1 B 303 - B 389 - 
1twa,  E,  1,  a+b, 1 E 1 - E 142 - 
1twa,  E,  2,  a+b, 1 E 143 - E 215 - 
1twa,  F,  1,  a+b, 1 F 72 - F 154 - 
1twa,  H,  1,  b, 1 H 2 - H 146 - 
1twa,  I,  1,  b, 1 I 1 - I 46 - 
1twa,  I,  2,  b, 1 I 47 - I 121 - 
1twa,  J,  1,  a, 1 J 1 - J 64 - 
1twa,  K,  1,  a+b, 1 K 1 - K 114 - 
1twa,  L,  1,  b, 1 L 25 - L 70 - 
2b5l,  C,  1,  N/A, 1 C 16 - C 222 - 
2b5l,  D,  1,  N/A, 1 D 15 - D 222 - 
1v10,  A,  1,  b, 1 A 1 - A 129 - 
1v10,  A,  2,  b, 1 A 130 - A 313 - 
1v10,  A,  3,  b, 1 A 314 - A 494 - 
3ew3,  A,  1,  a, 1 A 0 - A 197 - 
3ew3,  B,  1,  b, 1 B 0 - B 101 - 
3ew3,  B,  2,  b, 1 B 102 - B 202 - 
3ew3,  C,  1,  b, 1 C 4 - C 101 - 
3ew3,  C,  2,  b, 1 C 102 - C 201 - 
2b5e,  A,  1,  a+b, 1 A 22 - A 140 - 
2b5e,  A,  2,  N/A, 1 A 141 - A 237 - 
2b5e,  A,  3,  N/A, 1 A 238 - A 364 - 
2b5e,  A,  4,  a+b, 1 A 365 - A 504 - 
2wkp,  A,  1,  N/A, 1 A 404 - A 545 - 
2wkp,  A,  2,  a+b, 1 A 546 - A 723 - 
2pha,  A,  1,  a+b, 1 A 5 - A 318 - 
2pha,  B,  1,  a+b, 1 B 5 - B 318 - 
3b3t,  A,  1,  a+b, 1 A 1 - A 291 - 
1vyf,  A,  1,  b, 1 A -1 - A 133 - 
2p7j,  A,  1,  a, 1 A 9 - A 46 - 
2p7j,  A,  2,  a+b, 1 A 47 - A 180 - 
2p7j,  A,  3,  a+b, 1 A 181 - A 273 - 
1n0h,  A,  1,  a+b, 1 A 83 - A 270 - 
1n0h,  A,  2,  a+b, 1 A 277 - A 459 - 
1n0h,  A,  3,  a+b, 1 A 460 - A 687 - 
1n0h,  B,  1,  a+b, 1 B 83 - B 270 - 
1n0h,  B,  2,  a+b, 1 B 278 - B 459 - 
1n0h,  B,  3,  a+b, 1 B 460 - B 687 - 
3p1e,  A,  1,  a, 1 A 1083 - A 1196 - 
3p1e,  B,  1,  a, 1 B 1085 - B 1196 - 
1rw9,  A,  1,  a, 1 A 4 - A 372 - 
1rw9,  A,  2,  b, 1 A 373 - A 643 - 
1rw9,  A,  3,  b, 1 A 644 - A 757 - 
3go1,  L,  1,  N/A, 1 L 1 - L 107 - 
3go1,  L,  2,  N/A, 1 L 108 - L 208 - 
1qxp,  A,  1,  N/A, 1 A 2 - A 210 - 
1qxp,  A,  2,  N/A, 1 A 211 - A 354 - 
1qxp,  A,  3,  b, 1 A 355 - A 514 - 
1qxp,  A,  4,  a, 1 A 515 - A 686 - 
1qxp,  A,  5,  a, 1 A 687 - A 893 - 
1qxp,  B,  1,  N/A, 1 B 2 - B 210 - 
1qxp,  B,  2,  N/A, 1 B 211 - B 354 - 
1qxp,  B,  3,  b, 1 B 355 - B 514 - 
1qxp,  B,  4,  a, 1 B 515 - B 686 - 
1qxp,  B,  5,  a, 1 B 687 - B 893 - 
3abv,  B,  1,  a+b, 1 B 9 - B 114 - 
3abv,  B,  2,  a, 1 B 115 - B 247 - 
3abv,  C,  1,  a, 1 C 6 - C 35 - 
3abv,  C,  2,  a, 1 C 36 - C 143 - 
3abv,  D,  1,  a, 1 D 35 - D 136 - 
2vaa,  A,  1,  a+b, 1 A 1 - A 181 - 
2vaa,  A,  2,  b, 1 A 182 - A 274 - 
2vaa,  B,  1,  b, 1 B 1 - B 99 - 
1vyk,  A,  1,  a, 1 A 1 - A 149 - 
3cmg,  A,  1,  b, 1 A 36 - A 183 - 
3cmg,  A,  2,  b, 1 A 184 - A 301 - 
3cmg,  A,  3,  a+b, 1 A 302 - A 609 - 
3cmg,  A,  4,  b, 1 A 610 - A 698 - 
2v7q,  A,  1,  b, 1 A 24 - A 93 - 
2v7q,  A,  2,  a+b, 1 A 94 - A 379 - 
2v7q,  A,  3,  a, 1 A 380 - A 510 - 
2v7q,  B,  1,  b, 1 B 24 - B 93 - 
2v7q,  B,  2,  a+b, 1 B 94 - B 379 - 
2v7q,  B,  3,  a, 1 B 380 - B 510 - 
2v7q,  D,  1,  b, 1 D 9 - D 81 - 
2v7q,  D,  2,  a+b, 1 D 82 - D 357 - 
2v7q,  D,  3,  a, 1 D 358 - D 477 - 
2v7q,  E,  1,  b, 1 E 10 - E 81 - 
2v7q,  E,  2,  a+b, 1 E 82 - E 357 - 
2v7q,  E,  3,  a, 1 E 358 - E 474 - 
2v7q,  F,  1,  b, 1 F 9 - F 81 - 
2v7q,  F,  2,  a+b, 1 F 82 - F 357 - 
2v7q,  F,  3,  a, 1 F 358 - F 474 - 
2v7q,  I,  1,  a, 1 I 1 - I 47 - 
2v7q,  J,  1,  a, 1 J 8 - J 50 - 
2rdn,  A,  1,  b, 1 A 2 - A 276 - 
2phi,  A,  1,  a, 1 A 1 - A 124 - 
2phi,  B,  1,  a, 1 B 1 - B 124 - 
3dem,  A,  1,  b, 1 A 7 - A 120 - 
3dem,  A,  2,  b, 1 A 121 - A 164 - 
3dem,  A,  3,  b, 1 A 165 - A 278 - 
3dem,  B,  1,  b, 1 B 7 - B 120 - 
3dem,  B,  2,  b, 1 B 121 - B 164 - 
3dem,  B,  3,  b, 1 B 165 - B 278 - 
3b3w,  A,  1,  a+b, 1 A 1 - A 291 - 
1rwf,  A,  1,  a, 1 A 4 - A 372 - 
1rwf,  A,  2,  b, 1 A 373 - A 643 - 
1rwf,  A,  3,  b, 1 A 644 - A 757 - 
1uix,  A,  1,  a, 1 A -2 - A 1045 - 
1uix,  B,  1,  a, 1 B -2 - B 1044 - 
1ltj,  A,  1,  a, 1 A 126 - A 190 - 
1ltj,  D,  1,  a, 1 D 133 - D 190 - 
2hh0,  L,  1,  b, 1 L 2 - L 149 - 
2hh0,  L,  2,  b, 1 L 153 - L 271 - 
1y6l,  A,  1,  a+b, 1 A 0 - A 147 - 
1y6l,  B,  1,  a+b, 1 B 0 - B 147 - 
1y6l,  C,  1,  a+b, 1 C 0 - C 147 - 
1vyh,  A,  1,  a+b, 1 A 6 - A 223 - 
1vyh,  B,  1,  a+b, 1 B 6 - B 223 - 
1vyh,  E,  1,  a+b, 1 E 6 - E 223 - 
1vyh,  F,  1,  a+b, 1 F 6 - F 223 - 
1vyh,  I,  1,  a+b, 1 I 6 - I 223 - 
1vyh,  J,  1,  a+b, 1 J 6 - J 223 - 
1vyh,  M,  1,  a+b, 1 M 6 - M 223 - 
1vyh,  N,  1,  a+b, 1 N 6 - N 223 - 
1vyh,  Q,  1,  a+b, 1 Q 6 - Q 223 - 
1vyh,  R,  1,  a+b, 1 R 6 - R 223 - 
2ph0,  A,  1,  N/A, 1 A 2 - A 162 - 
2ph0,  B,  1,  N/A, 1 B 2 - B 163 - 
1uih,  A,  1,  a, 1 A 1 - A 129 - 
2zal,  A,  1,  N/A, 1 A 2 - A 161 - 
2zal,  B,  1,  N/A, 1 B 179 - B 313 - 
2zal,  C,  1,  N/A, 1 C 2 - C 157 - 
2zal,  D,  1,  N/A, 1 D 179 - D 313 - 
2phy,  A,  1,  a+b, 1 A 1 - A 125 - 
2php,  A,  1,  a+b, 1 A 241 - A 421 - 
2php,  B,  1,  a+b, 1 B 238 - B 423 - 
2php,  D,  1,  a+b, 1 D 238 - D 421 - 
2php,  E,  1,  a+b, 1 E 241 - E 423 - 
1twh,  E,  1,  a+b, 1 E 1 - E 142 - 
1twh,  E,  2,  a+b, 1 E 143 - E 215 - 
1twh,  F,  1,  a+b, 1 F 72 - F 154 - 
1twh,  H,  1,  b, 1 H 2 - H 146 - 
1twh,  I,  1,  b, 1 I 1 - I 46 - 
1twh,  I,  2,  b, 1 I 47 - I 121 - 
1twh,  J,  1,  a, 1 J 1 - J 64 - 
1twh,  K,  1,  a+b, 1 K 1 - K 114 - 
1twh,  L,  1,  b, 1 L 25 - L 70 - 
3dym,  A,  1,  b, 1 A 13 - A 218 - 
3dym,  A,  2,  b, 1 A 219 - A 333 - 
3dym,  A,  3,  a+b, 1 A 334 - A 624 - 
3dym,  A,  4,  b, 1 A 625 - A 730 - 
3dym,  A,  5,  b, 1 A 731 - A 1023 - 
3dym,  B,  1,  b, 1 B 13 - B 218 - 
3dym,  B,  2,  b, 1 B 219 - B 333 - 
3dym,  B,  3,  a+b, 1 B 334 - B 624 - 
3dym,  B,  4,  b, 1 B 625 - B 730 - 
3dym,  B,  5,  b, 1 B 731 - B 1023 - 
3dym,  C,  1,  b, 1 C 13 - C 218 - 
3dym,  C,  2,  b, 1 C 219 - C 333 - 
3dym,  C,  3,  a+b, 1 C 334 - C 624 - 
3dym,  C,  4,  b, 1 C 625 - C 730 - 
3dym,  C,  5,  b, 1 C 731 - C 1023 - 
3dym,  D,  1,  b, 1 D 13 - D 218 - 
3dym,  D,  2,  b, 1 D 219 - D 333 - 
3dym,  D,  3,  a+b, 1 D 334 - D 624 - 
3dym,  D,  4,  b, 1 D 625 - D 730 - 
3dym,  D,  5,  b, 1 D 731 - D 1023 - 
2we7,  A,  1,  N/A, 1 A 4 - A 205 - 
2we7,  A,  2,  N/A, 1 A 206 - A 359 - 
2we7,  B,  1,  N/A, 1 B 4 - B 205 - 
2we7,  B,  2,  N/A, 1 B 206 - B 359 - 
2rdm,  A,  1,  a+b, 1 A 0 - A 123 - 
2rdm,  B,  1,  a+b, 1 B 2 - B 123 - 
2rdm,  C,  1,  a+b, 1 C 1 - C 123 - 
2ydt,  A,  1,  N/A, 1 A 22 - A 380 - 
3b3q,  A,  1,  a+b, 1 A 52 - A 635 - 
3b3q,  B,  1,  a+b, 1 B 52 - B 635 - 
3b3q,  E,  1,  b, 1 E 73 - E 291 - 
3b3q,  F,  1,  b, 1 F 73 - F 291 - 
2phx,  A,  1,  b, 1 A 2 - A 240 - 
2phx,  B,  1,  b, 1 B 2 - B 240 - 
3lz5,  A,  1,  a+b, 1 A 0 - A 312 - 
1b8f,  A,  1,  a, 1 A 1 - A 196 - 
1b8f,  A,  2,  a, 1 A 197 - A 509 - 
1jz5,  A,  1,  b, 1 A 13 - A 218 - 
1jz5,  A,  2,  b, 1 A 219 - A 333 - 
1jz5,  A,  3,  a+b, 1 A 334 - A 624 - 
1jz5,  A,  4,  b, 1 A 625 - A 730 - 
1jz5,  A,  5,  b, 1 A 731 - A 1023 - 
1jz5,  B,  1,  b, 1 B 13 - B 218 - 
1jz5,  B,  2,  b, 1 B 219 - B 333 - 
1jz5,  B,  3,  a+b, 1 B 334 - B 624 - 
1jz5,  B,  4,  b, 1 B 625 - B 730 - 
1jz5,  B,  5,  b, 1 B 731 - B 1023 - 
1jz5,  C,  1,  b, 1 C 13 - C 218 - 
1jz5,  C,  2,  b, 1 C 219 - C 333 - 
1jz5,  C,  3,  a+b, 1 C 334 - C 624 - 
1jz5,  C,  4,  b, 1 C 625 - C 730 - 
1jz5,  C,  5,  b, 1 C 731 - C 1023 - 
1jz5,  D,  1,  b, 1 D 13 - D 218 - 
1jz5,  D,  2,  b, 1 D 219 - D 333 - 
1jz5,  D,  3,  a+b, 1 D 334 - D 624 - 
1jz5,  D,  4,  b, 1 D 625 - D 730 - 
1jz5,  D,  5,  b, 1 D 731 - D 1023 - 
2phw,  A,  1,  b, 1 A 2 - A 240 - 
2phw,  B,  1,  b, 1 B 2 - B 240 - 
1cs6,  A,  1,  b, 1 A 105 - A 209 - 
1cs6,  A,  2,  b, 1 A 210 - A 298 - 
1cs6,  A,  3,  b, 1 A 7 - A 104 - 
1cs6,  A,  4,  b, 1 A 299 - A 388 - 
1ui0,  A,  1,  a+b, 1 A 2 - A 193 - 
1y6x,  A,  1,  N/A, 1 A 7 - A 93 - 
2atc,  B,  1,  a+b, 1 B 1 - B 100 - 
2atc,  B,  2,  b, 1 B 101 - B 152 - 
1y6v,  A,  1,  a+b, 1 A 1 - A 449 - 
1y6v,  B,  1,  a+b, 1 B 1 - B 449 - 
2bbr,  A,  1,  N/A, 1 A 2 - A 90 - 
2bbr,  A,  2,  N/A, 1 A 91 - A 195 - 
2bbj,  A,  1,  a+b, 1 A 9 - A 155 - 
2bbj,  A,  2,  a, 1 A 156 - A 273 - 
2bbj,  A,  3,  a, 1 A 274 - A 349 - 
2bbj,  B,  1,  a+b, 1 B 9 - B 155 - 
2bbj,  B,  2,  a, 1 B 156 - B 273 - 
2bbj,  B,  3,  a, 1 B 274 - B 349 - 
2bbj,  D,  1,  a+b, 1 D 9 - D 155 - 
2bbj,  D,  2,  a, 1 D 156 - D 273 - 
2bbj,  D,  3,  a, 1 D 274 - D 349 - 
2bbj,  E,  1,  a+b, 1 E 9 - E 155 - 
2bbj,  E,  2,  a, 1 E 156 - E 273 - 
2bbj,  E,  3,  a, 1 E 274 - E 349 - 
2bbj,  F,  1,  a+b, 1 F 9 - F 155 - 
2bbj,  F,  2,  a, 1 F 156 - F 273 - 
2bbj,  F,  3,  a, 1 F 274 - F 349 - 
1djg,  B,  1,  a, 1 B 158 - B 209 - 
1djg,  B,  2,  a, 1 B 210 - B 292 - 
1djg,  B,  3,  a+b, 1 B 293 - B 625 - 
1djg,  B,  4,  b, 1 B 626 - B 756 - 
1nek,  B,  1,  a+b, 1 B 1 - B 106 - 
1nek,  B,  2,  a, 1 B 107 - B 238 - 
1nek,  C,  1,  a, 1 C 1 - C 129 - 
1uii,  A,  1,  N/A, 1 A 92 - A 152 - 
1uii,  B,  1,  N/A, 1 B 92 - B 152 - 
3h64,  A,  1,  a+b, 1 A 176 - A 484 - 
3h64,  D,  1,  a+b, 1 D 182 - D 490 - 
1y60,  A,  1,  a+b, 1 A 2 - A 169 - 
1y60,  B,  1,  a+b, 1 B 1002 - B 1169 - 
1y60,  C,  1,  a+b, 1 C 2002 - C 2169 - 
1y60,  D,  1,  a+b, 1 D 3002 - D 3170 - 
1y60,  E,  1,  a+b, 1 E 4002 - E 4169 - 
1uie,  A,  1,  a, 1 A 1 - A 129 - 
3ckd,  A,  1,  a, 1 A 284 - A 364 - 
3ckd,  A,  2,  a, 1 A 365 - A 498 - 
3ckd,  A,  3,  a, 1 A 499 - A 565 - 
3ckd,  B,  1,  a, 1 B 285 - B 363 - 
3ckd,  B,  2,  a, 1 B 372 - B 498 - 
3ckd,  B,  3,  a, 1 B 499 - B 565 - 
3ckd,  C,  1,  a, 1 C 283 - C 364 - 
3ckd,  C,  2,  a, 1 C 365 - C 498 - 
3ckd,  C,  3,  a, 1 C 499 - C 565 - 
6gsp,  A,  1,  a+b, 1 A 1 - A 104 - 
3god,  A,  1,  N/A, 1 A 3 - A 113 - 
3god,  A,  2,  N/A, 1 A 114 - A 322 - 
3god,  B,  1,  N/A, 1 B 3 - B 113 - 
3god,  B,  2,  N/A, 1 B 114 - B 321 - 
3god,  C,  1,  N/A, 1 C 13 - C 100 - 
3god,  C,  2,  N/A, 1 C 113 - C 321 - 
3god,  D,  1,  N/A, 1 D 9 - D 99 - 
3god,  D,  2,  N/A, 1 D 114 - D 321 - 
2r5n,  A,  1,  a+b, 1 A 2 - A 326 - 
2r5n,  A,  2,  a+b, 1 A 327 - A 537 - 
2r5n,  A,  3,  a+b, 1 A 538 - A 667 - 
2r5n,  B,  1,  a+b, 1 B 2 - B 326 - 
2r5n,  B,  2,  a+b, 1 B 327 - B 537 - 
2r5n,  B,  3,  a+b, 1 B 538 - B 664 - 
1fx0,  A,  1,  b, 1 A 25 - A 94 - 
1fx0,  A,  2,  a+b, 1 A 95 - A 372 - 
1fx0,  A,  3,  a, 1 A 373 - A 501 - 
1fx0,  B,  1,  b, 1 B 19 - B 97 - 
1fx0,  B,  2,  a+b, 1 B 98 - B 374 - 
1fx0,  B,  3,  a, 1 B 375 - B 485 - 
1ok9,  A,  1,  b, 1 A 1 - A 64 - 
1ok9,  A,  2,  b, 1 A 65 - A 128 - 
1ok9,  A,  3,  b, 1 A 129 - A 191 - 
1ok9,  A,  4,  b, 1 A 192 - A 254 - 
1ok9,  B,  1,  b, 1 B 1 - B 64 - 
1ok9,  B,  2,  b, 1 B 65 - B 128 - 
1ok9,  B,  3,  b, 1 B 129 - B 191 - 
1ok9,  B,  4,  b, 1 B 192 - B 254 - 
3gov,  A,  1,  N/A, 1 A 298 - A 364 - 
3gov,  A,  2,  b, 1 A 365 - A 444 - 
3dyo,  A,  1,  b, 1 A 13 - A 218 - 
3dyo,  A,  2,  b, 1 A 219 - A 333 - 
3dyo,  A,  3,  a+b, 1 A 334 - A 624 - 
3dyo,  A,  4,  b, 1 A 625 - A 730 - 
3dyo,  A,  5,  b, 1 A 731 - A 1023 - 
3dyo,  B,  1,  b, 1 B 13 - B 218 - 
3dyo,  B,  2,  b, 1 B 219 - B 333 - 
3dyo,  B,  3,  a+b, 1 B 334 - B 624 - 
3dyo,  B,  4,  b, 1 B 625 - B 730 - 
3dyo,  B,  5,  b, 1 B 731 - B 1023 - 
3dyo,  C,  1,  b, 1 C 13 - C 218 - 
3dyo,  C,  2,  b, 1 C 219 - C 333 - 
3dyo,  C,  3,  a+b, 1 C 334 - C 624 - 
3dyo,  C,  4,  b, 1 C 625 - C 730 - 
3dyo,  C,  5,  b, 1 C 731 - C 1023 - 
3dyo,  D,  1,  b, 1 D 13 - D 218 - 
3dyo,  D,  2,  b, 1 D 219 - D 333 - 
3dyo,  D,  3,  a+b, 1 D 334 - D 624 - 
3dyo,  D,  4,  b, 1 D 625 - D 730 - 
3dyo,  D,  5,  b, 1 D 731 - D 1023 - 
3be1,  A,  1,  a+b, 1 A 1 - A 192 - 
3be1,  A,  2,  b, 1 A 193 - A 316 - 
3be1,  A,  3,  a+b, 1 A 317 - A 484 - 
3be1,  A,  4,  b, 1 A 485 - A 607 - 
3be1,  H,  1,  b, 1 H 1 - H 115 - 
3be1,  H,  2,  b, 1 H 116 - H 215 - 
3be1,  L,  1,  b, 1 L 1 - L 108 - 
3be1,  L,  2,  b, 1 L 109 - L 212 - 
1uic,  A,  1,  a, 1 A 1 - A 129 - 
1y6o,  A,  1,  a, 1 A 1 - A 131 - 
1y6o,  B,  1,  a, 1 B 1 - B 131 - 
1j82,  B,  1,  a+b, 1 B 24 - B 124 - 
2ck3,  A,  1,  b, 1 A 24 - A 93 - 
2ck3,  A,  2,  a+b, 1 A 94 - A 379 - 
2ck3,  A,  3,  a, 1 A 380 - A 510 - 
2ck3,  D,  1,  b, 1 D 9 - D 81 - 
2ck3,  D,  2,  a+b, 1 D 82 - D 357 - 
2ck3,  D,  3,  a, 1 D 358 - D 475 - 
2ck3,  E,  1,  b, 1 E 9 - E 81 - 
2ck3,  E,  2,  a+b, 1 E 82 - E 357 - 
2ck3,  E,  3,  a, 1 E 358 - E 474 - 
2ck3,  F,  1,  b, 1 F 9 - F 81 - 
2ck3,  F,  2,  a+b, 1 F 82 - F 357 - 
2ck3,  F,  3,  a, 1 F 358 - F 474 - 
2ck3,  H,  1,  N/A, 1 H 17 - H 103 - 
2ck3,  H,  2,  a, 1 H 104 - H 140 - 
2v27,  A,  1,  a, 1 A 4 - A 267 - 
2v27,  B,  1,  a, 1 B 4 - B 1007 - 
1wvf,  A,  1,  a+b, 1 A 7 - A 114 - 
1wvf,  A,  2,  a+b, 1 A 115 - A 242 - 
1wvf,  A,  3,  a+b, 1 A 243 - A 473 - 
1wvf,  A,  4,  a, 1 A 474 - A 521 - 
3e1f,  1,  1,  b, 1 1 13 - 1 218 - 
3e1f,  1,  2,  b, 1 1 219 - 1 333 - 
3e1f,  1,  3,  a+b, 1 1 334 - 1 624 - 
3e1f,  1,  4,  b, 1 1 625 - 1 730 - 
3e1f,  1,  5,  b, 1 1 731 - 1 1023 - 
3e1f,  2,  1,  b, 1 2 13 - 2 218 - 
3e1f,  2,  2,  b, 1 2 219 - 2 333 - 
3e1f,  2,  3,  a+b, 1 2 334 - 2 624 - 
3e1f,  2,  4,  b, 1 2 625 - 2 730 - 
3e1f,  2,  5,  b, 1 2 731 - 2 1023 - 
3e1f,  3,  1,  b, 1 3 13 - 3 218 - 
3e1f,  3,  2,  b, 1 3 219 - 3 333 - 
3e1f,  3,  3,  a+b, 1 3 334 - 3 624 - 
3e1f,  3,  4,  b, 1 3 625 - 3 730 - 
3e1f,  3,  5,  b, 1 3 731 - 3 1023 - 
3e1f,  4,  1,  b, 1 4 13 - 4 218 - 
3e1f,  4,  2,  b, 1 4 219 - 4 333 - 
3e1f,  4,  3,  a+b, 1 4 334 - 4 624 - 
3e1f,  4,  4,  b, 1 4 625 - 4 730 - 
3e1f,  4,  5,  b, 1 4 731 - 4 1023 - 
1y6d,  A,  1,  a, 1 A 1 - A 114 - 
1nbw,  B,  1,  a+b, 1 B 5 - B 117 - 
1nbw,  D,  1,  a+b, 1 D 5 - D 117 - 
1hh8,  A,  1,  a, 1 A 2 - A 193 - 
1re3,  A,  1,  a, 1 A 131 - A 190 - 
1re3,  D,  1,  a, 1 D 129 - D 191 - 
1djh,  B,  1,  a, 1 B 158 - B 209 - 
1djh,  B,  2,  a, 1 B 210 - B 292 - 
1djh,  B,  3,  a+b, 1 B 293 - B 625 - 
1djh,  B,  4,  b, 1 B 626 - B 756 - 
1y6m,  L,  1,  a, 1 L 12 - L 157 - 
1y6m,  R,  1,  b, 1 R 3 - R 103 - 
1y6m,  R,  2,  b, 1 R 104 - R 206 - 
1vyj,  A,  1,  a+b, 1 A 1 - A 257 - 
1vyj,  C,  1,  a+b, 1 C 1 - C 257 - 
1vyj,  E,  1,  a+b, 1 E 1 - E 257 - 
1vyj,  G,  1,  a+b, 1 G 1 - G 260 - 
1vyj,  I,  1,  a+b, 1 I 1 - I 257 - 
1vyj,  K,  1,  a+b, 1 K 1 - K 257 - 
8cgt,  A,  1,  a+b, 1 A 1 - A 400 - 
8cgt,  A,  2,  b, 1 A 401 - A 494 - 
8cgt,  A,  3,  b, 1 A 495 - A 580 - 
8cgt,  A,  4,  b, 1 A 581 - A 684 - 
1ui5,  A,  1,  N/A, 1 A 5 - A 212 - 
1ui5,  B,  1,  N/A, 1 B 5 - B 213 - 
2bbz,  A,  1,  N/A, 1 A 2 - A 90 - 
2bbz,  A,  2,  N/A, 1 A 91 - A 191 - 
2bbz,  B,  1,  N/A, 1 B 2 - B 90 - 
2bbz,  B,  2,  N/A, 1 B 91 - B 191 - 
2bbz,  C,  1,  N/A, 1 C 2 - C 90 - 
2bbz,  C,  2,  N/A, 1 C 91 - C 191 - 
2bbz,  D,  1,  N/A, 1 D 2 - D 90 - 
2bbz,  D,  2,  N/A, 1 D 91 - D 191 - 
1qmd,  A,  1,  a, 1 A 1 - A 250 - 
1qmd,  A,  2,  b, 1 A 251 - A 370 - 
1qmd,  B,  1,  a, 1 B 1 - B 250 - 
1qmd,  B,  2,  b, 1 B 251 - B 370 - 
2ph3,  A,  1,  a+b, 1 A 1 - A 245 - 
2ph3,  B,  1,  a+b, 1 B 2 - B 244 - 
2gy7,  B,  1,  b, 1 B 23 - B 121 - 
2gy7,  B,  2,  b, 1 B 122 - B 211 - 
2gy7,  B,  3,  b, 1 B 212 - B 346 - 
2gy7,  B,  4,  b, 1 B 347 - B 445 - 
1uig,  A,  1,  a, 1 A 1 - A 129 - 
2zme,  A,  1,  N/A, 1 A 34 - A 91 - 
2zme,  A,  2,  a, 1 A 92 - A 172 - 
2zme,  A,  3,  a, 1 A 173 - A 250 - 
2zme,  B,  1,  N/A, 1 B 172 - B 236 - 
2zme,  B,  2,  N/A, 1 B 237 - B 316 - 
2zme,  B,  3,  a, 1 B 317 - B 386 - 
2zme,  C,  1,  a, 1 C 4 - C 102 - 
2zme,  D,  1,  a, 1 D 5 - D 101 - 
2e8y,  A,  1,  N/A, 1 A 1 - A 101 - 
2e8y,  A,  2,  N/A, 1 A 102 - A 196 - 
2e8y,  A,  3,  N/A, 1 A 197 - A 622 - 
2e8y,  A,  4,  N/A, 1 A 623 - A 712 - 
2e8y,  B,  1,  N/A, 1 B 1 - B 101 - 
2e8y,  B,  2,  N/A, 1 B 102 - B 196 - 
2e8y,  B,  3,  N/A, 1 B 197 - B 622 - 
2e8y,  B,  4,  N/A, 1 B 623 - B 712 - 
2j7j,  A,  1,  a+b, 1 A 1 - A 28 - 
2j7j,  A,  2,  a+b, 1 A 29 - A 58 - 
2j7j,  A,  3,  a+b, 1 A 59 - A 85 - 
1g5h,  A,  1,  a+b, 1 A 41 - A 353 - 
1g5h,  A,  2,  a+b, 1 A 354 - A 469 - 
1g5h,  B,  1,  a+b, 1 B 40 - B 353 - 
1g5h,  B,  2,  a+b, 1 B 354 - B 460 - 
1g5h,  C,  1,  a+b, 1 C 41 - C 353 - 
1g5h,  C,  2,  a+b, 1 C 354 - C 469 - 
1g5h,  D,  1,  a+b, 1 D 40 - D 353 - 
1g5h,  D,  2,  a+b, 1 D 354 - D 468 - 
1ok3,  A,  1,  b, 1 A 2 - A 64 - 
1ok3,  A,  2,  b, 1 A 65 - A 128 - 
1ok3,  A,  3,  b, 1 A 129 - A 191 - 
1ok3,  A,  4,  b, 1 A 192 - A 254 - 
1ok3,  B,  1,  b, 1 B 2 - B 64 - 
1ok3,  B,  2,  b, 1 B 65 - B 128 - 
1ok3,  B,  3,  b, 1 B 129 - B 191 - 
1ok3,  B,  4,  b, 1 B 192 - B 254 - 
1mq2,  A,  1,  a, 1 A 10 - A 91 - 
1mq2,  A,  2,  a, 1 A 92 - A 148 - 
1mq2,  A,  3,  a+b, 1 A 149 - A 271 - 
1mq2,  A,  4,  a+b, 1 A 272 - A 335 - 
2jll,  A,  1,  N/A, 1 A 301 - A 399 - 
2jll,  A,  2,  N/A, 1 A 400 - A 494 - 
2jll,  A,  3,  N/A, 1 A 495 - A 592 - 
2jll,  A,  4,  b, 1 A 593 - A 689 - 
2phb,  B,  1,  b, 1 B 0 - B 50 - 
2d74,  A,  1,  a+b, 1 A 6 - A 204 - 
2d74,  A,  2,  b, 1 A 205 - A 319 - 
2d74,  A,  3,  b, 1 A 320 - A 412 - 
1brc,  I,  1,  a/b, 1 I 1 - I 56 - 
3hwt,  A,  1,  a, 1 A 257 - A 331 - 
3hwt,  A,  2,  a, 1 A 332 - A 385 - 
3hwt,  A,  3,  a+b, 1 A 386 - A 508 - 
3hwt,  A,  4,  a+b, 1 A 509 - A 575 - 
3hjl,  A,  1,  N/A, 1 A 5 - A 89 - 
3hjl,  A,  2,  N/A, 1 A 90 - A 195 - 
3hjl,  A,  3,  N/A, 1 A 196 - A 236 - 
3hjl,  A,  4,  a, 1 A 237 - A 325 - 
3kom,  A,  1,  a+b, 1 A 3 - A 326 - 
3kom,  A,  2,  a+b, 1 A 327 - A 538 - 
3kom,  A,  3,  a+b, 1 A 539 - A 663 - 
3kom,  B,  1,  a+b, 1 B 4 - B 326 - 
3kom,  B,  2,  a+b, 1 B 327 - B 538 - 
3kom,  B,  3,  a+b, 1 B 539 - B 663 - 
2vse,  A,  1,  N/A, 1 A 31 - A 298 - 
2vse,  A,  2,  N/A, 1 A 299 - A 440 - 
2vse,  A,  3,  N/A, 1 A 441 - A 581 - 
2vse,  A,  4,  N/A, 1 A 582 - A 724 - 
2vse,  A,  5,  N/A, 1 A 725 - A 866 - 
2vse,  B,  1,  N/A, 1 B 31 - B 298 - 
2vse,  B,  2,  N/A, 1 B 299 - B 440 - 
2vse,  B,  3,  N/A, 1 B 441 - B 581 - 
2vse,  B,  4,  N/A, 1 B 582 - B 724 - 
2vse,  B,  5,  N/A, 1 B 725 - B 866 - 
2www,  A,  1,  a, 1 A 75 - A 135 - 
2www,  A,  2,  a+b, 1 A 136 - A 351 - 
2www,  A,  3,  N/A, 1 A 352 - A 416 - 
2www,  B,  1,  a, 1 B 77 - B 135 - 
2www,  B,  2,  a+b, 1 B 136 - B 351 - 
2www,  B,  3,  N/A, 1 B 352 - B 416 - 
2www,  C,  1,  a, 1 C 84 - C 135 - 
2www,  C,  2,  a+b, 1 C 136 - C 351 - 
2www,  C,  3,  N/A, 1 C 352 - C 416 - 
2www,  D,  1,  a, 1 D 73 - D 135 - 
2www,  D,  2,  a+b, 1 D 136 - D 351 - 
2www,  D,  3,  N/A, 1 D 352 - D 416 - 
3g4s,  1,  1,  b, 1 1 1 - 1 56 - 
3g4s,  2,  1,  a, 1 2 1 - 2 49 - 
3g4s,  3,  1,  a+b, 1 3 1 - 3 92 - 
3g4s,  C,  1,  a+b, 1 C 1 - C 246 - 
3g4s,  D,  1,  a+b, 1 D 10 - D 174 - 
3g4s,  E,  1,  a+b, 1 E 1 - E 79 - 
3g4s,  E,  2,  a+b, 1 E 80 - E 172 - 
3g4s,  F,  1,  a+b, 1 F 1 - F 119 - 
3g4s,  H,  1,  a+b, 1 H 4 - H 174 - 
3g4s,  I,  1,  a, 1 I 66 - I 135 - 
3g4s,  J,  1,  a+b, 1 J 4 - J 145 - 
3g4s,  K,  1,  b, 1 K 1 - K 132 - 
3g4s,  M,  1,  a+b, 1 M 1 - M 194 - 
3g4s,  N,  1,  a+b, 1 N 1 - N 186 - 
3g4s,  O,  1,  a+b, 1 O 1 - O 115 - 
3g4s,  P,  1,  a, 1 P 1 - P 55 - 
3g4s,  P,  2,  a, 1 P 56 - P 88 - 
3g4s,  P,  3,  a, 1 P 89 - P 143 - 
3g4s,  Q,  1,  b, 1 Q 1 - Q 95 - 
3g4s,  R,  1,  a+b, 1 R 1 - R 150 - 
3g4s,  S,  1,  a+b, 1 S 1 - S 81 - 
3g4s,  T,  1,  b, 1 T 1 - T 119 - 
3g4s,  U,  1,  b, 1 U 4 - U 56 - 
3g4s,  V,  1,  a, 1 V 1 - V 65 - 
3g4s,  X,  1,  a+b, 1 X 7 - X 88 - 
3g4s,  Y,  1,  N/A, 1 Y 95 - Y 236 - 
3g4s,  Z,  1,  b, 1 Z 34 - Z 106 - 
1vyt,  A,  1,  b, 1 A 38 - A 175 - 
1vyt,  A,  2,  a+b, 1 A 176 - A 362 - 
1lt9,  A,  1,  a, 1 A 126 - A 190 - 
1lt9,  D,  1,  a, 1 D 133 - D 190 - 
1hhg,  A,  1,  a+b, 1 A 1 - A 181 - 
1hhg,  A,  2,  b, 1 A 182 - A 275 - 
1hhg,  B,  1,  b, 1 B 0 - B 99 - 
1hhg,  D,  1,  a+b, 1 D 1 - D 181 - 
1hhg,  D,  2,  b, 1 D 182 - D 275 - 
1hhg,  E,  1,  b, 1 E 0 - E 99 - 
2yde,  A,  1,  N/A, 1 A 1 - A 305 - 
2yde,  A,  2,  a, 1 A 306 - A 349 - 
1uid,  A,  1,  a, 1 A 1 - A 129 - 
2phu,  A,  1,  b, 1 A 2 - A 241 - 
2phu,  B,  1,  b, 1 B 2 - B 241 - 
3bin,  A,  1,  a+b, 1 A 108 - A 187 - 
3bin,  A,  2,  a, 1 A 188 - A 295 - 
3bin,  A,  3,  b, 1 A 296 - A 390 - 
1uio,  A,  1,  a+b, 1 A 4 - A 352 - 
3b3v,  A,  1,  a+b, 1 A 1 - A 291 - 
3h32,  A,  1,  a, 1 A 119 - A 192 - 
3h32,  D,  1,  a, 1 D 119 - D 192 - 
1sqf,  A,  1,  a, 1 A 5 - A 145 - 
1sqf,  A,  2,  a, 1 A 146 - A 172 - 
1sqf,  A,  3,  a+b, 1 A 173 - A 230 - 
1sqf,  A,  4,  a+b, 1 A 231 - A 429 - 
3b3i,  A,  1,  a+b, 1 A 1 - A 181 - 
3b3i,  A,  2,  b, 1 A 182 - A 276 - 
3b3i,  B,  1,  b, 1 B 0 - B 99 - 
1j8h,  B,  1,  a+b, 1 B 3 - B 91 - 
1j8h,  B,  2,  b, 1 B 92 - B 190 - 
1yq4,  B,  1,  a+b, 1 B 6 - B 114 - 
1yq4,  B,  2,  a, 1 B 115 - B 247 - 
1yq4,  C,  1,  a, 1 C 2 - C 32 - 
1yq4,  C,  2,  a, 1 C 33 - C 141 - 
1yq4,  D,  1,  a, 1 D 2 - D 103 - 
1miu,  B,  1,  N/A, 1 B 7 - B 63 - 
2y9y,  A,  1,  N/A, 1 A 791 - A 882 - 
2y9y,  A,  2,  a, 1 A 883 - A 938 - 
2y9y,  A,  3,  N/A, 1 A 939 - A 971 - 
2y9y,  A,  4,  N/A, 1 A 972 - A 1067 - 
1g5i,  A,  1,  a+b, 1 A 41 - A 353 - 
1g5i,  A,  2,  a+b, 1 A 354 - A 469 - 
1g5i,  B,  1,  a+b, 1 B 40 - B 353 - 
1g5i,  B,  2,  a+b, 1 B 354 - B 460 - 
1g5i,  C,  1,  a+b, 1 C 41 - C 353 - 
1g5i,  C,  2,  a+b, 1 C 354 - C 469 - 
1g5i,  D,  1,  a+b, 1 D 40 - D 353 - 
1g5i,  D,  2,  a+b, 1 D 354 - D 468 - 
2gws,  A,  1,  a, 1 A 249 - A 331 - 
2gws,  A,  2,  a, 1 A 332 - A 385 - 
2gws,  A,  3,  a+b, 1 A 386 - A 508 - 
2gws,  A,  4,  a+b, 1 A 509 - A 575 - 
2gws,  E,  1,  a, 1 E 250 - E 331 - 
2gws,  E,  2,  a, 1 E 332 - E 385 - 
2gws,  E,  3,  a+b, 1 E 386 - E 508 - 
2gws,  E,  4,  a+b, 1 E 509 - E 575 - 
2gws,  I,  1,  a, 1 I 250 - I 331 - 
2gws,  I,  2,  a, 1 I 332 - I 385 - 
2gws,  I,  3,  a+b, 1 I 386 - I 508 - 
2gws,  I,  4,  a+b, 1 I 509 - I 575 - 
2gws,  M,  1,  a, 1 M 250 - M 331 - 
2gws,  M,  2,  a, 1 M 332 - M 385 - 
2gws,  M,  3,  a+b, 1 M 386 - M 508 - 
2gws,  M,  4,  a+b, 1 M 509 - M 575 - 
2r5s,  A,  1,  a, 1 A 114 - A 196 - 
2r5s,  A,  2,  a, 1 A 197 - A 284 - 
2r5s,  B,  1,  a, 1 B 114 - B 196 - 
2r5s,  B,  2,  a, 1 B 197 - B 284 - 
3i56,  1,  1,  b, 1 1 1 - 1 56 - 
3i56,  2,  1,  a, 1 2 1 - 2 49 - 
3i56,  3,  1,  a+b, 1 3 1 - 3 92 - 
3i56,  C,  1,  a+b, 1 C 1 - C 246 - 
3i56,  D,  1,  a+b, 1 D 10 - D 174 - 
3i56,  E,  1,  a+b, 1 E 1 - E 79 - 
3i56,  E,  2,  a+b, 1 E 80 - E 172 - 
3i56,  F,  1,  a+b, 1 F 1 - F 119 - 
3i56,  H,  1,  a+b, 1 H 4 - H 174 - 
3i56,  I,  1,  a, 1 I 66 - I 135 - 
3i56,  J,  1,  a+b, 1 J 4 - J 145 - 
3i56,  K,  1,  b, 1 K 1 - K 132 - 
3i56,  M,  1,  a+b, 1 M 1 - M 194 - 
3i56,  N,  1,  a+b, 1 N 1 - N 186 - 
3i56,  O,  1,  a+b, 1 O 1 - O 115 - 
3i56,  P,  1,  a, 1 P 1 - P 55 - 
3i56,  P,  2,  a, 1 P 56 - P 88 - 
3i56,  P,  3,  a, 1 P 89 - P 143 - 
3i56,  Q,  1,  b, 1 Q 1 - Q 95 - 
3i56,  R,  1,  a+b, 1 R 1 - R 150 - 
3i56,  S,  1,  a+b, 1 S 1 - S 81 - 
3i56,  T,  1,  b, 1 T 1 - T 119 - 
3i56,  U,  1,  b, 1 U 4 - U 56 - 
3i56,  V,  1,  a, 1 V 1 - V 65 - 
3i56,  X,  1,  a+b, 1 X 7 - X 88 - 
3i56,  Y,  1,  N/A, 1 Y 95 - Y 236 - 
3i56,  Z,  1,  b, 1 Z 34 - Z 106 - 
1uiy,  A,  1,  a+b, 1 A 2 - A 198 - 
1uiy,  A,  2,  a, 1 A 199 - A 253 - 
2vab,  A,  1,  a+b, 1 A 1 - A 181 - 
2vab,  A,  2,  b, 1 A 182 - A 274 - 
2vab,  B,  1,  b, 1 B 1 - B 99 - 
1y65,  A,  1,  a+b, 1 A 0 - A 329 - 
2atw,  A,  1,  b, 1 A 107 - A 182 - 
2atw,  A,  2,  a+b, 1 A 183 - A 261 - 
2atw,  A,  3,  a+b, 1 A 262 - A 329 - 
2atw,  C,  1,  b, 1 C 105 - C 182 - 
2atw,  C,  2,  a+b, 1 C 183 - C 261 - 
2atw,  C,  3,  a+b, 1 C 262 - C 329 - 
2vsa,  A,  1,  N/A, 1 A 32 - A 298 - 
2vsa,  A,  2,  N/A, 1 A 299 - A 440 - 
2vsa,  A,  3,  N/A, 1 A 441 - A 581 - 
2vsa,  A,  4,  N/A, 1 A 582 - A 724 - 
2vsa,  A,  5,  N/A, 1 A 725 - A 866 - 
3mv0,  1,  1,  b, 1 1 13 - 1 218 - 
3mv0,  1,  2,  b, 1 1 219 - 1 333 - 
3mv0,  1,  3,  a+b, 1 1 334 - 1 624 - 
3mv0,  1,  4,  b, 1 1 625 - 1 730 - 
3mv0,  1,  5,  b, 1 1 731 - 1 1023 - 
3mv0,  2,  1,  b, 1 2 13 - 2 218 - 
3mv0,  2,  2,  b, 1 2 219 - 2 333 - 
3mv0,  2,  3,  a+b, 1 2 334 - 2 624 - 
3mv0,  2,  4,  b, 1 2 625 - 2 730 - 
3mv0,  2,  5,  b, 1 2 731 - 2 1023 - 
3mv0,  3,  1,  b, 1 3 13 - 3 218 - 
3mv0,  3,  2,  b, 1 3 219 - 3 333 - 
3mv0,  3,  3,  a+b, 1 3 334 - 3 624 - 
3mv0,  3,  4,  b, 1 3 625 - 3 730 - 
3mv0,  3,  5,  b, 1 3 731 - 3 1023 - 
3mv0,  4,  1,  b, 1 4 13 - 4 218 - 
3mv0,  4,  2,  b, 1 4 219 - 4 333 - 
3mv0,  4,  3,  a+b, 1 4 334 - 4 624 - 
3mv0,  4,  4,  b, 1 4 625 - 4 730 - 
3mv0,  4,  5,  b, 1 4 731 - 4 1023 - 
7cgt,  A,  1,  a+b, 1 A 1 - A 400 - 
7cgt,  A,  2,  b, 1 A 401 - A 494 - 
7cgt,  A,  3,  b, 1 A 495 - A 580 - 
7cgt,  A,  4,  b, 1 A 581 - A 684 - 
1ui1,  A,  1,  a+b, 1 A 2 - A 189 - 
3gdw,  A,  1,  a+b, 1 A 541 - A 675 - 
3gdw,  B,  1,  a+b, 1 B 541 - B 678 - 
3gdi,  A,  1,  N/A, 1 A 168 - A 315 - 
3gdi,  A,  2,  a+b, 1 A 316 - A 473 - 
3gdi,  B,  1,  N/A, 1 B 179 - B 315 - 
3gdi,  B,  2,  a+b, 1 B 316 - B 473 - 
1k5h,  A,  1,  a+b, 1 A 1 - A 150 - 
1k5h,  A,  2,  N/A, 1 A 151 - A 311 - 
1k5h,  A,  3,  a, 1 A 312 - A 398 - 
1k5h,  B,  1,  a+b, 1 B 1 - B 150 - 
1k5h,  B,  2,  N/A, 1 B 151 - B 311 - 
1k5h,  B,  3,  a, 1 B 312 - B 396 - 
1k5h,  C,  1,  a+b, 1 C 1 - C 150 - 
1k5h,  C,  2,  N/A, 1 C 151 - C 311 - 
1k5h,  C,  3,  a, 1 C 312 - C 398 - 
1dp0,  A,  1,  b, 1 A 13 - A 218 - 
1dp0,  A,  2,  b, 1 A 219 - A 333 - 
1dp0,  A,  3,  a+b, 1 A 334 - A 624 - 
1dp0,  A,  4,  b, 1 A 625 - A 730 - 
1dp0,  A,  5,  b, 1 A 731 - A 1023 - 
1dp0,  B,  1,  b, 1 B 13 - B 218 - 
1dp0,  B,  2,  b, 1 B 219 - B 333 - 
1dp0,  B,  3,  a+b, 1 B 334 - B 624 - 
1dp0,  B,  4,  b, 1 B 625 - B 730 - 
1dp0,  B,  5,  b, 1 B 731 - B 1023 - 
1dp0,  C,  1,  b, 1 C 13 - C 218 - 
1dp0,  C,  2,  b, 1 C 219 - C 333 - 
1dp0,  C,  3,  a+b, 1 C 334 - C 624 - 
1dp0,  C,  4,  b, 1 C 625 - C 730 - 
1dp0,  C,  5,  b, 1 C 731 - C 1023 - 
1dp0,  D,  1,  b, 1 D 13 - D 218 - 
1dp0,  D,  2,  b, 1 D 219 - D 333 - 
1dp0,  D,  3,  a+b, 1 D 334 - D 624 - 
1dp0,  D,  4,  b, 1 D 625 - D 730 - 
1dp0,  D,  5,  b, 1 D 731 - D 1023 - 
1y6r,  A,  1,  a+b, 1 A -1 - A 232 - 
1y6r,  B,  1,  a+b, 1 B 1 - B 232 - 
1pgj,  A,  1,  a+b, 1 A 1 - A 186 - 
1pgj,  A,  2,  a, 1 A 187 - A 444 - 
1pgj,  A,  3,  a, 1 A 445 - A 478 - 
1pgj,  B,  1,  a+b, 1 B 1 - B 186 - 
1pgj,  B,  2,  a, 1 B 187 - B 444 - 
1pgj,  B,  3,  a, 1 B 445 - B 478 - 
1hn1,  A,  1,  b, 1 A 13 - A 218 - 
1hn1,  A,  2,  b, 1 A 219 - A 333 - 
1hn1,  A,  3,  a+b, 1 A 334 - A 624 - 
1hn1,  A,  4,  b, 1 A 625 - A 730 - 
1hn1,  A,  5,  b, 1 A 731 - A 1023 - 
1hn1,  B,  1,  b, 1 B 13 - B 218 - 
1hn1,  B,  2,  b, 1 B 219 - B 333 - 
1hn1,  B,  3,  a+b, 1 B 334 - B 624 - 
1hn1,  B,  4,  b, 1 B 625 - B 730 - 
1hn1,  B,  5,  b, 1 B 731 - B 1023 - 
1hn1,  C,  1,  b, 1 C 13 - C 218 - 
1hn1,  C,  2,  b, 1 C 219 - C 333 - 
1hn1,  C,  3,  a+b, 1 C 334 - C 624 - 
1hn1,  C,  4,  b, 1 C 625 - C 730 - 
1hn1,  C,  5,  b, 1 C 731 - C 1023 - 
1hn1,  D,  1,  b, 1 D 13 - D 218 - 
1hn1,  D,  2,  b, 1 D 219 - D 333 - 
1hn1,  D,  3,  a+b, 1 D 334 - D 624 - 
1hn1,  D,  4,  b, 1 D 625 - D 730 - 
1hn1,  D,  5,  b, 1 D 731 - D 1023 - 
1jz6,  A,  1,  b, 1 A 13 - A 218 - 
1jz6,  A,  2,  b, 1 A 219 - A 333 - 
1jz6,  A,  3,  a+b, 1 A 334 - A 624 - 
1jz6,  A,  4,  b, 1 A 625 - A 730 - 
1jz6,  A,  5,  b, 1 A 731 - A 1023 - 
1jz6,  B,  1,  b, 1 B 13 - B 218 - 
1jz6,  B,  2,  b, 1 B 219 - B 333 - 
1jz6,  B,  3,  a+b, 1 B 334 - B 624 - 
1jz6,  B,  4,  b, 1 B 625 - B 730 - 
1jz6,  B,  5,  b, 1 B 731 - B 1023 - 
1jz6,  C,  1,  b, 1 C 13 - C 218 - 
1jz6,  C,  2,  b, 1 C 219 - C 333 - 
1jz6,  C,  3,  a+b, 1 C 334 - C 624 - 
1jz6,  C,  4,  b, 1 C 625 - C 730 - 
1jz6,  C,  5,  b, 1 C 731 - C 1023 - 
1jz6,  D,  1,  b, 1 D 13 - D 218 - 
1jz6,  D,  2,  b, 1 D 219 - D 333 - 
1jz6,  D,  3,  a+b, 1 D 334 - D 624 - 
1jz6,  D,  4,  b, 1 D 625 - D 730 - 
1jz6,  D,  5,  b, 1 D 731 - D 1023 - 
1twc,  E,  1,  a+b, 1 E 1 - E 142 - 
1twc,  E,  2,  a+b, 1 E 143 - E 215 - 
1twc,  F,  1,  a+b, 1 F 72 - F 154 - 
1twc,  H,  1,  b, 1 H 2 - H 146 - 
1twc,  I,  1,  b, 1 I 1 - I 46 - 
1twc,  I,  2,  b, 1 I 47 - I 121 - 
1twc,  J,  1,  a, 1 J 1 - J 64 - 
1twc,  K,  1,  a+b, 1 K 1 - K 114 - 
1twc,  L,  1,  b, 1 L 25 - L 70 - 
1z5h,  A,  1,  N/A, 1 A 1 - A 170 - 
1z5h,  A,  2,  N/A, 1 A 171 - A 415 - 
1z5h,  A,  3,  N/A, 1 A 416 - A 488 - 
1z5h,  A,  4,  N/A, 1 A 489 - A 780 - 
1z5h,  B,  1,  N/A, 1 B 1 - B 170 - 
1z5h,  B,  2,  N/A, 1 B 171 - B 415 - 
1z5h,  B,  3,  N/A, 1 B 416 - B 488 - 
1z5h,  B,  4,  N/A, 1 B 489 - B 780 - 
3b3s,  A,  1,  a+b, 1 A 1 - A 291 - 
3gob,  A,  1,  N/A, 1 A 1 - A 131 - 
3gob,  A,  2,  N/A, 1 A 132 - A 342 - 
3gob,  B,  1,  N/A, 1 B 2 - B 131 - 
3gob,  B,  2,  N/A, 1 B 132 - B 342 - 
3gob,  C,  1,  N/A, 1 C 1 - C 131 - 
3gob,  C,  2,  N/A, 1 C 132 - C 342 - 
1vyd,  A,  1,  a, 1 A 1 - A 116 - 
1vyd,  B,  1,  a, 1 B 1 - B 116 - 
2van,  A,  1,  a, 1 A 91 - A 148 - 
2van,  A,  2,  a+b, 1 A 149 - A 265 - 
2van,  A,  3,  a+b, 1 A 266 - A 335 - 
1ok1,  A,  1,  b, 1 A 1 - A 64 - 
1ok1,  A,  2,  b, 1 A 65 - A 128 - 
1ok1,  A,  3,  b, 1 A 129 - A 191 - 
1ok1,  A,  4,  b, 1 A 192 - A 254 - 
1ok1,  B,  1,  b, 1 B 2 - B 64 - 
1ok1,  B,  2,  b, 1 B 65 - B 128 - 
1ok1,  B,  3,  b, 1 B 129 - B 191 - 
1ok1,  B,  4,  b, 1 B 192 - B 254 - 
1kf6,  C,  1,  a, 1 C 1 - C 130 - 
1kf6,  D,  1,  a, 1 D 0 - D 118 - 
1kf6,  O,  1,  a, 1 O 1 - O 130 - 
1kf6,  P,  1,  a, 1 P 0 - P 118 - 
1re0,  A,  1,  a+b, 1 A 18 - A 179 - 
1re0,  B,  1,  a, 1 B 95 - B 174 - 
1re0,  B,  2,  a, 1 B 175 - B 315 - 
1rec,  A,  1,  a, 1 A 9 - A 97 - 
1rec,  A,  2,  a, 1 A 98 - A 198 - 
1uib,  A,  1,  a, 1 A 1 - A 129 - 
3b3x,  A,  1,  a+b, 1 A 31 - A 290 - 
3b3x,  B,  1,  a+b, 1 B 31 - B 290 - 
1pgp,  A,  1,  a+b, 1 A 1 - A 180 - 
1pgp,  A,  2,  a, 1 A 181 - A 435 - 
1pgp,  A,  3,  a, 1 A 436 - A 473 - 
2bbm,  A,  1,  a, 1 A 1 - A 77 - 
2bbm,  A,  2,  a, 1 A 78 - A 148 - 
3muz,  1,  1,  b, 1 1 13 - 1 218 - 
3muz,  1,  2,  b, 1 1 219 - 1 333 - 
3muz,  1,  3,  a+b, 1 1 334 - 1 624 - 
3muz,  1,  4,  b, 1 1 625 - 1 730 - 
3muz,  1,  5,  b, 1 1 731 - 1 1023 - 
3muz,  2,  1,  b, 1 2 13 - 2 218 - 
3muz,  2,  2,  b, 1 2 219 - 2 333 - 
3muz,  2,  3,  a+b, 1 2 334 - 2 624 - 
3muz,  2,  4,  b, 1 2 625 - 2 730 - 
3muz,  2,  5,  b, 1 2 731 - 2 1023 - 
3muz,  3,  1,  b, 1 3 13 - 3 218 - 
3muz,  3,  2,  b, 1 3 219 - 3 333 - 
3muz,  3,  3,  a+b, 1 3 334 - 3 624 - 
3muz,  3,  4,  b, 1 3 625 - 3 730 - 
3muz,  3,  5,  b, 1 3 731 - 3 1023 - 
3muz,  4,  1,  b, 1 4 13 - 4 218 - 
3muz,  4,  2,  b, 1 4 219 - 4 333 - 
3muz,  4,  3,  a+b, 1 4 334 - 4 624 - 
3muz,  4,  4,  b, 1 4 625 - 4 730 - 
3muz,  4,  5,  b, 1 4 731 - 4 1023 - 
2ioq,  A,  1,  a+b, 1 A 15 - A 229 - 
2ioq,  A,  2,  N/A, 1 A 230 - A 400 - 
2ioq,  A,  3,  N/A, 1 A 401 - A 490 - 
2ioq,  A,  4,  N/A, 1 A 491 - A 624 - 
2ioq,  B,  1,  a+b, 1 B 8 - B 229 - 
2ioq,  B,  2,  N/A, 1 B 230 - B 400 - 
2ioq,  B,  3,  N/A, 1 B 401 - B 486 - 
2ioq,  B,  4,  N/A, 1 B 501 - B 624 - 
2rd8,  A,  1,  a+b, 1 A 26 - A 308 - 
2rd8,  B,  1,  a+b, 1 B 26 - B 309 - 
1mhc,  A,  1,  a+b, 1 A 1 - A 181 - 
1mhc,  A,  2,  b, 1 A 182 - A 276 - 
1mhc,  B,  1,  b, 1 B 1 - B 99 - 
1mhc,  D,  1,  a+b, 1 D 1 - D 181 - 
1mhc,  D,  2,  b, 1 D 182 - D 276 - 
1mhc,  E,  1,  b, 1 E 1 - E 99 - 
2wel,  A,  1,  N/A, 1 A -1 - A 93 - 
2wel,  A,  2,  a, 1 A 94 - A 276 - 
2wel,  A,  3,  N/A, 1 A 281 - A 316 - 
1uit,  A,  1,  b, 1 A 1 - A 117 - 
1mcx,  A,  1,  a, 1 A 41 - A 113 - 
1mcx,  A,  2,  a, 1 A 114 - A 187 - 
1mcx,  A,  3,  a, 1 A 188 - A 273 - 
1mcx,  A,  4,  a, 1 A 274 - A 344 - 
1twg,  E,  1,  a+b, 1 E 1 - E 142 - 
1twg,  E,  2,  a+b, 1 E 143 - E 215 - 
1twg,  F,  1,  a+b, 1 F 72 - F 154 - 
1twg,  H,  1,  b, 1 H 2 - H 146 - 
1twg,  I,  1,  b, 1 I 1 - I 46 - 
1twg,  I,  2,  b, 1 I 47 - I 121 - 
1twg,  J,  1,  a, 1 J 1 - J 64 - 
1twg,  K,  1,  a+b, 1 K 1 - K 114 - 
1twg,  L,  1,  b, 1 L 25 - L 70 - 
3a2f,  B,  1,  a+b, 1 B 2 - B 248 - 
1t8e,  B,  1,  a+b, 1 B 2 - B 107 - 
3boa,  A,  1,  a+b, 1 A 24 - A 140 - 
3boa,  A,  2,  N/A, 1 A 141 - A 239 - 
3boa,  A,  3,  N/A, 1 A 240 - A 362 - 
3boa,  A,  4,  a+b, 1 A 363 - A 513 - 
1uik,  A,  1,  b, 1 A 148 - A 348 - 
1uik,  A,  2,  b, 1 A 349 - A 535 - 
1uik,  B,  1,  b, 1 B 148 - B 348 - 
1uik,  B,  2,  b, 1 B 349 - B 535 - 
1uik,  C,  1,  b, 1 C 148 - C 348 - 
1uik,  C,  2,  b, 1 C 349 - C 535 - 
1y6k,  L,  1,  a, 1 L 12 - L 156 - 
1y6k,  R,  1,  b, 1 R 2 - R 103 - 
1y6k,  R,  2,  b, 1 R 104 - R 206 - 
1y6n,  L,  1,  a, 1 L 12 - L 157 - 
1y6n,  R,  1,  b, 1 R 2 - R 103 - 
1y6n,  R,  2,  b, 1 R 104 - R 203 - 
1ok2,  A,  1,  b, 1 A 1 - A 64 - 
1ok2,  A,  2,  b, 1 A 65 - A 128 - 
1ok2,  A,  3,  b, 1 A 129 - A 191 - 
1ok2,  A,  4,  b, 1 A 192 - A 254 - 
1ok2,  B,  1,  b, 1 B 2 - B 64 - 
1ok2,  B,  2,  b, 1 B 65 - B 128 - 
1ok2,  B,  3,  b, 1 B 129 - B 191 - 
1ok2,  B,  4,  b, 1 B 192 - B 254 - 
2gy5,  A,  1,  b, 1 A 23 - A 121 - 
2gy5,  A,  2,  b, 1 A 122 - A 211 - 
2gy5,  A,  3,  b, 1 A 212 - A 346 - 
2gy5,  A,  4,  b, 1 A 347 - A 445 - 
7wga,  A,  1,  a+b, 1 A 2 - A 42 - 
7wga,  A,  2,  a+b, 1 A 43 - A 85 - 
7wga,  A,  3,  a+b, 1 A 86 - A 128 - 
7wga,  A,  4,  a+b, 1 A 129 - A 171 - 
7wga,  B,  1,  a+b, 1 B 2 - B 42 - 
7wga,  B,  2,  a+b, 1 B 43 - B 85 - 
7wga,  B,  3,  a+b, 1 B 86 - B 128 - 
7wga,  B,  4,  a+b, 1 B 129 - B 171 - 
1vyr,  A,  1,  a+b, 1 A 2 - A 364 - 
2iub,  A,  1,  a+b, 1 A 5 - A 155 - 
2iub,  A,  2,  a, 1 A 156 - A 273 - 
2iub,  A,  3,  a, 1 A 274 - A 349 - 
2iub,  B,  1,  a+b, 1 B 5 - B 155 - 
2iub,  B,  2,  a, 1 B 156 - B 273 - 
2iub,  B,  3,  a, 1 B 274 - B 349 - 
2iub,  C,  1,  a+b, 1 C 6 - C 155 - 
2iub,  C,  2,  a, 1 C 156 - C 273 - 
2iub,  C,  3,  a, 1 C 274 - C 349 - 
2iub,  D,  1,  a+b, 1 D 5 - D 155 - 
2iub,  D,  2,  a, 1 D 156 - D 273 - 
2iub,  D,  3,  a, 1 D 274 - D 349 - 
2iub,  E,  1,  a+b, 1 E 5 - E 155 - 
2iub,  E,  2,  a, 1 E 156 - E 273 - 
2iub,  E,  3,  a, 1 E 274 - E 349 - 
2iub,  F,  1,  a+b, 1 F 5 - F 155 - 
2iub,  F,  2,  a, 1 F 156 - F 273 - 
2iub,  F,  3,  a, 1 F 274 - F 349 - 
2iub,  G,  1,  a+b, 1 G 5 - G 155 - 
2iub,  G,  2,  a, 1 G 156 - G 273 - 
2iub,  G,  3,  a, 1 G 274 - G 349 - 
2iub,  H,  1,  a+b, 1 H 6 - H 155 - 
2iub,  H,  2,  a, 1 H 156 - H 273 - 
2iub,  H,  3,  a, 1 H 274 - H 349 - 
2iub,  I,  1,  a+b, 1 I 7 - I 155 - 
2iub,  I,  2,  a, 1 I 156 - I 273 - 
2iub,  I,  3,  a, 1 I 274 - I 349 - 
2iub,  J,  1,  a+b, 1 J 5 - J 155 - 
2iub,  J,  2,  a, 1 J 156 - J 273 - 
2iub,  J,  3,  a, 1 J 274 - J 349 - 
1y64,  B,  1,  N/A, 1 B 1350 - B 1411 - 
1y64,  B,  2,  N/A, 1 B 1412 - B 1537 - 
1y64,  B,  3,  N/A, 1 B 1538 - B 1760 - 
2vam,  A,  1,  a+b, 1 A 12 - A 220 - 
2vam,  A,  2,  a+b, 1 A 221 - A 315 - 
1b8u,  A,  1,  a+b, 1 A 3 - A 157 - 
1b8u,  A,  2,  a+b, 1 A 158 - A 329 - 
1j88,  A,  1,  b, 1 A 4 - A 84 - 
1j88,  A,  2,  b, 1 A 85 - A 171 - 
1j88,  B,  1,  b, 1 B 4 - B 84 - 
1j88,  B,  2,  b, 1 B 85 - B 171 - 
1j88,  C,  1,  b, 1 C 4 - C 84 - 
1j88,  C,  2,  b, 1 C 85 - C 171 - 
1j88,  D,  1,  b, 1 D 4 - D 84 - 
1j88,  D,  2,  b, 1 D 85 - D 171 - 
1j88,  E,  1,  b, 1 E 4 - E 84 - 
1j88,  E,  2,  b, 1 E 85 - E 171 - 
1uip,  A,  1,  a+b, 1 A 4 - A 352 - 
3ew9,  A,  1,  a, 1 A 2 - A 66 - 
3ew9,  A,  2,  a+b, 1 A 67 - A 322 - 
1y62,  A,  1,  a/b, 1 A 3 - A 58 - 
1y62,  B,  1,  a/b, 1 B 3 - B 58 - 
1y62,  C,  1,  a/b, 1 C 3 - C 58 - 
1y62,  D,  1,  a/b, 1 D 3 - D 58 - 
1y62,  E,  1,  a/b, 1 E 3 - E 58 - 
1y62,  F,  1,  a/b, 1 F 3 - F 58 - 
1dji,  B,  1,  a, 1 B 158 - B 209 - 
1dji,  B,  2,  a, 1 B 210 - B 292 - 
1dji,  B,  3,  a+b, 1 B 293 - B 625 - 
1dji,  B,  4,  b, 1 B 626 - B 756 - 
1w6l,  A,  1,  b, 1 A 2 - A 175 - 
1w6l,  A,  2,  b, 1 A 176 - A 356 - 
1w6l,  A,  3,  b, 1 A 357 - A 511 - 
1y66,  A,  1,  N/A, 1 A 3 - A 52 - 
1y66,  B,  1,  N/A, 1 B 5 - B 50 - 
1y66,  C,  1,  N/A, 1 C 3 - C 46 - 
1y66,  D,  1,  N/A, 1 D 5 - D 50 - 
1jz3,  A,  1,  b, 1 A 13 - A 218 - 
1jz3,  A,  2,  b, 1 A 219 - A 333 - 
1jz3,  A,  3,  a+b, 1 A 334 - A 624 - 
1jz3,  A,  4,  b, 1 A 625 - A 730 - 
1jz3,  A,  5,  b, 1 A 731 - A 1023 - 
1jz3,  B,  1,  b, 1 B 13 - B 218 - 
1jz3,  B,  2,  b, 1 B 219 - B 333 - 
1jz3,  B,  3,  a+b, 1 B 334 - B 624 - 
1jz3,  B,  4,  b, 1 B 625 - B 730 - 
1jz3,  B,  5,  b, 1 B 731 - B 1023 - 
1jz3,  C,  1,  b, 1 C 13 - C 218 - 
1jz3,  C,  2,  b, 1 C 219 - C 333 - 
1jz3,  C,  3,  a+b, 1 C 334 - C 624 - 
1jz3,  C,  4,  b, 1 C 625 - C 730 - 
1jz3,  C,  5,  b, 1 C 731 - C 1023 - 
1jz3,  D,  1,  b, 1 D 13 - D 218 - 
1jz3,  D,  2,  b, 1 D 219 - D 333 - 
1jz3,  D,  3,  a+b, 1 D 334 - D 624 - 
1jz3,  D,  4,  b, 1 D 625 - D 730 - 
1jz3,  D,  5,  b, 1 D 731 - D 1023 - 
1uis,  A,  1,  b, 1 A -1 - A 225 - 
1uis,  B,  1,  b, 1 B -1 - B 225 - 
1pgq,  A,  1,  a+b, 1 A 1 - A 180 - 
1pgq,  A,  2,  a, 1 A 181 - A 435 - 
1pgq,  A,  3,  a, 1 A 436 - A 473 - 
3ewf,  A,  1,  a+b, 1 A 14 - A 377 - 
3ewf,  B,  1,  a+b, 1 B 14 - B 377 - 
3ewf,  C,  1,  a+b, 1 C 14 - C 377 - 
3ewf,  D,  1,  a+b, 1 D 14 - D 377 - 
1sqg,  A,  1,  a, 1 A 5 - A 145 - 
1sqg,  A,  2,  a, 1 A 146 - A 172 - 
1sqg,  A,  3,  a+b, 1 A 173 - A 230 - 
1sqg,  A,  4,  a+b, 1 A 231 - A 428 - 
2r5w,  A,  1,  N/A, 1 A 1 - A 196 - 
2r5w,  A,  2,  N/A, 1 A 197 - A 344 - 
2r5w,  B,  1,  N/A, 1 B 1 - B 196 - 
2r5w,  B,  2,  N/A, 1 B 197 - B 345 - 
1pi3,  A,  1,  a+b, 1 A 2 - A 179 - 
1pi3,  A,  2,  a+b, 1 A 180 - A 341 - 
1pi3,  A,  3,  a+b, 1 A 342 - A 524 - 
1vym,  A,  1,  a+b, 1 A 1 - A 256 - 
1vym,  B,  1,  a+b, 1 B 1 - B 256 - 
1vym,  C,  1,  a+b, 1 C 1 - C 256 - 
1vyg,  A,  1,  b, 1 A -1 - A 133 - 
1ebd,  C,  1,  a/b, 1 C 130 - C 170 - 
2e9w,  A,  1,  b, 1 A 33 - A 116 - 
2e9w,  A,  2,  b, 1 A 117 - A 207 - 
2e9w,  A,  3,  b, 1 A 208 - A 310 - 
2e9w,  A,  4,  b, 1 A 311 - A 412 - 
2e9w,  A,  5,  b, 1 A 413 - A 507 - 
2e9w,  B,  1,  b, 1 B 33 - B 116 - 
2e9w,  B,  2,  b, 1 B 117 - B 207 - 
2e9w,  B,  3,  b, 1 B 208 - B 310 - 
2e9w,  B,  4,  b, 1 B 311 - B 412 - 
2e9w,  B,  5,  b, 1 B 413 - B 507 - 
2e9w,  C,  1,  a, 1 C 2 - C 140 - 
2e9w,  D,  1,  a, 1 D 3 - D 130 - 
1vyi,  A,  1,  N/A, 1 A 186 - A 296 - 
