PDB , Chain , Length, Interaction Energy, Density, Radius of Gyration
2prg , A ,  271 ,  2.520 ,  0.046 ,  20.017
1h7z , A ,  191 ,  1.972 ,  0.048 ,  17.513
1aol , A ,  228 ,  2.282 ,  0.046 ,  20.028
1b13 , A ,  54 ,  0.935 ,  0.061 ,  10.918
1e6i , A ,  110 ,  1.387 ,  0.049 ,  14.374
1b8q , A ,  127 ,  1.370 ,  0.042 ,  15.671
1ckv , A ,  141 ,  0.511 ,  0.019 ,  24.467
1a85 , A ,  158 ,  1.960 ,  0.059 ,  31.998
1qoy , A ,  303 ,  1.791 ,  0.016 ,  30.888
1z60 , A ,  59 ,  0.991 ,  0.060 ,  11.218
1f3y , A ,  165 ,  1.697 ,  0.052 ,  17.792
1e9t , A ,  59 ,  0.770 ,  0.048 ,  12.522
1fm0 , D ,  81 ,  1.210 ,  0.057 ,  12.213
1cma , A ,  104 ,  1.261 ,  0.039 ,  17.014
1g8t , A ,  242 ,  2.593 ,  0.059 ,  17.999
1cr8 , A ,  42 ,  0.746 ,  0.051 ,  19.149
1jov , A ,  281 ,  2.880 ,  0.058 ,  18.444
1rv1 , A ,  85 ,  1.213 ,  0.053 ,  12.912
1dhs , A ,  344 ,  2.856 ,  0.037 ,  23.524
1avp , A ,  204 ,  2.291 ,  0.057 ,  31.420
1a5y , A ,  283 ,  2.721 ,  0.053 ,  26.750
1j1h , A ,  123 ,  1.544 ,  0.054 ,  23.006
1ija , A ,  148 ,  1.925 ,  0.059 ,  14.845
1r7l , A ,  103 ,  1.236 ,  0.048 ,  14.802
2aj7 , A ,  161 ,  1.689 ,  0.040 ,  19.351
1ssl , A ,  48 ,  0.868 ,  0.062 ,  12.096
1jid , A ,  114 ,  1.370 ,  0.051 ,  14.976
1c8z , A ,  284 ,  2.868 ,  0.057 ,  20.176
2gmq , A ,  106 ,  1.447 ,  0.057 ,  13.574
1dvk , A ,  149 ,  1.809 ,  0.055 ,  16.557
2jne , A ,  71 ,  0.859 ,  0.034 ,  49.551
1bw3 , A ,  125 ,  1.639 ,  0.057 ,  14.611
1ehs , A ,  48 ,  0.758 ,  0.042 ,  11.625
1a73 , A ,  162 ,  1.462 ,  0.029 ,  19.967
1fqt , A ,  113 ,  1.581 ,  0.065 ,  14.120
1oxw , A ,  349 ,  3.276 ,  0.054 ,  21.846
1oqv , A ,  171 ,  2.085 ,  0.062 ,  16.146
1mp1 , A ,  111 ,  1.502 ,  0.057 ,  13.390
1b8z , A ,  67 ,  0.756 ,  0.028 ,  15.262
1am2 , A ,  181 ,  1.859 ,  0.049 ,  17.221
2hi7 , A ,  188 ,  1.928 ,  0.047 ,  17.618
1c5e , A ,  95 ,  1.360 ,  0.062 ,  13.032
1a2i , A ,  107 ,  1.350 ,  0.047 ,  14.131
1rrz , A ,  66 ,  0.992 ,  0.049 ,  12.791
2isb , A ,  190 ,  2.237 ,  0.061 ,  16.492
1dt4 , A ,  73 ,  1.100 ,  0.053 ,  12.211
1ln0 , A ,  92 ,  1.272 ,  0.055 ,  13.448
1bor , A ,  56 ,  1.073 ,  0.078 ,  9.769
1cn3 , A ,  283 ,  2.266 ,  0.038 ,  26.673
1a33 , A ,  174 ,  2.133 ,  0.064 ,  15.707
1bow , A ,  143 ,  1.761 ,  0.053 ,  15.937
1ad6 , A ,  185 ,  2.027 ,  0.051 ,  19.020
1aja , A ,  435 ,  3.683 ,  0.051 ,  23.602
1adr , A ,  76 ,  1.117 ,  0.059 ,  12.000
1j3m , A ,  127 ,  1.463 ,  0.042 ,  15.616
1y0k , A ,  180 ,  1.946 ,  0.052 ,  16.478
1so9 , A ,  131 ,  1.367 ,  0.038 ,  16.207
1gtd , A ,  76 ,  0.754 ,  0.023 ,  16.893
1fw9 , A ,  164 ,  1.955 ,  0.057 ,  14.822
1b2p , A ,  119 ,  1.379 ,  0.048 ,  15.266
1a2z , A ,  220 ,  2.452 ,  0.058 ,  19.066
1g57 , A ,  205 ,  2.267 ,  0.058 ,  17.197
1nyc , A ,  111 ,  1.369 ,  0.050 ,  13.941
1bh3 , A ,  289 ,  2.553 ,  0.041 ,  20.563
1b0y , A ,  85 ,  1.285 ,  0.061 ,  11.861
1dm9 , A ,  104 ,  0.923 ,  0.044 ,  14.622
11as , A ,  327 ,  3.022 ,  0.052 ,  19.638
1n81 , A ,  186 ,  1.961 ,  0.042 ,  20.248
1occ , A ,  514 ,  4.013 ,  0.051 ,  43.055
1jr5 , A ,  90 ,  1.324 ,  0.062 ,  15.188
1lm5 , A ,  189 ,  2.038 ,  0.058 ,  16.558
1mzg , A ,  140 ,  1.614 ,  0.045 ,  19.011
101m , A ,  154 ,  1.824 ,  0.049 ,  15.687
1txo , A ,  230 ,  2.498 ,  0.056 ,  17.467
1ilv , A ,  235 ,  2.329 ,  0.045 ,  20.166
1wfe , A ,  86 ,  0.353 ,  0.006 ,  29.031
1aro , L ,  149 ,  1.845 ,  0.058 ,  15.981
1gwy , A ,  175 ,  2.144 ,  0.063 ,  15.209
1d9n , A ,  75 ,  0.943 ,  0.045 ,  54.794
1aun , A ,  208 ,  2.165 ,  0.056 ,  16.815
1ap8 , A ,  213 ,  0.662 ,  0.032 ,  26.493
1bkj , A ,  230 ,  1.591 ,  0.037 ,  19.267
1iu4 , A ,  331 ,  2.856 ,  0.046 ,  20.778
1b66 , A ,  138 ,  1.489 ,  0.037 ,  17.692
1ehk , A ,  544 ,  4.324 ,  0.053 ,  24.105
1aj3 , A ,  98 ,  1.066 ,  0.029 ,  35.178
1ame , A ,  66 ,  1.109 ,  0.065 ,  10.997
1c3q , A ,  284 ,  2.961 ,  0.062 ,  18.450
2nwt , A ,  69 ,  0.299 ,  0.002 ,  44.679
1ae9 , A ,  171 ,  1.997 ,  0.054 ,  16.478
1edx , A ,  40 ,  0.810 ,  0.065 ,  9.354
155c , A ,  134 ,  1.703 ,  0.055 ,  14.544
1di6 , A ,  183 ,  2.038 ,  0.058 ,  16.278
1jni , A ,  62 ,  0.652 ,  0.043 ,  12.259
1eni , A ,  137 ,  1.552 ,  0.043 ,  16.138
1a2a , A ,  122 ,  1.534 ,  0.053 ,  15.216
1y1e , X ,  272 ,  2.844 ,  0.060 ,  18.428
1d6g , A ,  47 ,  0.614 ,  0.034 ,  97.059
2o34 , A ,  241 ,  2.496 ,  0.053 ,  18.335
1af5 , A ,  126 ,  1.405 ,  0.045 ,  15.761
1iu3 , C ,  115 ,  1.447 ,  0.056 ,  15.689
1aho , A ,  66 ,  1.106 ,  0.065 ,  11.685
2iwm , A ,  334 ,  3.075 ,  0.048 ,  23.007
1an1 , I ,  40 ,  0.792 ,  0.068 ,  10.837
1drt , A ,  315 ,  2.891 ,  0.054 ,  18.841
1i5h , W ,  50 ,  0.645 ,  0.032 ,  14.227
1mvf , A ,  126 ,  1.641 ,  0.060 ,  13.614
1i51 , E ,  18 ,  0.266 ,  0.030 ,  10.373
1hp8 , A ,  68 ,  1.012 ,  0.046 ,  12.794
1h5p , A ,  95 ,  1.244 ,  0.055 ,  13.557
1j1v , A ,  92 ,  1.352 ,  0.061 ,  12.991
1kaf , A ,  108 ,  1.485 ,  0.059 ,  13.300
2nqw , A ,  96 ,  1.450 ,  0.065 ,  12.532
1xjh , A ,  62 ,  0.833 ,  0.040 ,  27.078
1jb7 , B ,  226 ,  1.255 ,  0.026 ,  23.290
1g3j , A ,  522 ,  2.667 ,  0.017 ,  35.188
1bk7 , A ,  190 ,  2.036 ,  0.050 ,  16.998
1f82 , A ,  424 ,  3.444 ,  0.045 ,  22.579
1wib , A ,  92 ,  0.713 ,  0.023 ,  18.336
1at3 , A ,  217 ,  2.424 ,  0.059 ,  16.812
1e5k , A ,  188 ,  2.157 ,  0.058 ,  16.138
1cmi , A ,  85 ,  1.310 ,  0.063 ,  13.013
1cmx , A ,  214 ,  2.347 ,  0.056 ,  17.663
1qw2 , A ,  97 ,  1.157 ,  0.046 ,  15.230
1pg6 , A ,  206 ,  2.031 ,  0.042 ,  19.359
1dtd , B ,  61 ,  1.033 ,  0.061 ,  13.691
1bm8 , A ,  99 ,  1.461 ,  0.063 ,  15.264
1a1t , A ,  55 ,  0.767 ,  0.036 ,  16.933
1ahq , A ,  133 ,  1.720 ,  0.057 ,  17.857
1hnr , A ,  47 ,  0.789 ,  0.050 ,  14.368
1fle , I ,  47 ,  0.756 ,  0.050 ,  13.213
1j0t , A ,  78 ,  1.191 ,  0.059 ,  19.482
4mt2 , A ,  61 ,  0.751 ,  0.034 ,  15.130
2odk , A ,  61 ,  0.618 ,  0.049 ,  12.258
1rv9 , A ,  242 ,  2.593 ,  0.059 ,  17.408
1jvr , A ,  137 ,  0.440 ,  0.007 ,  47.453
1b6e , A ,  121 ,  1.573 ,  0.057 ,  15.459
2atz , A ,  172 ,  1.901 ,  0.048 ,  16.551
1abv , A ,  105 ,  1.431 ,  0.056 ,  13.242
1gcc , A ,  63 ,  0.987 ,  0.051 ,  33.734
1dmg , A ,  172 ,  1.934 ,  0.050 ,  16.782
1aui , A ,  378 ,  2.986 ,  0.044 ,  23.880
1aml , A ,  40 ,  0.575 ,  0.025 ,  29.069
1ap9 , A ,  219 ,  2.177 ,  0.045 ,  18.486
1a0a , A ,  63 ,  0.521 ,  0.020 ,  17.648
1b9c , A ,  224 ,  2.352 ,  0.056 ,  17.451
1qhb , A ,  595 ,  4.123 ,  0.044 ,  26.230
1f75 , A ,  217 ,  1.685 ,  0.045 ,  18.555
1yoz , A ,  113 ,  1.345 ,  0.043 ,  14.930
1wn9 , A ,  123 ,  1.730 ,  0.063 ,  14.226
1l3a , A ,  166 ,  1.272 ,  0.034 ,  19.782
1o22 , A ,  146 ,  1.378 ,  0.025 ,  19.238
1is7 , K ,  84 ,  1.190 ,  0.055 ,  14.096
1eyu , A ,  156 ,  1.642 ,  0.037 ,  17.969
1ro7 , A ,  255 ,  2.590 ,  0.054 ,  18.009
2sic , E ,  275 ,  3.078 ,  0.071 ,  17.334
1qqh , A ,  144 ,  1.485 ,  0.039 ,  17.770
1xn8 , A ,  131 ,  1.317 ,  0.033 ,  19.322
1lg7 , A ,  163 ,  1.842 ,  0.052 ,  17.253
1q90 , B ,  212 ,  1.747 ,  0.029 ,  29.758
1b65 , A ,  363 ,  3.339 ,  0.055 ,  21.883
1t57 , A ,  179 ,  1.962 ,  0.056 ,  16.143
1a6f , A ,  113 ,  1.534 ,  0.059 ,  14.419
1xfh , A ,  405 ,  3.364 ,  0.047 ,  21.869
1i5j , A ,  67 ,  0.802 ,  0.022 ,  95.215
1ml9 , A ,  260 ,  2.465 ,  0.045 ,  19.788
1dqc , A ,  73 ,  0.961 ,  0.054 ,  12.833
1ihn , A ,  111 ,  1.602 ,  0.062 ,  13.826
1eo8 , B ,  175 ,  0.969 ,  0.013 ,  30.480
2gkp , A ,  178 ,  2.115 ,  0.057 ,  16.709
1aoo , A ,  40 ,  0.825 ,  0.070 ,  9.499
1t07 , A ,  78 ,  0.947 ,  0.039 ,  13.756
1ff3 , A ,  210 ,  2.338 ,  0.056 ,  17.190
2ooj , A ,  129 ,  1.275 ,  0.040 ,  15.971
1pv5 , A ,  263 ,  2.249 ,  0.047 ,  19.403
1a0k , A ,  130 ,  1.730 ,  0.064 ,  16.604
3ci0 , I ,  81 ,  1.075 ,  0.045 ,  13.883
1g13 , A ,  160 ,  1.682 ,  0.042 ,  17.331
1dj7 , A ,  109 ,  1.447 ,  0.055 ,  14.080
1b78 , A ,  184 ,  1.812 ,  0.044 ,  17.393
1a30 , A ,  99 ,  1.382 ,  0.053 ,  13.951
1f46 , A ,  139 ,  1.653 ,  0.050 ,  16.501
1i9b , A ,  205 ,  1.865 ,  0.038 ,  19.871
1xx7 , A ,  172 ,  1.951 ,  0.050 ,  19.036
1c5a , A ,  65 ,  1.074 ,  0.061 ,  38.916
1akz , A ,  223 ,  2.334 ,  0.054 ,  17.234
1ay9 , A ,  108 ,  1.232 ,  0.036 ,  17.203
1g72 , A ,  571 ,  4.809 ,  0.064 ,  22.030
1g24 , A ,  211 ,  2.122 ,  0.048 ,  19.198
1p32 , A ,  182 ,  1.351 ,  0.029 ,  21.065
1a44 , A ,  185 ,  2.189 ,  0.061 ,  15.465
1afr , A ,  345 ,  2.897 ,  0.045 ,  22.123
1aer , A ,  205 ,  2.067 ,  0.048 ,  18.870
1afh , A ,  93 ,  1.436 ,  0.070 ,  16.785
1rq6 , A ,  62 ,  0.923 ,  0.047 ,  12.324
1jos , A ,  102 ,  1.337 ,  0.050 ,  14.879
1fwq , A ,  115 ,  1.550 ,  0.055 ,  40.324
1nn4 , A ,  159 ,  1.912 ,  0.058 ,  16.026
1cfh , A ,  47 ,  0.592 ,  0.019 ,  14.581
1g7d , A ,  106 ,  1.425 ,  0.053 ,  13.770
1b4u , A ,  132 ,  1.318 ,  0.034 ,  17.943
1a0n , B ,  58 ,  1.070 ,  0.066 ,  17.765
1wid , A ,  117 ,  1.456 ,  0.044 ,  14.787
1erc , A ,  40 ,  0.804 ,  0.074 ,  9.216
1jad , A ,  235 ,  1.182 ,  0.007 ,  37.585
1gv8 , A ,  159 ,  1.994 ,  0.062 ,  15.502
1jbg , A ,  106 ,  0.678 ,  0.021 ,  20.210
1b2v , A ,  173 ,  1.952 ,  0.055 ,  15.589
2o8i , A ,  154 ,  1.612 ,  0.042 ,  17.954
1lkf , A ,  292 ,  2.260 ,  0.035 ,  23.963
1gd8 , A ,  105 ,  1.365 ,  0.047 ,  16.032
1a91 , A ,  79 ,  0.805 ,  0.020 ,  18.541
1a3a , A ,  145 ,  1.869 ,  0.065 ,  14.738
1fsi , A ,  179 ,  1.902 ,  0.045 ,  21.989
1gvm , A ,  127 ,  1.197 ,  0.025 ,  19.181
1f0j , A ,  351 ,  3.155 ,  0.052 ,  21.847
1m1p , A ,  87 ,  1.095 ,  0.039 ,  13.725
1qz4 , A ,  213 ,  2.361 ,  0.058 ,  17.007
1ahj , A ,  198 ,  0.970 ,  0.035 ,  21.659
1a22 , A ,  180 ,  1.883 ,  0.045 ,  22.321
1ck2 , A ,  104 ,  1.448 ,  0.064 ,  14.368
1hky , A ,  86 ,  0.702 ,  0.043 ,  27.510
1ow1 , A ,  167 ,  2.050 ,  0.056 ,  15.622
1aqa , A ,  84 ,  1.279 ,  0.060 ,  12.262
1kpt , A ,  105 ,  1.525 ,  0.065 ,  14.820
1dvo , A ,  152 ,  0.884 ,  0.018 ,  24.297
1e52 , A ,  56 ,  0.686 ,  0.024 ,  21.631
1fw2 , A ,  257 ,  2.472 ,  0.048 ,  19.536
1qgw , A ,  75 ,  0.613 ,  0.010 ,  20.592
1i49 , A ,  201 ,  1.247 ,  0.010 ,  31.404
1wmm , A ,  143 ,  1.762 ,  0.053 ,  15.333
1dl6 , A ,  58 ,  0.361 ,  0.016 ,  17.222
1jl0 , A ,  340 ,  3.372 ,  0.062 ,  19.126
1bg2 , A ,  323 ,  3.013 ,  0.051 ,  20.503
2ob5 , A ,  152 ,  1.988 ,  0.062 ,  14.760
1j3a , A ,  129 ,  1.611 ,  0.053 ,  14.849
1no5 , A ,  100 ,  1.425 ,  0.054 ,  13.435
1a5k , A ,  100 ,  1.321 ,  0.049 ,  21.901
1xly , A ,  224 ,  1.970 ,  0.037 ,  20.825
1c39 , A ,  152 ,  1.809 ,  0.052 ,  16.825
1bxy , A ,  60 ,  0.924 ,  0.060 ,  11.795
1gp8 , A ,  40 ,  0.598 ,  0.038 ,  11.365
1t62 , A ,  153 ,  1.656 ,  0.042 ,  20.510
2icu , A ,  207 ,  2.194 ,  0.057 ,  17.234
1u5u , A ,  366 ,  3.339 ,  0.053 ,  21.086
1om2 , A ,  95 ,  0.721 ,  0.025 ,  34.730
1e94 , A ,  174 ,  2.010 ,  0.059 ,  20.813
2hh8 , A ,  127 ,  1.622 ,  0.055 ,  14.132
1a1w , A ,  83 ,  1.272 ,  0.061 ,  12.272
1c4t , A ,  226 ,  2.326 ,  0.045 ,  23.592
1squ , A ,  152 ,  1.879 ,  0.057 ,  15.675
1bjp , A ,  62 ,  0.723 ,  0.026 ,  16.783
1a02 , F ,  53 ,  0.437 ,  0.007 ,  25.401
1mae , L ,  123 ,  1.593 ,  0.058 ,  19.546
1wij , A ,  127 ,  1.535 ,  0.048 ,  14.779
2jpq , A ,  83 ,  0.382 ,  0.020 ,  18.690
1s04 , A ,  110 ,  1.420 ,  0.053 ,  13.719
1k1v , A ,  41 ,  0.726 ,  0.051 ,  10.280
1by2 , A ,  112 ,  1.657 ,  0.070 ,  13.108
1aqc , A ,  121 ,  1.545 ,  0.050 ,  16.903
1af3 , A ,  145 ,  1.817 ,  0.057 ,  15.218
1s4k , A ,  115 ,  1.212 ,  0.034 ,  16.248
1a37 , A ,  195 ,  1.851 ,  0.041 ,  19.051
1a03 , A ,  90 ,  1.029 ,  0.039 ,  16.854
1a2k , A ,  124 ,  1.582 ,  0.049 ,  16.955
1ag2 , A ,  103 ,  1.352 ,  0.051 ,  13.697
2ijq , A ,  146 ,  1.865 ,  0.060 ,  14.667
1g4f , A ,  86 ,  1.095 ,  0.045 ,  13.982
1e0a , A ,  184 ,  1.960 ,  0.050 ,  17.384
1dlm , A ,  309 ,  1.980 ,  0.032 ,  25.532
2igs , A ,  220 ,  2.309 ,  0.052 ,  18.185
1duc , A ,  121 ,  1.101 ,  0.036 ,  17.762
2onk , A ,  240 ,  2.313 ,  0.046 ,  19.317
1ble , A ,  161 ,  1.869 ,  0.055 ,  17.149
12ca , A ,  255 ,  2.625 ,  0.056 ,  17.449
1mo7 , A ,  213 ,  2.307 ,  0.051 ,  17.224
2pv4 , A ,  146 ,  1.541 ,  0.044 ,  17.044
1a15 , A ,  67 ,  0.769 ,  0.037 ,  14.501
1p68 , A ,  102 ,  1.324 ,  0.053 ,  13.312
1ai9 , A ,  192 ,  2.068 ,  0.051 ,  16.736
1ako , A ,  268 ,  2.751 ,  0.059 ,  18.089
1e8o , A ,  74 ,  1.084 ,  0.049 ,  13.841
1wpn , A ,  197 ,  2.265 ,  0.064 ,  15.799
1j3l , A ,  163 ,  1.858 ,  0.059 ,  15.917
1e7p , C ,  254 ,  2.044 ,  0.029 ,  22.678
1aa2 , A ,  108 ,  1.555 ,  0.064 ,  12.778
1bct , A ,  69 ,  0.500 ,  0.006 ,  29.940
1nyn , A ,  111 ,  0.534 ,  0.030 ,  20.780
1ax3 , A ,  162 ,  2.040 ,  0.058 ,  15.046
1ar1 , A ,  529 ,  4.111 ,  0.052 ,  23.310
1bnk , A ,  200 ,  2.301 ,  0.060 ,  16.526
1sig , A ,  305 ,  2.154 ,  0.026 ,  30.910
1a3p , A ,  43 ,  0.715 ,  0.050 ,  18.242
1fs1 , A ,  41 ,  0.822 ,  0.062 ,  12.541
1dbu , A ,  150 ,  1.840 ,  0.059 ,  14.946
1kmx , A ,  55 ,  0.693 ,  0.026 ,  62.307
1n2m , A ,  163 ,  1.804 ,  0.049 ,  16.608
1a5r , A ,  103 ,  0.513 ,  0.024 ,  73.561
1cm2 , A ,  85 ,  1.297 ,  0.066 ,  12.136
1ajw , A ,  145 ,  1.561 ,  0.040 ,  16.631
1k6d , A ,  217 ,  2.278 ,  0.048 ,  18.051
1gyd , B ,  315 ,  3.174 ,  0.059 ,  20.388
1aiw , A ,  62 ,  1.043 ,  0.061 ,  10.940
1afc , A ,  127 ,  1.790 ,  0.068 ,  13.298
1ab1 , A ,  49 ,  0.891 ,  0.064 ,  16.253
1a07 , A ,  105 ,  1.429 ,  0.055 ,  24.806
1i3p , A ,  274 ,  2.465 ,  0.045 ,  19.835
1vr0 , A ,  229 ,  2.452 ,  0.061 ,  26.780
1aal , A ,  58 ,  0.924 ,  0.057 ,  14.149
2o5h , A ,  133 ,  1.672 ,  0.053 ,  15.020
1q60 , A ,  99 ,  1.239 ,  0.045 ,  14.722
1hyn , P ,  293 ,  2.869 ,  0.053 ,  21.727
1gef , A ,  120 ,  1.579 ,  0.055 ,  14.352
1bo9 , A ,  73 ,  1.192 ,  0.065 ,  11.124
16vp , A ,  311 ,  2.398 ,  0.033 ,  22.691
2guk , A ,  112 ,  1.315 ,  0.043 ,  19.014
1gu9 , A ,  170 ,  1.932 ,  0.049 ,  18.384
1axj , A ,  122 ,  1.436 ,  0.056 ,  13.656
1udz , A ,  179 ,  2.015 ,  0.055 ,  16.644
1b7b , A ,  307 ,  2.866 ,  0.052 ,  20.337
1a23 , A ,  189 ,  1.912 ,  0.047 ,  130.584
1t23 , A ,  93 ,  1.333 ,  0.065 ,  12.481
1pi1 , A ,  185 ,  2.029 ,  0.046 ,  17.351
1q7s , A ,  118 ,  1.572 ,  0.060 ,  15.813
1jo6 , A ,  45 ,  0.464 ,  0.013 ,  18.208
2hq4 , A ,  158 ,  1.732 ,  0.047 ,  16.474
1u4h , A ,  181 ,  1.868 ,  0.041 ,  17.556
1v30 , A ,  118 ,  1.516 ,  0.054 ,  14.507
1r0d , A ,  189 ,  1.765 ,  0.035 ,  19.966
2exe , A ,  264 ,  2.420 ,  0.049 ,  18.765
1yem , A ,  163 ,  1.758 ,  0.046 ,  19.986
1tvs , A ,  75 ,  0.781 ,  0.020 ,  55.931
1m21 , A ,  487 ,  4.191 ,  0.062 ,  22.257
1e8r , A ,  50 ,  0.905 ,  0.070 ,  10.166
1a28 , A ,  251 ,  2.488 ,  0.050 ,  19.388
1icf , I ,  65 ,  0.961 ,  0.047 ,  12.821
1l9l , A ,  74 ,  1.179 ,  0.061 ,  19.490
1trl , A ,  62 ,  0.973 ,  0.056 ,  11.611
1b9l , A ,  119 ,  1.342 ,  0.038 ,  16.507
1b75 , A ,  94 ,  1.247 ,  0.054 ,  13.858
1hjz , A ,  192 ,  2.290 ,  0.064 ,  16.061
1qa4 , A ,  56 ,  0.272 ,  0.002 ,  80.112
1bg8 , A ,  76 ,  1.189 ,  0.057 ,  13.173
1aw6 , A ,  43 ,  0.519 ,  0.044 ,  12.179
1f81 , A ,  87 ,  1.239 ,  0.047 ,  13.557
2fdo , A ,  89 ,  0.968 ,  0.024 ,  17.373
1a3s , A ,  158 ,  1.717 ,  0.045 ,  17.834
1cfe , A ,  135 ,  1.705 ,  0.058 ,  14.602
1xdq , A ,  262 ,  2.717 ,  0.057 ,  19.170
1e44 , A ,  84 ,  1.169 ,  0.050 ,  13.166
1iyr , A ,  83 ,  0.601 ,  0.035 ,  16.355
2etd , A ,  128 ,  1.314 ,  0.032 ,  18.559
1abt , A ,  74 ,  1.070 ,  0.051 ,  12.558
1d1n , A ,  99 ,  1.497 ,  0.066 ,  33.522
1x75 , A ,  127 ,  1.410 ,  0.044 ,  15.887
1ezr , A ,  312 ,  3.128 ,  0.060 ,  18.573
1sj7 , A ,  167 ,  1.676 ,  0.038 ,  19.903
1qhk , A ,  47 ,  0.889 ,  0.065 ,  10.421
1gh9 , A ,  71 ,  0.491 ,  0.035 ,  14.702
2ioj , A ,  117 ,  1.739 ,  0.071 ,  13.521
2o35 , A ,  80 ,  0.874 ,  0.036 ,  15.534
1jya , A ,  115 ,  1.361 ,  0.044 ,  15.150
1jju , B ,  339 ,  3.108 ,  0.053 ,  20.960
1a0r , B ,  339 ,  3.158 ,  0.053 ,  20.796
1jb0 , A ,  740 ,  4.402 ,  0.035 ,  34.275
1jj2 , 1 ,  46 ,  0.509 ,  0.022 ,  22.699
1c25 , A ,  161 ,  1.887 ,  0.051 ,  17.959
1k19 , A ,  112 ,  1.436 ,  0.052 ,  13.776
1cq3 , A ,  224 ,  2.317 ,  0.051 ,  18.736
1aab , A ,  83 ,  0.832 ,  0.027 ,  16.487
1b3u , A ,  588 ,  2.675 ,  0.013 ,  37.982
1lr0 , A ,  123 ,  0.989 ,  0.030 ,  18.763
1k8k , C ,  354 ,  3.254 ,  0.053 ,  21.587
1bvb , A ,  211 ,  2.073 ,  0.042 ,  24.328
1av5 , A ,  113 ,  1.480 ,  0.054 ,  15.672
1iiy , A ,  101 ,  1.272 ,  0.045 ,  216.729
1a6y , A ,  77 ,  1.099 ,  0.053 ,  12.817
1osx , A ,  26 ,  0.369 ,  0.046 ,  11.675
1duj , A ,  187 ,  2.036 ,  0.048 ,  32.364
1nyo , A ,  163 ,  2.013 ,  0.068 ,  13.996
1jjs , A ,  42 ,  0.730 ,  0.051 ,  10.244
1bt1 , A ,  336 ,  3.238 ,  0.058 ,  21.224
1ekj , A ,  210 ,  1.566 ,  0.037 ,  19.839
1a32 , A ,  85 ,  0.495 ,  0.021 ,  18.510
1a14 , H ,  111 ,  1.475 ,  0.056 ,  44.591
1kpk , A ,  450 ,  3.679 ,  0.051 ,  23.282
1nr3 , A ,  122 ,  1.566 ,  0.051 ,  14.556
1cl3 , A ,  138 ,  1.316 ,  0.035 ,  17.406
2g3w , A ,  175 ,  1.960 ,  0.053 ,  16.507
1ey1 , A ,  139 ,  1.621 ,  0.055 ,  100.447
1bvq , A ,  139 ,  1.443 ,  0.039 ,  17.252
1a5v , A ,  146 ,  1.600 ,  0.048 ,  17.347
2hg6 , A ,  106 ,  1.240 ,  0.040 ,  24.654
1kdx , A ,  81 ,  1.091 ,  0.042 ,  22.392
1lkt , A ,  104 ,  1.283 ,  0.045 ,  34.847
1wdj , A ,  186 ,  1.996 ,  0.055 ,  17.449
1mkc , A ,  43 ,  0.707 ,  0.060 ,  14.105
2fiy , A ,  285 ,  2.749 ,  0.053 ,  21.639
1d1r , A ,  83 ,  1.117 ,  0.048 ,  13.096
1hno , A ,  248 ,  2.560 ,  0.054 ,  19.135
11ba , A ,  131 ,  1.254 ,  0.029 ,  17.703
2p06 , A ,  82 ,  1.067 ,  0.039 ,  15.367
1ass , A ,  152 ,  1.048 ,  0.043 ,  17.732
1c3k , A ,  143 ,  1.801 ,  0.061 ,  14.952
1afv , A ,  151 ,  1.668 ,  0.043 ,  19.872
1az0 , A ,  237 ,  2.264 ,  0.039 ,  19.340
1ijx , A ,  125 ,  1.584 ,  0.051 ,  15.990
1bxi , A ,  83 ,  1.238 ,  0.056 ,  13.322
2iay , A ,  120 ,  1.481 ,  0.053 ,  14.762
1lpv , A ,  52 ,  0.626 ,  0.038 ,  25.386
1csm , A ,  252 ,  2.332 ,  0.041 ,  24.424
1a0s , P ,  413 ,  3.273 ,  0.042 ,  22.969
1q1l , A ,  331 ,  3.009 ,  0.047 ,  21.610
1qqv , A ,  67 ,  1.046 ,  0.054 ,  11.720
1b6f , A ,  159 ,  1.783 ,  0.046 ,  43.286
1aca , A ,  86 ,  1.249 ,  0.055 ,  20.782
1mwp , A ,  96 ,  1.354 ,  0.056 ,  13.650
1al0 , 1 ,  143 ,  1.782 ,  0.056 ,  20.645
1c8d , A ,  548 ,  3.464 ,  0.028 ,  30.656
1e68 , A ,  70 ,  1.166 ,  0.066 ,  10.786
1o8r , A ,  94 ,  1.350 ,  0.057 ,  17.372
1vqr , A ,  278 ,  2.555 ,  0.050 ,  19.488
121p , A ,  166 ,  2.074 ,  0.060 ,  15.347
1m9o , A ,  40 ,  0.588 ,  0.040 ,  59.488
1poi , B ,  260 ,  2.568 ,  0.053 ,  18.984
1j57 , A ,  143 ,  1.793 ,  0.050 ,  15.868
1jma , A ,  261 ,  2.576 ,  0.049 ,  19.720
2gr7 , A ,  101 ,  0.619 ,  0.016 ,  22.282
1ecm , A ,  91 ,  1.007 ,  0.025 ,  17.319
1dgp , A ,  290 ,  2.643 ,  0.046 ,  20.242
1c44 , A ,  123 ,  1.617 ,  0.057 ,  14.077
1olg , A ,  42 ,  0.530 ,  0.019 ,  18.536
1xrs , A ,  516 ,  3.964 ,  0.048 ,  26.096
1eo0 , A ,  77 ,  1.225 ,  0.065 ,  11.635
1a05 , A ,  357 ,  3.039 ,  0.050 ,  21.401
1x6m , A ,  196 ,  1.977 ,  0.046 ,  18.222
2qw6 , A ,  85 ,  1.309 ,  0.066 ,  11.945
1a7t , A ,  227 ,  2.400 ,  0.061 ,  17.335
1ghh , A ,  81 ,  1.134 ,  0.046 ,  12.850
2hqv , A ,  167 ,  1.580 ,  0.040 ,  17.858
1apj , A ,  74 ,  1.147 ,  0.065 ,  39.649
1k6k , A ,  142 ,  1.623 ,  0.051 ,  23.661
1adn , A ,  92 ,  0.628 ,  0.028 ,  17.108
1jfm , A ,  174 ,  1.858 ,  0.044 ,  20.761
1beg , A ,  98 ,  1.305 ,  0.048 ,  21.909
1i4s , A ,  147 ,  1.666 ,  0.050 ,  15.749
1hn6 , A ,  110 ,  0.451 ,  0.008 ,  35.464
1bs4 , A ,  168 ,  1.777 ,  0.052 ,  18.725
1agq , A ,  91 ,  0.898 ,  0.021 ,  18.962
1vf5 , A ,  202 ,  1.691 ,  0.030 ,  23.435
3h0n , A ,  192 ,  1.981 ,  0.047 ,  17.565
1jtk , A ,  131 ,  1.738 ,  0.058 ,  17.843
1vcc , A ,  77 ,  1.179 ,  0.055 ,  14.764
1tba , A ,  67 ,  0.909 ,  0.036 ,  23.259
1wvk , A ,  86 ,  0.578 ,  0.011 ,  22.051
1jrm , A ,  104 ,  1.574 ,  0.069 ,  19.495
1a4y , A ,  460 ,  3.057 ,  0.032 ,  25.290
1p4p , A ,  140 ,  1.570 ,  0.045 ,  16.544
1u77 , A ,  374 ,  3.542 ,  0.060 ,  20.557
1b2i , A ,  83 ,  1.268 ,  0.061 ,  11.952
1bpr , A ,  173 ,  1.927 ,  0.049 ,  17.208
1tk1 , A ,  221 ,  2.116 ,  0.041 ,  19.367
1eww , A ,  90 ,  1.368 ,  0.068 ,  55.518
1a39 , A ,  401 ,  3.374 ,  0.053 ,  21.103
1f08 , A ,  148 ,  1.862 ,  0.056 ,  15.302
1a1x , A ,  106 ,  1.450 ,  0.052 ,  14.789
1bh5 , A ,  177 ,  1.698 ,  0.032 ,  22.673
1bx7 , A ,  51 ,  0.700 ,  0.032 ,  15.638
1aa1 , C ,  123 ,  1.456 ,  0.041 ,  16.914
1co4 , A ,  42 ,  0.389 ,  0.039 ,  12.100
1pbj , A ,  121 ,  1.450 ,  0.051 ,  14.817
1nig , A ,  150 ,  1.598 ,  0.043 ,  16.850
1bam , A ,  200 ,  2.130 ,  0.052 ,  16.753
1eq6 , A ,  189 ,  2.102 ,  0.051 ,  17.174
1d0q , A ,  102 ,  1.185 ,  0.043 ,  15.174
1aq3 , A ,  129 ,  1.352 ,  0.028 ,  21.492
1auz , A ,  116 ,  1.585 ,  0.062 ,  12.909
1jk4 , A ,  79 ,  1.220 ,  0.067 ,  13.192
1aiq , A ,  263 ,  2.527 ,  0.050 ,  18.664
1te7 , A ,  103 ,  1.289 ,  0.055 ,  13.223
1bwd , A ,  348 ,  3.341 ,  0.060 ,  22.406
1c3p , A ,  372 ,  3.510 ,  0.060 ,  20.702
2b1y , A ,  102 ,  0.783 ,  0.012 ,  21.791
1b4b , A ,  71 ,  1.151 ,  0.064 ,  12.056
1cby , A ,  227 ,  2.251 ,  0.046 ,  19.353
1n0z , A ,  45 ,  0.575 ,  0.047 ,  11.269
1u89 , A ,  139 ,  1.469 ,  0.037 ,  17.291
2jlh , A ,  117 ,  1.543 ,  0.062 ,  13.699
1cc1 , L ,  487 ,  4.067 ,  0.055 ,  22.619
2hfq , A ,  85 ,  1.228 ,  0.054 ,  12.680
1qys , A ,  91 ,  1.304 ,  0.056 ,  12.434
1ekg , A ,  119 ,  1.532 ,  0.053 ,  14.169
1cqu , A ,  56 ,  0.633 ,  0.046 ,  13.062
1h0z , A ,  68 ,  0.618 ,  0.032 ,  20.992
1a68 , A ,  87 ,  1.232 ,  0.054 ,  12.734
1h3l , A ,  75 ,  1.060 ,  0.048 ,  13.511
1tlj , A ,  189 ,  1.644 ,  0.034 ,  20.216
1nwb , A ,  101 ,  1.410 ,  0.051 ,  13.586
1pc6 , A ,  141 ,  0.889 ,  0.021 ,  22.014
1mhd , A ,  123 ,  1.669 ,  0.059 ,  13.991
1s9u , A ,  198 ,  2.112 ,  0.050 ,  16.956
1rh5 , A ,  410 ,  3.390 ,  0.043 ,  23.637
1akd , A ,  405 ,  3.375 ,  0.048 ,  21.826
1ryk , A ,  69 ,  1.113 ,  0.057 ,  11.603
1okc , A ,  292 ,  2.565 ,  0.042 ,  20.402
1gpc , A ,  218 ,  1.599 ,  0.034 ,  25.760
1a6s , A ,  87 ,  1.382 ,  0.071 ,  11.593
1r44 , A ,  202 ,  2.264 ,  0.057 ,  16.253
1fqy , A ,  226 ,  2.369 ,  0.051 ,  18.317
1auu , A ,  55 ,  0.692 ,  0.052 ,  17.538
1r2m , A ,  72 ,  1.256 ,  0.077 ,  10.673
1jx7 , A ,  114 ,  1.554 ,  0.057 ,  16.532
1arq , A ,  53 ,  0.703 ,  0.027 ,  13.349
1buh , B ,  70 ,  0.991 ,  0.052 ,  12.208
1ev0 , A ,  58 ,  0.746 ,  0.028 ,  18.721
1hyw , A ,  58 ,  0.942 ,  0.058 ,  11.482
1d2t , A ,  222 ,  2.282 ,  0.053 ,  20.311
1lb4 , A ,  155 ,  1.619 ,  0.042 ,  16.663
1d8h , A ,  288 ,  2.098 ,  0.040 ,  22.063
1i1q , A ,  512 ,  4.111 ,  0.051 ,  25.439
1a0o , A ,  128 ,  1.744 ,  0.064 ,  13.784
1du2 , A ,  76 ,  0.810 ,  0.023 ,  18.021
1a19 , A ,  89 ,  1.285 ,  0.059 ,  15.992
1g2r , A ,  98 ,  1.403 ,  0.055 ,  13.402
1agm , A ,  470 ,  3.951 ,  0.058 ,  21.369
1cm5 , A ,  760 ,  5.278 ,  0.054 ,  29.605
1fqj , C ,  38 ,  0.628 ,  0.044 ,  14.308
1daq , A ,  71 ,  1.073 ,  0.058 ,  12.032
1kf6 , C ,  130 ,  1.118 ,  0.015 ,  23.696
1ckq , A ,  261 ,  1.805 ,  0.036 ,  21.477
1tdp , A ,  111 ,  1.517 ,  0.058 ,  13.363
1a34 , A ,  147 ,  0.540 ,  0.025 ,  65.609
2ikb , A ,  158 ,  1.679 ,  0.048 ,  18.263
1mog , A ,  67 ,  0.937 ,  0.041 ,  13.532
1a7x , A ,  107 ,  1.395 ,  0.054 ,  14.419
1l6e , A ,  45 ,  0.423 ,  0.024 ,  18.931
1gak , A ,  137 ,  1.491 ,  0.042 ,  17.128
1emw , A ,  88 ,  1.152 ,  0.046 ,  14.180
1a7w , A ,  68 ,  0.718 ,  0.023 ,  15.624
1njh , A ,  107 ,  1.402 ,  0.055 ,  13.576
1b9g , A ,  57 ,  1.032 ,  0.069 ,  10.117
1e0g , A ,  48 ,  0.856 ,  0.062 ,  10.450
2fi0 , A ,  79 ,  1.145 ,  0.061 ,  12.422
1o6a , A ,  89 ,  0.823 ,  0.026 ,  17.756
1hyk , A ,  46 ,  0.684 ,  0.052 ,  11.312
1fx3 , A ,  143 ,  1.370 ,  0.032 ,  20.962
1dd1 , A ,  221 ,  2.148 ,  0.047 ,  18.367
2i9x , A ,  81 ,  1.146 ,  0.043 ,  16.274
2hly , A ,  206 ,  2.241 ,  0.053 ,  17.433
117e , A ,  282 ,  2.829 ,  0.055 ,  19.020
1h1j , S ,  44 ,  0.726 ,  0.060 ,  32.528
1hq0 , A ,  295 ,  3.010 ,  0.061 ,  18.348
1fgp , A ,  70 ,  1.160 ,  0.065 ,  11.585
1dv0 , A ,  45 ,  0.847 ,  0.068 ,  31.904
2f6s , A ,  176 ,  2.115 ,  0.057 ,  16.200
1jsu , C ,  69 ,  0.501 ,  0.009 ,  21.869
2iaz , A ,  105 ,  0.954 ,  0.021 ,  18.470
1rfz , A ,  161 ,  1.899 ,  0.052 ,  16.356
1p88 , A ,  216 ,  2.426 ,  0.071 ,  15.430
1a92 , A ,  50 ,  0.464 ,  0.010 ,  21.162
1t50 , A ,  58 ,  0.927 ,  0.052 ,  11.236
1q6a , A ,  107 ,  1.311 ,  0.037 ,  18.673
1d0g , A ,  151 ,  1.528 ,  0.043 ,  17.531
1b69 , A ,  69 ,  0.906 ,  0.044 ,  15.689
2in5 , A ,  190 ,  1.914 ,  0.045 ,  17.583
1by1 , A ,  209 ,  1.808 ,  0.031 ,  20.607
1dcj , A ,  81 ,  1.290 ,  0.068 ,  11.497
1vpu , A ,  45 ,  0.872 ,  0.070 ,  31.418
1bcp , A ,  224 ,  2.305 ,  0.050 ,  18.408
1cw0 , A ,  155 ,  1.464 ,  0.044 ,  16.668
1lre , A ,  81 ,  1.025 ,  0.041 ,  13.724
1qhl , A ,  203 ,  2.284 ,  0.056 ,  16.778
1iie , A ,  75 ,  0.505 ,  0.017 ,  18.624
1vgg , A ,  159 ,  0.755 ,  0.041 ,  18.005
1fvl , A ,  70 ,  0.856 ,  0.032 ,  14.844
1aew , A ,  170 ,  1.614 ,  0.034 ,  19.031
1ay2 , A ,  157 ,  0.668 ,  0.030 ,  20.815
1huf , A ,  123 ,  1.639 ,  0.061 ,  14.386
1aa3 , A ,  63 ,  1.086 ,  0.063 ,  11.010
1sed , A ,  113 ,  1.171 ,  0.032 ,  18.076
1e91 , A ,  85 ,  0.898 ,  0.035 ,  14.848
1alq , A ,  259 ,  2.578 ,  0.057 ,  17.922
1hl6 , A ,  119 ,  0.666 ,  0.024 ,  20.452
2ic8 , A ,  182 ,  2.057 ,  0.054 ,  17.324
1gpq , A ,  127 ,  1.552 ,  0.059 ,  14.674
1j7g , A ,  144 ,  1.742 ,  0.053 ,  15.356
1aci , A ,  76 ,  1.051 ,  0.039 ,  13.688
1cwx , A ,  44 ,  0.396 ,  0.014 ,  16.412
1cop , D ,  66 ,  0.647 ,  0.040 ,  21.764
1ceu , A ,  51 ,  0.539 ,  0.017 ,  15.687
1c9q , A ,  117 ,  0.614 ,  0.022 ,  102.377
1a17 , A ,  159 ,  0.648 ,  0.016 ,  27.354
1co0 , A ,  105 ,  0.996 ,  0.027 ,  33.644
1hhn , A ,  101 ,  0.847 ,  0.016 ,  22.775
1exk , A ,  79 ,  0.848 ,  0.021 ,  26.096
1lsh , B ,  178 ,  1.535 ,  0.025 ,  23.007
1o65 , A ,  218 ,  2.345 ,  0.052 ,  20.489
1agg , A ,  48 ,  0.773 ,  0.059 ,  12.540
1h7d , A ,  49 ,  0.395 ,  0.007 ,  26.234
1bbi , A ,  71 ,  0.846 ,  0.038 ,  14.139
1f6v , A ,  91 ,  1.241 ,  0.046 ,  15.971
1a4h , A ,  214 ,  2.292 ,  0.051 ,  17.204
1mkn , A ,  59 ,  0.817 ,  0.037 ,  21.148
1avq , A ,  228 ,  2.224 ,  0.046 ,  25.397
1nc7 , A ,  113 ,  1.370 ,  0.044 ,  15.399
1b1u , A ,  117 ,  1.605 ,  0.059 ,  13.388
1ahl , A ,  49 ,  0.703 ,  0.058 ,  10.797
1bgf , A ,  124 ,  1.220 ,  0.044 ,  16.667
1dmw , A ,  307 ,  3.008 ,  0.055 ,  18.967
1ryl , A ,  157 ,  1.793 ,  0.051 ,  16.324
1eik , A ,  77 ,  0.778 ,  0.039 ,  14.245
1aom , A ,  439 ,  3.815 ,  0.056 ,  21.286
1iwl , A ,  177 ,  1.879 ,  0.053 ,  16.297
102l , A ,  162 ,  1.543 ,  0.044 ,  16.925
1b79 , A ,  102 ,  1.478 ,  0.064 ,  13.099
1fre , A ,  39 ,  0.506 ,  0.067 ,  9.326
1iq4 , A ,  179 ,  1.779 ,  0.040 ,  18.014
1a0c , A ,  437 ,  2.561 ,  0.040 ,  25.261
1acb , I ,  63 ,  1.028 ,  0.056 ,  11.445
1bxe , A ,  108 ,  0.955 ,  0.033 ,  17.902
1dzu , P ,  209 ,  2.188 ,  0.053 ,  18.421
1lmz , A ,  187 ,  1.909 ,  0.041 ,  18.362
2icg , A ,  161 ,  1.993 ,  0.058 ,  15.145
2q22 , A ,  129 ,  1.652 ,  0.054 ,  14.838
2gjv , A ,  136 ,  1.390 ,  0.040 ,  18.739
1dev , A ,  194 ,  1.970 ,  0.049 ,  20.683
1l7v , A ,  313 ,  2.960 ,  0.050 ,  23.183
1gd5 , A ,  130 ,  1.567 ,  0.043 ,  29.595
1nxh , A ,  119 ,  1.085 ,  0.025 ,  19.361
1ah7 , A ,  245 ,  2.557 ,  0.055 ,  18.445
1ccd , A ,  77 ,  0.784 ,  0.033 ,  14.804
1avv , A ,  99 ,  1.363 ,  0.053 ,  16.195
1j8b , A ,  88 ,  0.896 ,  0.023 ,  18.555
1fd3 , A ,  41 ,  0.808 ,  0.075 ,  10.486
2psb , A ,  287 ,  2.896 ,  0.057 ,  18.983
1a7h , A ,  86 ,  1.240 ,  0.069 ,  16.401
1a0b , A ,  117 ,  1.380 ,  0.046 ,  16.898
1a43 , A ,  72 ,  1.050 ,  0.056 ,  12.073
1g8q , A ,  90 ,  0.991 ,  0.052 ,  13.983
1e8p , A ,  46 ,  0.927 ,  0.073 ,  9.447
1erz , A ,  303 ,  3.004 ,  0.056 ,  21.178
